district_id,election_id,election_year,party_group_id,second_vote_share_percent,value_status,source_dataset
01001,BTW2017,2017,party_group_cdu_csu,27.2,reported,AI005
01001,BTW2017,2017,party_group_spd,24.6,reported,AI005
01001,BTW2017,2017,party_group_fdp,10.3,reported,AI005
01001,BTW2017,2017,party_group_greens,15.1,reported,AI005
01001,BTW2017,2017,party_group_left,11.6,reported,AI005
01001,BTW2017,2017,party_group_afd,7.5,reported,AI005
01002,BTW2017,2017,party_group_cdu_csu,25.9,reported,AI005
01002,BTW2017,2017,party_group_spd,24.1,reported,AI005
01002,BTW2017,2017,party_group_fdp,11.4,reported,AI005
01002,BTW2017,2017,party_group_greens,17.5,reported,AI005
01002,BTW2017,2017,party_group_left,10.7,reported,AI005
01002,BTW2017,2017,party_group_afd,6.9,reported,AI005
01003,BTW2017,2017,party_group_cdu_csu,28.9,reported,AI005
01003,BTW2017,2017,party_group_spd,25.5,reported,AI005
01003,BTW2017,2017,party_group_fdp,10.7,reported,AI005
01003,BTW2017,2017,party_group_greens,12.9,reported,AI005
01003,BTW2017,2017,party_group_left,9.7,reported,AI005
01003,BTW2017,2017,party_group_afd,8.9,reported,AI005
01004,BTW2017,2017,party_group_cdu_csu,31.1,reported,AI005
01004,BTW2017,2017,party_group_spd,25.7,reported,AI005
01004,BTW2017,2017,party_group_fdp,12.1,reported,AI005
01004,BTW2017,2017,party_group_greens,10.5,reported,AI005
01004,BTW2017,2017,party_group_left,7.1,reported,AI005
01004,BTW2017,2017,party_group_afd,10.3,reported,AI005
01051,BTW2017,2017,party_group_cdu_csu,36.7,reported,AI005
01051,BTW2017,2017,party_group_spd,23.4,reported,AI005
01051,BTW2017,2017,party_group_fdp,14.6,reported,AI005
01051,BTW2017,2017,party_group_greens,8.0,reported,AI005
01051,BTW2017,2017,party_group_left,6.2,reported,AI005
01051,BTW2017,2017,party_group_afd,8.6,reported,AI005
01053,BTW2017,2017,party_group_cdu_csu,34.2,reported,AI005
01053,BTW2017,2017,party_group_spd,23.0,reported,AI005
01053,BTW2017,2017,party_group_fdp,12.8,reported,AI005
01053,BTW2017,2017,party_group_greens,10.5,reported,AI005
01053,BTW2017,2017,party_group_left,6.6,reported,AI005
01053,BTW2017,2017,party_group_afd,10.2,reported,AI005
01054,BTW2017,2017,party_group_cdu_csu,38.7,reported,AI005
01054,BTW2017,2017,party_group_spd,22.2,reported,AI005
01054,BTW2017,2017,party_group_fdp,12.6,reported,AI005
01054,BTW2017,2017,party_group_greens,12.1,reported,AI005
01054,BTW2017,2017,party_group_left,6.3,reported,AI005
01054,BTW2017,2017,party_group_afd,5.8,reported,AI005
01055,BTW2017,2017,party_group_cdu_csu,35.6,reported,AI005
01055,BTW2017,2017,party_group_spd,24.8,reported,AI005
01055,BTW2017,2017,party_group_fdp,13.3,reported,AI005
01055,BTW2017,2017,party_group_greens,9.7,reported,AI005
01055,BTW2017,2017,party_group_left,6.0,reported,AI005
01055,BTW2017,2017,party_group_afd,8.5,reported,AI005
01056,BTW2017,2017,party_group_cdu_csu,34.3,reported,AI005
01056,BTW2017,2017,party_group_spd,22.9,reported,AI005
01056,BTW2017,2017,party_group_fdp,13.3,reported,AI005
01056,BTW2017,2017,party_group_greens,11.4,reported,AI005
01056,BTW2017,2017,party_group_left,7.0,reported,AI005
01056,BTW2017,2017,party_group_afd,8.6,reported,AI005
01057,BTW2017,2017,party_group_cdu_csu,34.2,reported,AI005
01057,BTW2017,2017,party_group_spd,23.2,reported,AI005
01057,BTW2017,2017,party_group_fdp,12.8,reported,AI005
01057,BTW2017,2017,party_group_greens,13.6,reported,AI005
01057,BTW2017,2017,party_group_left,6.3,reported,AI005
01057,BTW2017,2017,party_group_afd,7.7,reported,AI005
01058,BTW2017,2017,party_group_cdu_csu,36.1,reported,AI005
01058,BTW2017,2017,party_group_spd,22.7,reported,AI005
01058,BTW2017,2017,party_group_fdp,12.4,reported,AI005
01058,BTW2017,2017,party_group_greens,12.6,reported,AI005
01058,BTW2017,2017,party_group_left,6.3,reported,AI005
01058,BTW2017,2017,party_group_afd,7.3,reported,AI005
01059,BTW2017,2017,party_group_cdu_csu,37.1,reported,AI005
01059,BTW2017,2017,party_group_spd,23.3,reported,AI005
01059,BTW2017,2017,party_group_fdp,11.5,reported,AI005
01059,BTW2017,2017,party_group_greens,12.3,reported,AI005
01059,BTW2017,2017,party_group_left,6.9,reported,AI005
01059,BTW2017,2017,party_group_afd,6.6,reported,AI005
01060,BTW2017,2017,party_group_cdu_csu,35.2,reported,AI005
01060,BTW2017,2017,party_group_spd,22.2,reported,AI005
01060,BTW2017,2017,party_group_fdp,13.5,reported,AI005
01060,BTW2017,2017,party_group_greens,10.5,reported,AI005
01060,BTW2017,2017,party_group_left,6.8,reported,AI005
01060,BTW2017,2017,party_group_afd,9.0,reported,AI005
01061,BTW2017,2017,party_group_cdu_csu,36.1,reported,AI005
01061,BTW2017,2017,party_group_spd,23.0,reported,AI005
01061,BTW2017,2017,party_group_fdp,12.3,reported,AI005
01061,BTW2017,2017,party_group_greens,10.6,reported,AI005
01061,BTW2017,2017,party_group_left,7.0,reported,AI005
01061,BTW2017,2017,party_group_afd,8.2,reported,AI005
01062,BTW2017,2017,party_group_cdu_csu,34.6,reported,AI005
01062,BTW2017,2017,party_group_spd,21.7,reported,AI005
01062,BTW2017,2017,party_group_fdp,14.0,reported,AI005
01062,BTW2017,2017,party_group_greens,11.7,reported,AI005
01062,BTW2017,2017,party_group_left,6.5,reported,AI005
01062,BTW2017,2017,party_group_afd,9.1,reported,AI005
02000,BTW2017,2017,party_group_cdu_csu,27.2,reported,AI005
02000,BTW2017,2017,party_group_spd,23.5,reported,AI005
02000,BTW2017,2017,party_group_fdp,10.8,reported,AI005
02000,BTW2017,2017,party_group_greens,13.9,reported,AI005
02000,BTW2017,2017,party_group_left,12.2,reported,AI005
02000,BTW2017,2017,party_group_afd,7.8,reported,AI005
03101,BTW2017,2017,party_group_cdu_csu,29.0,reported,AI005
03101,BTW2017,2017,party_group_spd,26.4,reported,AI005
03101,BTW2017,2017,party_group_fdp,10.0,reported,AI005
03101,BTW2017,2017,party_group_greens,11.8,reported,AI005
03101,BTW2017,2017,party_group_left,9.3,reported,AI005
03101,BTW2017,2017,party_group_afd,8.4,reported,AI005
03102,BTW2017,2017,party_group_cdu_csu,26.0,reported,AI005
03102,BTW2017,2017,party_group_spd,33.6,reported,AI005
03102,BTW2017,2017,party_group_fdp,6.6,reported,AI005
03102,BTW2017,2017,party_group_greens,4.8,reported,AI005
03102,BTW2017,2017,party_group_left,8.2,reported,AI005
03102,BTW2017,2017,party_group_afd,16.4,reported,AI005
03103,BTW2017,2017,party_group_cdu_csu,34.1,reported,AI005
03103,BTW2017,2017,party_group_spd,28.9,reported,AI005
03103,BTW2017,2017,party_group_fdp,8.3,reported,AI005
03103,BTW2017,2017,party_group_greens,6.2,reported,AI005
03103,BTW2017,2017,party_group_left,7.2,reported,AI005
03103,BTW2017,2017,party_group_afd,11.7,reported,AI005
03151,BTW2017,2017,party_group_cdu_csu,36.2,reported,AI005
03151,BTW2017,2017,party_group_spd,27.3,reported,AI005
03151,BTW2017,2017,party_group_fdp,8.7,reported,AI005
03151,BTW2017,2017,party_group_greens,7.1,reported,AI005
03151,BTW2017,2017,party_group_left,5.9,reported,AI005
03151,BTW2017,2017,party_group_afd,11.4,reported,AI005
03153,BTW2017,2017,party_group_cdu_csu,31.1,reported,AI005
03153,BTW2017,2017,party_group_spd,31.8,reported,AI005
03153,BTW2017,2017,party_group_fdp,9.1,reported,AI005
03153,BTW2017,2017,party_group_greens,6.2,reported,AI005
03153,BTW2017,2017,party_group_left,7.0,reported,AI005
03153,BTW2017,2017,party_group_afd,11.1,reported,AI005
03154,BTW2017,2017,party_group_cdu_csu,34.8,reported,AI005
03154,BTW2017,2017,party_group_spd,31.2,reported,AI005
03154,BTW2017,2017,party_group_fdp,7.9,reported,AI005
03154,BTW2017,2017,party_group_greens,5.8,reported,AI005
03154,BTW2017,2017,party_group_left,6.3,reported,AI005
03154,BTW2017,2017,party_group_afd,9.9,reported,AI005
03155,BTW2017,2017,party_group_cdu_csu,32.5,reported,AI005
03155,BTW2017,2017,party_group_spd,33.3,reported,AI005
03155,BTW2017,2017,party_group_fdp,8.8,reported,AI005
03155,BTW2017,2017,party_group_greens,6.8,reported,AI005
03155,BTW2017,2017,party_group_left,5.7,reported,AI005
03155,BTW2017,2017,party_group_afd,9.5,reported,AI005
03157,BTW2017,2017,party_group_cdu_csu,31.0,reported,AI005
03157,BTW2017,2017,party_group_spd,33.9,reported,AI005
03157,BTW2017,2017,party_group_fdp,7.8,reported,AI005
03157,BTW2017,2017,party_group_greens,7.1,reported,AI005
03157,BTW2017,2017,party_group_left,6.1,reported,AI005
03157,BTW2017,2017,party_group_afd,10.3,reported,AI005
03158,BTW2017,2017,party_group_cdu_csu,31.5,reported,AI005
03158,BTW2017,2017,party_group_spd,30.4,reported,AI005
03158,BTW2017,2017,party_group_fdp,9.1,reported,AI005
03158,BTW2017,2017,party_group_greens,8.1,reported,AI005
03158,BTW2017,2017,party_group_left,7.1,reported,AI005
03158,BTW2017,2017,party_group_afd,9.9,reported,AI005
03159,BTW2017,2017,party_group_cdu_csu,30.5,reported,AI005
03159,BTW2017,2017,party_group_spd,29.1,reported,AI005
03159,BTW2017,2017,party_group_fdp,9.0,reported,AI005
03159,BTW2017,2017,party_group_greens,10.9,reported,AI005
03159,BTW2017,2017,party_group_left,8.3,reported,AI005
03159,BTW2017,2017,party_group_afd,8.1,reported,AI005
03241,BTW2017,2017,party_group_cdu_csu,29.9,reported,AI005
03241,BTW2017,2017,party_group_spd,27.5,reported,AI005
03241,BTW2017,2017,party_group_fdp,10.0,reported,AI005
03241,BTW2017,2017,party_group_greens,10.6,reported,AI005
03241,BTW2017,2017,party_group_left,8.2,reported,AI005
03241,BTW2017,2017,party_group_afd,9.4,reported,AI005
03251,BTW2017,2017,party_group_cdu_csu,37.7,reported,AI005
03251,BTW2017,2017,party_group_spd,25.4,reported,AI005
03251,BTW2017,2017,party_group_fdp,10.7,reported,AI005
03251,BTW2017,2017,party_group_greens,8.2,reported,AI005
03251,BTW2017,2017,party_group_left,6.2,reported,AI005
03251,BTW2017,2017,party_group_afd,8.4,reported,AI005
03252,BTW2017,2017,party_group_cdu_csu,32.6,reported,AI005
03252,BTW2017,2017,party_group_spd,30.3,reported,AI005
03252,BTW2017,2017,party_group_fdp,8.6,reported,AI005
03252,BTW2017,2017,party_group_greens,7.6,reported,AI005
03252,BTW2017,2017,party_group_left,7.3,reported,AI005
03252,BTW2017,2017,party_group_afd,10.5,reported,AI005
03254,BTW2017,2017,party_group_cdu_csu,32.6,reported,AI005
03254,BTW2017,2017,party_group_spd,30.9,reported,AI005
03254,BTW2017,2017,party_group_fdp,8.2,reported,AI005
03254,BTW2017,2017,party_group_greens,8.8,reported,AI005
03254,BTW2017,2017,party_group_left,6.5,reported,AI005
03254,BTW2017,2017,party_group_afd,9.3,reported,AI005
03255,BTW2017,2017,party_group_cdu_csu,31.1,reported,AI005
03255,BTW2017,2017,party_group_spd,34.0,reported,AI005
03255,BTW2017,2017,party_group_fdp,10.2,reported,AI005
03255,BTW2017,2017,party_group_greens,6.7,reported,AI005
03255,BTW2017,2017,party_group_left,5.4,reported,AI005
03255,BTW2017,2017,party_group_afd,9.6,reported,AI005
03256,BTW2017,2017,party_group_cdu_csu,37.4,reported,AI005
03256,BTW2017,2017,party_group_spd,27.9,reported,AI005
03256,BTW2017,2017,party_group_fdp,8.5,reported,AI005
03256,BTW2017,2017,party_group_greens,8.1,reported,AI005
03256,BTW2017,2017,party_group_left,5.2,reported,AI005
03256,BTW2017,2017,party_group_afd,9.8,reported,AI005
03257,BTW2017,2017,party_group_cdu_csu,33.0,reported,AI005
03257,BTW2017,2017,party_group_spd,30.4,reported,AI005
03257,BTW2017,2017,party_group_fdp,8.7,reported,AI005
03257,BTW2017,2017,party_group_greens,8.1,reported,AI005
03257,BTW2017,2017,party_group_left,5.9,reported,AI005
03257,BTW2017,2017,party_group_afd,10.3,reported,AI005
03351,BTW2017,2017,party_group_cdu_csu,37.0,reported,AI005
03351,BTW2017,2017,party_group_spd,24.2,reported,AI005
03351,BTW2017,2017,party_group_fdp,10.8,reported,AI005
03351,BTW2017,2017,party_group_greens,7.2,reported,AI005
03351,BTW2017,2017,party_group_left,5.5,reported,AI005
03351,BTW2017,2017,party_group_afd,11.7,reported,AI005
03352,BTW2017,2017,party_group_cdu_csu,38.0,reported,AI005
03352,BTW2017,2017,party_group_spd,27.8,reported,AI005
03352,BTW2017,2017,party_group_fdp,8.1,reported,AI005
03352,BTW2017,2017,party_group_greens,7.0,reported,AI005
03352,BTW2017,2017,party_group_left,6.8,reported,AI005
03352,BTW2017,2017,party_group_afd,8.9,reported,AI005
03353,BTW2017,2017,party_group_cdu_csu,35.9,reported,AI005
03353,BTW2017,2017,party_group_spd,22.0,reported,AI005
03353,BTW2017,2017,party_group_fdp,11.7,reported,AI005
03353,BTW2017,2017,party_group_greens,10.2,reported,AI005
03353,BTW2017,2017,party_group_left,6.3,reported,AI005
03353,BTW2017,2017,party_group_afd,10.0,reported,AI005
03354,BTW2017,2017,party_group_cdu_csu,32.9,reported,AI005
03354,BTW2017,2017,party_group_spd,24.1,reported,AI005
03354,BTW2017,2017,party_group_fdp,7.7,reported,AI005
03354,BTW2017,2017,party_group_greens,13.3,reported,AI005
03354,BTW2017,2017,party_group_left,9.8,reported,AI005
03354,BTW2017,2017,party_group_afd,7.8,reported,AI005
03355,BTW2017,2017,party_group_cdu_csu,30.9,reported,AI005
03355,BTW2017,2017,party_group_spd,23.3,reported,AI005
03355,BTW2017,2017,party_group_fdp,9.6,reported,AI005
03355,BTW2017,2017,party_group_greens,13.5,reported,AI005
03355,BTW2017,2017,party_group_left,8.9,reported,AI005
03355,BTW2017,2017,party_group_afd,9.2,reported,AI005
03356,BTW2017,2017,party_group_cdu_csu,34.3,reported,AI005
03356,BTW2017,2017,party_group_spd,26.9,reported,AI005
03356,BTW2017,2017,party_group_fdp,8.6,reported,AI005
03356,BTW2017,2017,party_group_greens,9.0,reported,AI005
03356,BTW2017,2017,party_group_left,8.2,reported,AI005
03356,BTW2017,2017,party_group_afd,9.6,reported,AI005
03357,BTW2017,2017,party_group_cdu_csu,41.0,reported,AI005
03357,BTW2017,2017,party_group_spd,25.0,reported,AI005
03357,BTW2017,2017,party_group_fdp,8.6,reported,AI005
03357,BTW2017,2017,party_group_greens,8.0,reported,AI005
03357,BTW2017,2017,party_group_left,5.8,reported,AI005
03357,BTW2017,2017,party_group_afd,8.1,reported,AI005
03358,BTW2017,2017,party_group_cdu_csu,37.7,reported,AI005
03358,BTW2017,2017,party_group_spd,28.1,reported,AI005
03358,BTW2017,2017,party_group_fdp,8.3,reported,AI005
03358,BTW2017,2017,party_group_greens,7.3,reported,AI005
03358,BTW2017,2017,party_group_left,5.5,reported,AI005
03358,BTW2017,2017,party_group_afd,9.7,reported,AI005
03359,BTW2017,2017,party_group_cdu_csu,37.2,reported,AI005
03359,BTW2017,2017,party_group_spd,24.9,reported,AI005
03359,BTW2017,2017,party_group_fdp,9.9,reported,AI005
03359,BTW2017,2017,party_group_greens,8.4,reported,AI005
03359,BTW2017,2017,party_group_left,6.5,reported,AI005
03359,BTW2017,2017,party_group_afd,9.5,reported,AI005
03360,BTW2017,2017,party_group_cdu_csu,35.8,reported,AI005
03360,BTW2017,2017,party_group_spd,27.6,reported,AI005
03360,BTW2017,2017,party_group_fdp,8.9,reported,AI005
03360,BTW2017,2017,party_group_greens,8.7,reported,AI005
03360,BTW2017,2017,party_group_left,6.4,reported,AI005
03360,BTW2017,2017,party_group_afd,9.4,reported,AI005
03361,BTW2017,2017,party_group_cdu_csu,35.5,reported,AI005
03361,BTW2017,2017,party_group_spd,26.0,reported,AI005
03361,BTW2017,2017,party_group_fdp,9.1,reported,AI005
03361,BTW2017,2017,party_group_greens,9.5,reported,AI005
03361,BTW2017,2017,party_group_left,6.5,reported,AI005
03361,BTW2017,2017,party_group_afd,9.7,reported,AI005
03401,BTW2017,2017,party_group_cdu_csu,30.6,reported,AI005
03401,BTW2017,2017,party_group_spd,29.5,reported,AI005
03401,BTW2017,2017,party_group_fdp,8.4,reported,AI005
03401,BTW2017,2017,party_group_greens,6.6,reported,AI005
03401,BTW2017,2017,party_group_left,7.9,reported,AI005
03401,BTW2017,2017,party_group_afd,13.1,reported,AI005
03402,BTW2017,2017,party_group_cdu_csu,22.5,reported,AI005
03402,BTW2017,2017,party_group_spd,38.2,reported,AI005
03402,BTW2017,2017,party_group_fdp,7.1,reported,AI005
03402,BTW2017,2017,party_group_greens,8.5,reported,AI005
03402,BTW2017,2017,party_group_left,10.0,reported,AI005
03402,BTW2017,2017,party_group_afd,10.0,reported,AI005
03403,BTW2017,2017,party_group_cdu_csu,26.9,reported,AI005
03403,BTW2017,2017,party_group_spd,25.6,reported,AI005
03403,BTW2017,2017,party_group_fdp,9.5,reported,AI005
03403,BTW2017,2017,party_group_greens,15.1,reported,AI005
03403,BTW2017,2017,party_group_left,11.6,reported,AI005
03403,BTW2017,2017,party_group_afd,6.7,reported,AI005
03404,BTW2017,2017,party_group_cdu_csu,32.0,reported,AI005
03404,BTW2017,2017,party_group_spd,24.0,reported,AI005
03404,BTW2017,2017,party_group_fdp,10.0,reported,AI005
03404,BTW2017,2017,party_group_greens,14.1,reported,AI005
03404,BTW2017,2017,party_group_left,9.9,reported,AI005
03404,BTW2017,2017,party_group_afd,6.2,reported,AI005
03405,BTW2017,2017,party_group_cdu_csu,29.9,reported,AI005
03405,BTW2017,2017,party_group_spd,30.0,reported,AI005
03405,BTW2017,2017,party_group_fdp,9.0,reported,AI005
03405,BTW2017,2017,party_group_greens,7.2,reported,AI005
03405,BTW2017,2017,party_group_left,8.7,reported,AI005
03405,BTW2017,2017,party_group_afd,10.6,reported,AI005
03451,BTW2017,2017,party_group_cdu_csu,35.4,reported,AI005
03451,BTW2017,2017,party_group_spd,26.6,reported,AI005
03451,BTW2017,2017,party_group_fdp,11.5,reported,AI005
03451,BTW2017,2017,party_group_greens,9.0,reported,AI005
03451,BTW2017,2017,party_group_left,6.4,reported,AI005
03451,BTW2017,2017,party_group_afd,7.9,reported,AI005
03452,BTW2017,2017,party_group_cdu_csu,29.4,reported,AI005
03452,BTW2017,2017,party_group_spd,37.7,reported,AI005
03452,BTW2017,2017,party_group_fdp,7.2,reported,AI005
03452,BTW2017,2017,party_group_greens,7.2,reported,AI005
03452,BTW2017,2017,party_group_left,6.5,reported,AI005
03452,BTW2017,2017,party_group_afd,8.9,reported,AI005
03453,BTW2017,2017,party_group_cdu_csu,52.5,reported,AI005
03453,BTW2017,2017,party_group_spd,18.6,reported,AI005
03453,BTW2017,2017,party_group_fdp,8.8,reported,AI005
03453,BTW2017,2017,party_group_greens,4.4,reported,AI005
03453,BTW2017,2017,party_group_left,4.6,reported,AI005
03453,BTW2017,2017,party_group_afd,9.1,reported,AI005
03454,BTW2017,2017,party_group_cdu_csu,52.6,reported,AI005
03454,BTW2017,2017,party_group_spd,20.3,reported,AI005
03454,BTW2017,2017,party_group_fdp,8.9,reported,AI005
03454,BTW2017,2017,party_group_greens,5.5,reported,AI005
03454,BTW2017,2017,party_group_left,4.4,reported,AI005
03454,BTW2017,2017,party_group_afd,6.3,reported,AI005
03455,BTW2017,2017,party_group_cdu_csu,33.0,reported,AI005
03455,BTW2017,2017,party_group_spd,30.6,reported,AI005
03455,BTW2017,2017,party_group_fdp,10.1,reported,AI005
03455,BTW2017,2017,party_group_greens,7.9,reported,AI005
03455,BTW2017,2017,party_group_left,6.7,reported,AI005
03455,BTW2017,2017,party_group_afd,8.2,reported,AI005
03456,BTW2017,2017,party_group_cdu_csu,44.7,reported,AI005
03456,BTW2017,2017,party_group_spd,28.0,reported,AI005
03456,BTW2017,2017,party_group_fdp,8.9,reported,AI005
03456,BTW2017,2017,party_group_greens,6.2,reported,AI005
03456,BTW2017,2017,party_group_left,4.8,reported,AI005
03456,BTW2017,2017,party_group_afd,5.3,reported,AI005
03457,BTW2017,2017,party_group_cdu_csu,34.2,reported,AI005
03457,BTW2017,2017,party_group_spd,33.5,reported,AI005
03457,BTW2017,2017,party_group_fdp,7.1,reported,AI005
03457,BTW2017,2017,party_group_greens,6.7,reported,AI005
03457,BTW2017,2017,party_group_left,6.2,reported,AI005
03457,BTW2017,2017,party_group_afd,9.2,reported,AI005
03458,BTW2017,2017,party_group_cdu_csu,35.3,reported,AI005
03458,BTW2017,2017,party_group_spd,25.0,reported,AI005
03458,BTW2017,2017,party_group_fdp,11.6,reported,AI005
03458,BTW2017,2017,party_group_greens,9.0,reported,AI005
03458,BTW2017,2017,party_group_left,6.6,reported,AI005
03458,BTW2017,2017,party_group_afd,8.9,reported,AI005
03459,BTW2017,2017,party_group_cdu_csu,40.8,reported,AI005
03459,BTW2017,2017,party_group_spd,25.7,reported,AI005
03459,BTW2017,2017,party_group_fdp,9.4,reported,AI005
03459,BTW2017,2017,party_group_greens,8.4,reported,AI005
03459,BTW2017,2017,party_group_left,6.1,reported,AI005
03459,BTW2017,2017,party_group_afd,7.0,reported,AI005
03460,BTW2017,2017,party_group_cdu_csu,53.8,reported,AI005
03460,BTW2017,2017,party_group_spd,16.8,reported,AI005
03460,BTW2017,2017,party_group_fdp,10.1,reported,AI005
03460,BTW2017,2017,party_group_greens,5.8,reported,AI005
03460,BTW2017,2017,party_group_left,4.2,reported,AI005
03460,BTW2017,2017,party_group_afd,7.0,reported,AI005
03461,BTW2017,2017,party_group_cdu_csu,33.0,reported,AI005
03461,BTW2017,2017,party_group_spd,32.3,reported,AI005
03461,BTW2017,2017,party_group_fdp,9.2,reported,AI005
03461,BTW2017,2017,party_group_greens,7.6,reported,AI005
03461,BTW2017,2017,party_group_left,6.4,reported,AI005
03461,BTW2017,2017,party_group_afd,8.3,reported,AI005
03462,BTW2017,2017,party_group_cdu_csu,36.2,reported,AI005
03462,BTW2017,2017,party_group_spd,31.6,reported,AI005
03462,BTW2017,2017,party_group_fdp,8.8,reported,AI005
03462,BTW2017,2017,party_group_greens,6.2,reported,AI005
03462,BTW2017,2017,party_group_left,5.6,reported,AI005
03462,BTW2017,2017,party_group_afd,8.6,reported,AI005
04011,BTW2017,2017,party_group_cdu_csu,25.0,reported,AI005
04011,BTW2017,2017,party_group_spd,26.0,reported,AI005
04011,BTW2017,2017,party_group_fdp,9.7,reported,AI005
04011,BTW2017,2017,party_group_greens,11.6,reported,AI005
04011,BTW2017,2017,party_group_left,13.8,reported,AI005
04011,BTW2017,2017,party_group_afd,9.5,reported,AI005
04012,BTW2017,2017,party_group_cdu_csu,25.4,reported,AI005
04012,BTW2017,2017,party_group_spd,30.9,reported,AI005
04012,BTW2017,2017,party_group_fdp,7.6,reported,AI005
04012,BTW2017,2017,party_group_greens,7.8,reported,AI005
04012,BTW2017,2017,party_group_left,11.4,reported,AI005
04012,BTW2017,2017,party_group_afd,12.5,reported,AI005
05111,BTW2017,2017,party_group_cdu_csu,30.4,reported,AI005
05111,BTW2017,2017,party_group_spd,21.2,reported,AI005
05111,BTW2017,2017,party_group_fdp,17.6,reported,AI005
05111,BTW2017,2017,party_group_greens,10.0,reported,AI005
05111,BTW2017,2017,party_group_left,9.2,reported,AI005
05111,BTW2017,2017,party_group_afd,7.9,reported,AI005
05112,BTW2017,2017,party_group_cdu_csu,24.2,reported,AI005
05112,BTW2017,2017,party_group_spd,32.8,reported,AI005
05112,BTW2017,2017,party_group_fdp,9.4,reported,AI005
05112,BTW2017,2017,party_group_greens,5.6,reported,AI005
05112,BTW2017,2017,party_group_left,8.5,reported,AI005
05112,BTW2017,2017,party_group_afd,13.3,reported,AI005
05113,BTW2017,2017,party_group_cdu_csu,27.3,reported,AI005
05113,BTW2017,2017,party_group_spd,28.3,reported,AI005
05113,BTW2017,2017,party_group_fdp,12.6,reported,AI005
05113,BTW2017,2017,party_group_greens,7.6,reported,AI005
05113,BTW2017,2017,party_group_left,8.2,reported,AI005
05113,BTW2017,2017,party_group_afd,11.4,reported,AI005
05114,BTW2017,2017,party_group_cdu_csu,31.9,reported,AI005
05114,BTW2017,2017,party_group_spd,24.9,reported,AI005
05114,BTW2017,2017,party_group_fdp,14.6,reported,AI005
05114,BTW2017,2017,party_group_greens,7.8,reported,AI005
05114,BTW2017,2017,party_group_left,8.1,reported,AI005
05114,BTW2017,2017,party_group_afd,8.3,reported,AI005
05116,BTW2017,2017,party_group_cdu_csu,35.8,reported,AI005
05116,BTW2017,2017,party_group_spd,23.3,reported,AI005
05116,BTW2017,2017,party_group_fdp,13.7,reported,AI005
05116,BTW2017,2017,party_group_greens,6.2,reported,AI005
05116,BTW2017,2017,party_group_left,7.4,reported,AI005
05116,BTW2017,2017,party_group_afd,9.5,reported,AI005
05117,BTW2017,2017,party_group_cdu_csu,28.4,reported,AI005
05117,BTW2017,2017,party_group_spd,28.3,reported,AI005
05117,BTW2017,2017,party_group_fdp,13.9,reported,AI005
05117,BTW2017,2017,party_group_greens,7.4,reported,AI005
05117,BTW2017,2017,party_group_left,7.7,reported,AI005
05117,BTW2017,2017,party_group_afd,10.6,reported,AI005
05119,BTW2017,2017,party_group_cdu_csu,26.0,reported,AI005
05119,BTW2017,2017,party_group_spd,33.4,reported,AI005
05119,BTW2017,2017,party_group_fdp,9.5,reported,AI005
05119,BTW2017,2017,party_group_greens,5.2,reported,AI005
05119,BTW2017,2017,party_group_left,8.3,reported,AI005
05119,BTW2017,2017,party_group_afd,13.1,reported,AI005
05120,BTW2017,2017,party_group_cdu_csu,31.8,reported,AI005
05120,BTW2017,2017,party_group_spd,25.9,reported,AI005
05120,BTW2017,2017,party_group_fdp,13.4,reported,AI005
05120,BTW2017,2017,party_group_greens,6.3,reported,AI005
05120,BTW2017,2017,party_group_left,7.3,reported,AI005
05120,BTW2017,2017,party_group_afd,10.6,reported,AI005
05122,BTW2017,2017,party_group_cdu_csu,31.4,reported,AI005
05122,BTW2017,2017,party_group_spd,24.8,reported,AI005
05122,BTW2017,2017,party_group_fdp,14.4,reported,AI005
05122,BTW2017,2017,party_group_greens,7.5,reported,AI005
05122,BTW2017,2017,party_group_left,8.1,reported,AI005
05122,BTW2017,2017,party_group_afd,9.7,reported,AI005
05124,BTW2017,2017,party_group_cdu_csu,27.3,reported,AI005
05124,BTW2017,2017,party_group_spd,25.8,reported,AI005
05124,BTW2017,2017,party_group_fdp,12.8,reported,AI005
05124,BTW2017,2017,party_group_greens,8.5,reported,AI005
05124,BTW2017,2017,party_group_left,10.4,reported,AI005
05124,BTW2017,2017,party_group_afd,10.8,reported,AI005
05154,BTW2017,2017,party_group_cdu_csu,41.6,reported,AI005
05154,BTW2017,2017,party_group_spd,23.5,reported,AI005
05154,BTW2017,2017,party_group_fdp,13.5,reported,AI005
05154,BTW2017,2017,party_group_greens,6.0,reported,AI005
05154,BTW2017,2017,party_group_left,5.6,reported,AI005
05154,BTW2017,2017,party_group_afd,6.9,reported,AI005
05158,BTW2017,2017,party_group_cdu_csu,33.4,reported,AI005
05158,BTW2017,2017,party_group_spd,23.7,reported,AI005
05158,BTW2017,2017,party_group_fdp,16.0,reported,AI005
05158,BTW2017,2017,party_group_greens,7.2,reported,AI005
05158,BTW2017,2017,party_group_left,6.6,reported,AI005
05158,BTW2017,2017,party_group_afd,9.5,reported,AI005
05162,BTW2017,2017,party_group_cdu_csu,37.0,reported,AI005
05162,BTW2017,2017,party_group_spd,21.9,reported,AI005
05162,BTW2017,2017,party_group_fdp,16.8,reported,AI005
05162,BTW2017,2017,party_group_greens,6.4,reported,AI005
05162,BTW2017,2017,party_group_left,5.8,reported,AI005
05162,BTW2017,2017,party_group_afd,8.6,reported,AI005
05166,BTW2017,2017,party_group_cdu_csu,38.1,reported,AI005
05166,BTW2017,2017,party_group_spd,22.3,reported,AI005
05166,BTW2017,2017,party_group_fdp,16.0,reported,AI005
05166,BTW2017,2017,party_group_greens,6.7,reported,AI005
05166,BTW2017,2017,party_group_left,6.0,reported,AI005
05166,BTW2017,2017,party_group_afd,7.5,reported,AI005
05170,BTW2017,2017,party_group_cdu_csu,31.4,reported,AI005
05170,BTW2017,2017,party_group_spd,30.0,reported,AI005
05170,BTW2017,2017,party_group_fdp,12.0,reported,AI005
05170,BTW2017,2017,party_group_greens,6.1,reported,AI005
05170,BTW2017,2017,party_group_left,7.2,reported,AI005
05170,BTW2017,2017,party_group_afd,9.6,reported,AI005
05314,BTW2017,2017,party_group_cdu_csu,29.8,reported,AI005
05314,BTW2017,2017,party_group_spd,20.2,reported,AI005
05314,BTW2017,2017,party_group_fdp,15.7,reported,AI005
05314,BTW2017,2017,party_group_greens,14.1,reported,AI005
05314,BTW2017,2017,party_group_left,9.6,reported,AI005
05314,BTW2017,2017,party_group_afd,7.3,reported,AI005
05315,BTW2017,2017,party_group_cdu_csu,26.4,reported,AI005
05315,BTW2017,2017,party_group_spd,23.0,reported,AI005
05315,BTW2017,2017,party_group_fdp,13.8,reported,AI005
05315,BTW2017,2017,party_group_greens,13.6,reported,AI005
05315,BTW2017,2017,party_group_left,11.5,reported,AI005
05315,BTW2017,2017,party_group_afd,7.2,reported,AI005
05316,BTW2017,2017,party_group_cdu_csu,30.8,reported,AI005
05316,BTW2017,2017,party_group_spd,27.3,reported,AI005
05316,BTW2017,2017,party_group_fdp,13.0,reported,AI005
05316,BTW2017,2017,party_group_greens,6.9,reported,AI005
05316,BTW2017,2017,party_group_left,7.4,reported,AI005
05316,BTW2017,2017,party_group_afd,10.3,reported,AI005
05334,BTW2017,2017,party_group_cdu_csu,29.4,reported,AI005
05334,BTW2017,2017,party_group_spd,30.6,reported,AI005
05334,BTW2017,2017,party_group_fdp,12.5,reported,AI005
05334,BTW2017,2017,party_group_greens,8.5,reported,AI005
05334,BTW2017,2017,party_group_left,7.9,reported,AI005
05334,BTW2017,2017,party_group_afd,7.4,reported,AI005
05358,BTW2017,2017,party_group_cdu_csu,34.9,reported,AI005
05358,BTW2017,2017,party_group_spd,29.2,reported,AI005
05358,BTW2017,2017,party_group_fdp,11.4,reported,AI005
05358,BTW2017,2017,party_group_greens,5.5,reported,AI005
05358,BTW2017,2017,party_group_left,5.9,reported,AI005
05358,BTW2017,2017,party_group_afd,9.6,reported,AI005
05362,BTW2017,2017,party_group_cdu_csu,33.4,reported,AI005
05362,BTW2017,2017,party_group_spd,25.9,reported,AI005
05362,BTW2017,2017,party_group_fdp,14.4,reported,AI005
05362,BTW2017,2017,party_group_greens,6.9,reported,AI005
05362,BTW2017,2017,party_group_left,6.2,reported,AI005
05362,BTW2017,2017,party_group_afd,9.6,reported,AI005
05366,BTW2017,2017,party_group_cdu_csu,37.5,reported,AI005
05366,BTW2017,2017,party_group_spd,22.4,reported,AI005
05366,BTW2017,2017,party_group_fdp,15.0,reported,AI005
05366,BTW2017,2017,party_group_greens,5.9,reported,AI005
05366,BTW2017,2017,party_group_left,5.8,reported,AI005
05366,BTW2017,2017,party_group_afd,9.9,reported,AI005
05370,BTW2017,2017,party_group_cdu_csu,39.5,reported,AI005
05370,BTW2017,2017,party_group_spd,25.9,reported,AI005
05370,BTW2017,2017,party_group_fdp,11.4,reported,AI005
05370,BTW2017,2017,party_group_greens,5.2,reported,AI005
05370,BTW2017,2017,party_group_left,5.6,reported,AI005
05370,BTW2017,2017,party_group_afd,8.7,reported,AI005
05374,BTW2017,2017,party_group_cdu_csu,36.5,reported,AI005
05374,BTW2017,2017,party_group_spd,22.6,reported,AI005
05374,BTW2017,2017,party_group_fdp,13.8,reported,AI005
05374,BTW2017,2017,party_group_greens,6.4,reported,AI005
05374,BTW2017,2017,party_group_left,6.4,reported,AI005
05374,BTW2017,2017,party_group_afd,10.6,reported,AI005
05378,BTW2017,2017,party_group_cdu_csu,35.6,reported,AI005
05378,BTW2017,2017,party_group_spd,21.0,reported,AI005
05378,BTW2017,2017,party_group_fdp,16.7,reported,AI005
05378,BTW2017,2017,party_group_greens,9.0,reported,AI005
05378,BTW2017,2017,party_group_left,6.4,reported,AI005
05378,BTW2017,2017,party_group_afd,8.0,reported,AI005
05382,BTW2017,2017,party_group_cdu_csu,34.8,reported,AI005
05382,BTW2017,2017,party_group_spd,21.2,reported,AI005
05382,BTW2017,2017,party_group_fdp,16.1,reported,AI005
05382,BTW2017,2017,party_group_greens,8.1,reported,AI005
05382,BTW2017,2017,party_group_left,6.8,reported,AI005
05382,BTW2017,2017,party_group_afd,9.4,reported,AI005
05512,BTW2017,2017,party_group_cdu_csu,28.1,reported,AI005
05512,BTW2017,2017,party_group_spd,32.5,reported,AI005
05512,BTW2017,2017,party_group_fdp,10.4,reported,AI005
05512,BTW2017,2017,party_group_greens,4.8,reported,AI005
05512,BTW2017,2017,party_group_left,7.2,reported,AI005
05512,BTW2017,2017,party_group_afd,12.5,reported,AI005
05513,BTW2017,2017,party_group_cdu_csu,22.4,reported,AI005
05513,BTW2017,2017,party_group_spd,33.5,reported,AI005
05513,BTW2017,2017,party_group_fdp,9.2,reported,AI005
05513,BTW2017,2017,party_group_greens,4.6,reported,AI005
05513,BTW2017,2017,party_group_left,7.4,reported,AI005
05513,BTW2017,2017,party_group_afd,17.0,reported,AI005
05515,BTW2017,2017,party_group_cdu_csu,32.8,reported,AI005
05515,BTW2017,2017,party_group_spd,20.9,reported,AI005
05515,BTW2017,2017,party_group_fdp,13.5,reported,AI005
05515,BTW2017,2017,party_group_greens,14.6,reported,AI005
05515,BTW2017,2017,party_group_left,10.1,reported,AI005
05515,BTW2017,2017,party_group_afd,4.9,reported,AI005
05554,BTW2017,2017,party_group_cdu_csu,46.9,reported,AI005
05554,BTW2017,2017,party_group_spd,21.4,reported,AI005
05554,BTW2017,2017,party_group_fdp,13.1,reported,AI005
05554,BTW2017,2017,party_group_greens,5.7,reported,AI005
05554,BTW2017,2017,party_group_left,4.4,reported,AI005
05554,BTW2017,2017,party_group_afd,6.1,reported,AI005
05558,BTW2017,2017,party_group_cdu_csu,43.9,reported,AI005
05558,BTW2017,2017,party_group_spd,21.1,reported,AI005
05558,BTW2017,2017,party_group_fdp,13.6,reported,AI005
05558,BTW2017,2017,party_group_greens,7.4,reported,AI005
05558,BTW2017,2017,party_group_left,5.4,reported,AI005
05558,BTW2017,2017,party_group_afd,6.2,reported,AI005
05562,BTW2017,2017,party_group_cdu_csu,29.6,reported,AI005
05562,BTW2017,2017,party_group_spd,31.3,reported,AI005
05562,BTW2017,2017,party_group_fdp,10.5,reported,AI005
05562,BTW2017,2017,party_group_greens,5.3,reported,AI005
05562,BTW2017,2017,party_group_left,6.8,reported,AI005
05562,BTW2017,2017,party_group_afd,12.3,reported,AI005
05566,BTW2017,2017,party_group_cdu_csu,39.8,reported,AI005
05566,BTW2017,2017,party_group_spd,25.9,reported,AI005
05566,BTW2017,2017,party_group_fdp,11.9,reported,AI005
05566,BTW2017,2017,party_group_greens,7.1,reported,AI005
05566,BTW2017,2017,party_group_left,6.1,reported,AI005
05566,BTW2017,2017,party_group_afd,6.5,reported,AI005
05570,BTW2017,2017,party_group_cdu_csu,40.3,reported,AI005
05570,BTW2017,2017,party_group_spd,24.0,reported,AI005
05570,BTW2017,2017,party_group_fdp,13.1,reported,AI005
05570,BTW2017,2017,party_group_greens,6.7,reported,AI005
05570,BTW2017,2017,party_group_left,5.5,reported,AI005
05570,BTW2017,2017,party_group_afd,7.4,reported,AI005
05711,BTW2017,2017,party_group_cdu_csu,27.5,reported,AI005
05711,BTW2017,2017,party_group_spd,25.4,reported,AI005
05711,BTW2017,2017,party_group_fdp,11.5,reported,AI005
05711,BTW2017,2017,party_group_greens,11.1,reported,AI005
05711,BTW2017,2017,party_group_left,11.2,reported,AI005
05711,BTW2017,2017,party_group_afd,9.0,reported,AI005
05754,BTW2017,2017,party_group_cdu_csu,38.2,reported,AI005
05754,BTW2017,2017,party_group_spd,22.8,reported,AI005
05754,BTW2017,2017,party_group_fdp,13.1,reported,AI005
05754,BTW2017,2017,party_group_greens,7.9,reported,AI005
05754,BTW2017,2017,party_group_left,6.1,reported,AI005
05754,BTW2017,2017,party_group_afd,8.7,reported,AI005
05758,BTW2017,2017,party_group_cdu_csu,31.4,reported,AI005
05758,BTW2017,2017,party_group_spd,29.0,reported,AI005
05758,BTW2017,2017,party_group_fdp,11.3,reported,AI005
05758,BTW2017,2017,party_group_greens,6.9,reported,AI005
05758,BTW2017,2017,party_group_left,7.0,reported,AI005
05758,BTW2017,2017,party_group_afd,10.9,reported,AI005
05762,BTW2017,2017,party_group_cdu_csu,42.4,reported,AI005
05762,BTW2017,2017,party_group_spd,22.1,reported,AI005
05762,BTW2017,2017,party_group_fdp,12.7,reported,AI005
05762,BTW2017,2017,party_group_greens,5.4,reported,AI005
05762,BTW2017,2017,party_group_left,5.6,reported,AI005
05762,BTW2017,2017,party_group_afd,8.9,reported,AI005
05766,BTW2017,2017,party_group_cdu_csu,31.4,reported,AI005
05766,BTW2017,2017,party_group_spd,27.8,reported,AI005
05766,BTW2017,2017,party_group_fdp,12.3,reported,AI005
05766,BTW2017,2017,party_group_greens,7.2,reported,AI005
05766,BTW2017,2017,party_group_left,6.9,reported,AI005
05766,BTW2017,2017,party_group_afd,10.8,reported,AI005
05770,BTW2017,2017,party_group_cdu_csu,32.9,reported,AI005
05770,BTW2017,2017,party_group_spd,29.0,reported,AI005
05770,BTW2017,2017,party_group_fdp,11.5,reported,AI005
05770,BTW2017,2017,party_group_greens,6.5,reported,AI005
05770,BTW2017,2017,party_group_left,6.4,reported,AI005
05770,BTW2017,2017,party_group_afd,10.6,reported,AI005
05774,BTW2017,2017,party_group_cdu_csu,40.8,reported,AI005
05774,BTW2017,2017,party_group_spd,18.7,reported,AI005
05774,BTW2017,2017,party_group_fdp,13.4,reported,AI005
05774,BTW2017,2017,party_group_greens,7.4,reported,AI005
05774,BTW2017,2017,party_group_left,6.7,reported,AI005
05774,BTW2017,2017,party_group_afd,9.9,reported,AI005
05911,BTW2017,2017,party_group_cdu_csu,24.9,reported,AI005
05911,BTW2017,2017,party_group_spd,30.7,reported,AI005
05911,BTW2017,2017,party_group_fdp,10.7,reported,AI005
05911,BTW2017,2017,party_group_greens,8.4,reported,AI005
05911,BTW2017,2017,party_group_left,10.1,reported,AI005
05911,BTW2017,2017,party_group_afd,10.5,reported,AI005
05913,BTW2017,2017,party_group_cdu_csu,24.5,reported,AI005
05913,BTW2017,2017,party_group_spd,31.3,reported,AI005
05913,BTW2017,2017,party_group_fdp,11.0,reported,AI005
05913,BTW2017,2017,party_group_greens,8.4,reported,AI005
05913,BTW2017,2017,party_group_left,9.6,reported,AI005
05913,BTW2017,2017,party_group_afd,10.3,reported,AI005
05914,BTW2017,2017,party_group_cdu_csu,28.2,reported,AI005
05914,BTW2017,2017,party_group_spd,29.6,reported,AI005
05914,BTW2017,2017,party_group_fdp,11.9,reported,AI005
05914,BTW2017,2017,party_group_greens,5.3,reported,AI005
05914,BTW2017,2017,party_group_left,7.5,reported,AI005
05914,BTW2017,2017,party_group_afd,12.8,reported,AI005
05915,BTW2017,2017,party_group_cdu_csu,30.6,reported,AI005
05915,BTW2017,2017,party_group_spd,31.4,reported,AI005
05915,BTW2017,2017,party_group_fdp,10.3,reported,AI005
05915,BTW2017,2017,party_group_greens,5.2,reported,AI005
05915,BTW2017,2017,party_group_left,7.1,reported,AI005
05915,BTW2017,2017,party_group_afd,11.1,reported,AI005
05916,BTW2017,2017,party_group_cdu_csu,23.6,reported,AI005
05916,BTW2017,2017,party_group_spd,34.5,reported,AI005
05916,BTW2017,2017,party_group_fdp,9.2,reported,AI005
05916,BTW2017,2017,party_group_greens,5.3,reported,AI005
05916,BTW2017,2017,party_group_left,7.8,reported,AI005
05916,BTW2017,2017,party_group_afd,13.9,reported,AI005
05954,BTW2017,2017,party_group_cdu_csu,28.1,reported,AI005
05954,BTW2017,2017,party_group_spd,29.5,reported,AI005
05954,BTW2017,2017,party_group_fdp,13.0,reported,AI005
05954,BTW2017,2017,party_group_greens,7.7,reported,AI005
05954,BTW2017,2017,party_group_left,7.8,reported,AI005
05954,BTW2017,2017,party_group_afd,9.8,reported,AI005
05958,BTW2017,2017,party_group_cdu_csu,41.7,reported,AI005
05958,BTW2017,2017,party_group_spd,22.8,reported,AI005
05958,BTW2017,2017,party_group_fdp,14.3,reported,AI005
05958,BTW2017,2017,party_group_greens,4.7,reported,AI005
05958,BTW2017,2017,party_group_left,5.4,reported,AI005
05958,BTW2017,2017,party_group_afd,8.0,reported,AI005
05962,BTW2017,2017,party_group_cdu_csu,34.0,reported,AI005
05962,BTW2017,2017,party_group_spd,26.1,reported,AI005
05962,BTW2017,2017,party_group_fdp,13.4,reported,AI005
05962,BTW2017,2017,party_group_greens,5.0,reported,AI005
05962,BTW2017,2017,party_group_left,6.5,reported,AI005
05962,BTW2017,2017,party_group_afd,11.3,reported,AI005
05966,BTW2017,2017,party_group_cdu_csu,46.9,reported,AI005
05966,BTW2017,2017,party_group_spd,20.2,reported,AI005
05966,BTW2017,2017,party_group_fdp,14.1,reported,AI005
05966,BTW2017,2017,party_group_greens,4.0,reported,AI005
05966,BTW2017,2017,party_group_left,4.4,reported,AI005
05966,BTW2017,2017,party_group_afd,7.7,reported,AI005
05970,BTW2017,2017,party_group_cdu_csu,34.0,reported,AI005
05970,BTW2017,2017,party_group_spd,26.4,reported,AI005
05970,BTW2017,2017,party_group_fdp,11.9,reported,AI005
05970,BTW2017,2017,party_group_greens,5.5,reported,AI005
05970,BTW2017,2017,party_group_left,7.8,reported,AI005
05970,BTW2017,2017,party_group_afd,10.7,reported,AI005
05974,BTW2017,2017,party_group_cdu_csu,36.3,reported,AI005
05974,BTW2017,2017,party_group_spd,25.0,reported,AI005
05974,BTW2017,2017,party_group_fdp,13.5,reported,AI005
05974,BTW2017,2017,party_group_greens,6.2,reported,AI005
05974,BTW2017,2017,party_group_left,6.8,reported,AI005
05974,BTW2017,2017,party_group_afd,9.3,reported,AI005
05978,BTW2017,2017,party_group_cdu_csu,28.2,reported,AI005
05978,BTW2017,2017,party_group_spd,32.9,reported,AI005
05978,BTW2017,2017,party_group_fdp,11.2,reported,AI005
05978,BTW2017,2017,party_group_greens,6.3,reported,AI005
05978,BTW2017,2017,party_group_left,6.9,reported,AI005
05978,BTW2017,2017,party_group_afd,10.3,reported,AI005
06411,BTW2017,2017,party_group_cdu_csu,23.8,reported,AI005
06411,BTW2017,2017,party_group_spd,20.6,reported,AI005
06411,BTW2017,2017,party_group_fdp,10.7,reported,AI005
06411,BTW2017,2017,party_group_greens,18.4,reported,AI005
06411,BTW2017,2017,party_group_left,13.1,reported,AI005
06411,BTW2017,2017,party_group_afd,8.4,reported,AI005
06412,BTW2017,2017,party_group_cdu_csu,26.4,reported,AI005
06412,BTW2017,2017,party_group_spd,20.1,reported,AI005
06412,BTW2017,2017,party_group_fdp,14.1,reported,AI005
06412,BTW2017,2017,party_group_greens,14.6,reported,AI005
06412,BTW2017,2017,party_group_left,11.9,reported,AI005
06412,BTW2017,2017,party_group_afd,8.6,reported,AI005
06413,BTW2017,2017,party_group_cdu_csu,27.2,reported,AI005
06413,BTW2017,2017,party_group_spd,23.8,reported,AI005
06413,BTW2017,2017,party_group_fdp,9.8,reported,AI005
06413,BTW2017,2017,party_group_greens,10.6,reported,AI005
06413,BTW2017,2017,party_group_left,11.7,reported,AI005
06413,BTW2017,2017,party_group_afd,12.0,reported,AI005
06414,BTW2017,2017,party_group_cdu_csu,29.0,reported,AI005
06414,BTW2017,2017,party_group_spd,21.2,reported,AI005
06414,BTW2017,2017,party_group_fdp,13.3,reported,AI005
06414,BTW2017,2017,party_group_greens,11.8,reported,AI005
06414,BTW2017,2017,party_group_left,9.5,reported,AI005
06414,BTW2017,2017,party_group_afd,11.2,reported,AI005
06431,BTW2017,2017,party_group_cdu_csu,33.2,reported,AI005
06431,BTW2017,2017,party_group_spd,22.3,reported,AI005
06431,BTW2017,2017,party_group_fdp,11.8,reported,AI005
06431,BTW2017,2017,party_group_greens,8.8,reported,AI005
06431,BTW2017,2017,party_group_left,6.6,reported,AI005
06431,BTW2017,2017,party_group_afd,12.9,reported,AI005
06432,BTW2017,2017,party_group_cdu_csu,30.7,reported,AI005
06432,BTW2017,2017,party_group_spd,23.8,reported,AI005
06432,BTW2017,2017,party_group_fdp,11.0,reported,AI005
06432,BTW2017,2017,party_group_greens,10.6,reported,AI005
06432,BTW2017,2017,party_group_left,8.0,reported,AI005
06432,BTW2017,2017,party_group_afd,11.1,reported,AI005
06433,BTW2017,2017,party_group_cdu_csu,30.5,reported,AI005
06433,BTW2017,2017,party_group_spd,25.4,reported,AI005
06433,BTW2017,2017,party_group_fdp,9.6,reported,AI005
06433,BTW2017,2017,party_group_greens,9.0,reported,AI005
06433,BTW2017,2017,party_group_left,8.2,reported,AI005
06433,BTW2017,2017,party_group_afd,12.2,reported,AI005
06434,BTW2017,2017,party_group_cdu_csu,34.0,reported,AI005
06434,BTW2017,2017,party_group_spd,17.5,reported,AI005
06434,BTW2017,2017,party_group_fdp,17.7,reported,AI005
06434,BTW2017,2017,party_group_greens,10.7,reported,AI005
06434,BTW2017,2017,party_group_left,6.3,reported,AI005
06434,BTW2017,2017,party_group_afd,10.2,reported,AI005
06435,BTW2017,2017,party_group_cdu_csu,30.9,reported,AI005
06435,BTW2017,2017,party_group_spd,23.3,reported,AI005
06435,BTW2017,2017,party_group_fdp,11.0,reported,AI005
06435,BTW2017,2017,party_group_greens,7.9,reported,AI005
06435,BTW2017,2017,party_group_left,7.1,reported,AI005
06435,BTW2017,2017,party_group_afd,14.7,reported,AI005
06436,BTW2017,2017,party_group_cdu_csu,34.5,reported,AI005
06436,BTW2017,2017,party_group_spd,18.6,reported,AI005
06436,BTW2017,2017,party_group_fdp,15.7,reported,AI005
06436,BTW2017,2017,party_group_greens,10.6,reported,AI005
06436,BTW2017,2017,party_group_left,6.2,reported,AI005
06436,BTW2017,2017,party_group_afd,10.6,reported,AI005
06437,BTW2017,2017,party_group_cdu_csu,31.2,reported,AI005
06437,BTW2017,2017,party_group_spd,26.9,reported,AI005
06437,BTW2017,2017,party_group_fdp,9.4,reported,AI005
06437,BTW2017,2017,party_group_greens,7.3,reported,AI005
06437,BTW2017,2017,party_group_left,7.7,reported,AI005
06437,BTW2017,2017,party_group_afd,13.1,reported,AI005
06438,BTW2017,2017,party_group_cdu_csu,33.0,reported,AI005
06438,BTW2017,2017,party_group_spd,20.3,reported,AI005
06438,BTW2017,2017,party_group_fdp,13.2,reported,AI005
06438,BTW2017,2017,party_group_greens,9.8,reported,AI005
06438,BTW2017,2017,party_group_left,7.4,reported,AI005
06438,BTW2017,2017,party_group_afd,11.9,reported,AI005
06439,BTW2017,2017,party_group_cdu_csu,33.4,reported,AI005
06439,BTW2017,2017,party_group_spd,20.7,reported,AI005
06439,BTW2017,2017,party_group_fdp,13.8,reported,AI005
06439,BTW2017,2017,party_group_greens,9.8,reported,AI005
06439,BTW2017,2017,party_group_left,6.6,reported,AI005
06439,BTW2017,2017,party_group_afd,11.6,reported,AI005
06440,BTW2017,2017,party_group_cdu_csu,31.5,reported,AI005
06440,BTW2017,2017,party_group_spd,23.1,reported,AI005
06440,BTW2017,2017,party_group_fdp,12.3,reported,AI005
06440,BTW2017,2017,party_group_greens,9.0,reported,AI005
06440,BTW2017,2017,party_group_left,6.7,reported,AI005
06440,BTW2017,2017,party_group_afd,12.3,reported,AI005
06531,BTW2017,2017,party_group_cdu_csu,29.4,reported,AI005
06531,BTW2017,2017,party_group_spd,23.7,reported,AI005
06531,BTW2017,2017,party_group_fdp,10.6,reported,AI005
06531,BTW2017,2017,party_group_greens,10.2,reported,AI005
06531,BTW2017,2017,party_group_left,8.7,reported,AI005
06531,BTW2017,2017,party_group_afd,12.1,reported,AI005
06532,BTW2017,2017,party_group_cdu_csu,33.9,reported,AI005
06532,BTW2017,2017,party_group_spd,24.6,reported,AI005
06532,BTW2017,2017,party_group_fdp,9.6,reported,AI005
06532,BTW2017,2017,party_group_greens,6.8,reported,AI005
06532,BTW2017,2017,party_group_left,6.6,reported,AI005
06532,BTW2017,2017,party_group_afd,13.9,reported,AI005
06533,BTW2017,2017,party_group_cdu_csu,35.3,reported,AI005
06533,BTW2017,2017,party_group_spd,22.8,reported,AI005
06533,BTW2017,2017,party_group_fdp,11.5,reported,AI005
06533,BTW2017,2017,party_group_greens,7.0,reported,AI005
06533,BTW2017,2017,party_group_left,6.3,reported,AI005
06533,BTW2017,2017,party_group_afd,12.7,reported,AI005
06534,BTW2017,2017,party_group_cdu_csu,30.1,reported,AI005
06534,BTW2017,2017,party_group_spd,26.4,reported,AI005
06534,BTW2017,2017,party_group_fdp,8.7,reported,AI005
06534,BTW2017,2017,party_group_greens,9.3,reported,AI005
06534,BTW2017,2017,party_group_left,10.2,reported,AI005
06534,BTW2017,2017,party_group_afd,11.5,reported,AI005
06535,BTW2017,2017,party_group_cdu_csu,32.1,reported,AI005
06535,BTW2017,2017,party_group_spd,26.3,reported,AI005
06535,BTW2017,2017,party_group_fdp,9.7,reported,AI005
06535,BTW2017,2017,party_group_greens,6.7,reported,AI005
06535,BTW2017,2017,party_group_left,6.7,reported,AI005
06535,BTW2017,2017,party_group_afd,14.1,reported,AI005
06611,BTW2017,2017,party_group_cdu_csu,23.6,reported,AI005
06611,BTW2017,2017,party_group_spd,25.5,reported,AI005
06611,BTW2017,2017,party_group_fdp,8.9,reported,AI005
06611,BTW2017,2017,party_group_greens,13.7,reported,AI005
06611,BTW2017,2017,party_group_left,13.6,reported,AI005
06611,BTW2017,2017,party_group_afd,9.9,reported,AI005
06631,BTW2017,2017,party_group_cdu_csu,40.9,reported,AI005
06631,BTW2017,2017,party_group_spd,16.2,reported,AI005
06631,BTW2017,2017,party_group_fdp,10.9,reported,AI005
06631,BTW2017,2017,party_group_greens,6.7,reported,AI005
06631,BTW2017,2017,party_group_left,5.6,reported,AI005
06631,BTW2017,2017,party_group_afd,16.2,reported,AI005
06632,BTW2017,2017,party_group_cdu_csu,30.0,reported,AI005
06632,BTW2017,2017,party_group_spd,31.7,reported,AI005
06632,BTW2017,2017,party_group_fdp,8.8,reported,AI005
06632,BTW2017,2017,party_group_greens,5.1,reported,AI005
06632,BTW2017,2017,party_group_left,6.1,reported,AI005
06632,BTW2017,2017,party_group_afd,14.7,reported,AI005
06633,BTW2017,2017,party_group_cdu_csu,27.8,reported,AI005
06633,BTW2017,2017,party_group_spd,33.5,reported,AI005
06633,BTW2017,2017,party_group_fdp,9.0,reported,AI005
06633,BTW2017,2017,party_group_greens,7.3,reported,AI005
06633,BTW2017,2017,party_group_left,7.4,reported,AI005
06633,BTW2017,2017,party_group_afd,11.3,reported,AI005
06634,BTW2017,2017,party_group_cdu_csu,28.1,reported,AI005
06634,BTW2017,2017,party_group_spd,32.6,reported,AI005
06634,BTW2017,2017,party_group_fdp,9.0,reported,AI005
06634,BTW2017,2017,party_group_greens,6.6,reported,AI005
06634,BTW2017,2017,party_group_left,6.4,reported,AI005
06634,BTW2017,2017,party_group_afd,12.9,reported,AI005
06635,BTW2017,2017,party_group_cdu_csu,33.1,reported,AI005
06635,BTW2017,2017,party_group_spd,26.6,reported,AI005
06635,BTW2017,2017,party_group_fdp,10.9,reported,AI005
06635,BTW2017,2017,party_group_greens,6.8,reported,AI005
06635,BTW2017,2017,party_group_left,6.7,reported,AI005
06635,BTW2017,2017,party_group_afd,12.4,reported,AI005
06636,BTW2017,2017,party_group_cdu_csu,28.7,reported,AI005
06636,BTW2017,2017,party_group_spd,33.6,reported,AI005
06636,BTW2017,2017,party_group_fdp,8.0,reported,AI005
06636,BTW2017,2017,party_group_greens,7.0,reported,AI005
06636,BTW2017,2017,party_group_left,7.4,reported,AI005
06636,BTW2017,2017,party_group_afd,11.2,reported,AI005
07111,BTW2017,2017,party_group_cdu_csu,35.9,reported,AI005
07111,BTW2017,2017,party_group_spd,22.7,reported,AI005
07111,BTW2017,2017,party_group_fdp,11.4,reported,AI005
07111,BTW2017,2017,party_group_greens,9.9,reported,AI005
07111,BTW2017,2017,party_group_left,8.1,reported,AI005
07111,BTW2017,2017,party_group_afd,8.4,reported,AI005
07131,BTW2017,2017,party_group_cdu_csu,41.8,reported,AI005
07131,BTW2017,2017,party_group_spd,20.4,reported,AI005
07131,BTW2017,2017,party_group_fdp,13.0,reported,AI005
07131,BTW2017,2017,party_group_greens,7.2,reported,AI005
07131,BTW2017,2017,party_group_left,5.7,reported,AI005
07131,BTW2017,2017,party_group_afd,8.8,reported,AI005
07132,BTW2017,2017,party_group_cdu_csu,38.8,reported,AI005
07132,BTW2017,2017,party_group_spd,25.5,reported,AI005
07132,BTW2017,2017,party_group_fdp,10.0,reported,AI005
07132,BTW2017,2017,party_group_greens,5.3,reported,AI005
07132,BTW2017,2017,party_group_left,6.3,reported,AI005
07132,BTW2017,2017,party_group_afd,10.9,reported,AI005
07133,BTW2017,2017,party_group_cdu_csu,34.3,reported,AI005
07133,BTW2017,2017,party_group_spd,26.8,reported,AI005
07133,BTW2017,2017,party_group_fdp,10.1,reported,AI005
07133,BTW2017,2017,party_group_greens,6.9,reported,AI005
07133,BTW2017,2017,party_group_left,6.6,reported,AI005
07133,BTW2017,2017,party_group_afd,11.6,reported,AI005
07134,BTW2017,2017,party_group_cdu_csu,33.9,reported,AI005
07134,BTW2017,2017,party_group_spd,28.7,reported,AI005
07134,BTW2017,2017,party_group_fdp,9.4,reported,AI005
07134,BTW2017,2017,party_group_greens,5.0,reported,AI005
07134,BTW2017,2017,party_group_left,7.4,reported,AI005
07134,BTW2017,2017,party_group_afd,12.0,reported,AI005
07135,BTW2017,2017,party_group_cdu_csu,46.9,reported,AI005
07135,BTW2017,2017,party_group_spd,20.9,reported,AI005
07135,BTW2017,2017,party_group_fdp,11.0,reported,AI005
07135,BTW2017,2017,party_group_greens,4.9,reported,AI005
07135,BTW2017,2017,party_group_left,4.9,reported,AI005
07135,BTW2017,2017,party_group_afd,8.5,reported,AI005
07137,BTW2017,2017,party_group_cdu_csu,40.2,reported,AI005
07137,BTW2017,2017,party_group_spd,24.2,reported,AI005
07137,BTW2017,2017,party_group_fdp,10.4,reported,AI005
07137,BTW2017,2017,party_group_greens,6.4,reported,AI005
07137,BTW2017,2017,party_group_left,5.7,reported,AI005
07137,BTW2017,2017,party_group_afd,10.1,reported,AI005
07138,BTW2017,2017,party_group_cdu_csu,37.7,reported,AI005
07138,BTW2017,2017,party_group_spd,25.3,reported,AI005
07138,BTW2017,2017,party_group_fdp,10.2,reported,AI005
07138,BTW2017,2017,party_group_greens,6.5,reported,AI005
07138,BTW2017,2017,party_group_left,6.3,reported,AI005
07138,BTW2017,2017,party_group_afd,10.6,reported,AI005
07140,BTW2017,2017,party_group_cdu_csu,38.7,reported,AI005
07140,BTW2017,2017,party_group_spd,24.2,reported,AI005
07140,BTW2017,2017,party_group_fdp,11.0,reported,AI005
07140,BTW2017,2017,party_group_greens,6.0,reported,AI005
07140,BTW2017,2017,party_group_left,6.6,reported,AI005
07140,BTW2017,2017,party_group_afd,9.8,reported,AI005
07141,BTW2017,2017,party_group_cdu_csu,33.3,reported,AI005
07141,BTW2017,2017,party_group_spd,28.1,reported,AI005
07141,BTW2017,2017,party_group_fdp,10.2,reported,AI005
07141,BTW2017,2017,party_group_greens,6.7,reported,AI005
07141,BTW2017,2017,party_group_left,6.4,reported,AI005
07141,BTW2017,2017,party_group_afd,10.9,reported,AI005
07143,BTW2017,2017,party_group_cdu_csu,39.5,reported,AI005
07143,BTW2017,2017,party_group_spd,23.5,reported,AI005
07143,BTW2017,2017,party_group_fdp,11.0,reported,AI005
07143,BTW2017,2017,party_group_greens,5.9,reported,AI005
07143,BTW2017,2017,party_group_left,5.8,reported,AI005
07143,BTW2017,2017,party_group_afd,10.8,reported,AI005
07211,BTW2017,2017,party_group_cdu_csu,32.5,reported,AI005
07211,BTW2017,2017,party_group_spd,23.8,reported,AI005
07211,BTW2017,2017,party_group_fdp,9.5,reported,AI005
07211,BTW2017,2017,party_group_greens,12.2,reported,AI005
07211,BTW2017,2017,party_group_left,10.9,reported,AI005
07211,BTW2017,2017,party_group_afd,7.8,reported,AI005
07231,BTW2017,2017,party_group_cdu_csu,42.4,reported,AI005
07231,BTW2017,2017,party_group_spd,21.9,reported,AI005
07231,BTW2017,2017,party_group_fdp,11.1,reported,AI005
07231,BTW2017,2017,party_group_greens,6.1,reported,AI005
07231,BTW2017,2017,party_group_left,6.3,reported,AI005
07231,BTW2017,2017,party_group_afd,8.4,reported,AI005
07232,BTW2017,2017,party_group_cdu_csu,43.9,reported,AI005
07232,BTW2017,2017,party_group_spd,23.2,reported,AI005
07232,BTW2017,2017,party_group_fdp,10.1,reported,AI005
07232,BTW2017,2017,party_group_greens,6.4,reported,AI005
07232,BTW2017,2017,party_group_left,5.5,reported,AI005
07232,BTW2017,2017,party_group_afd,7.4,reported,AI005
07233,BTW2017,2017,party_group_cdu_csu,45.8,reported,AI005
07233,BTW2017,2017,party_group_spd,20.7,reported,AI005
07233,BTW2017,2017,party_group_fdp,10.4,reported,AI005
07233,BTW2017,2017,party_group_greens,5.6,reported,AI005
07233,BTW2017,2017,party_group_left,6.3,reported,AI005
07233,BTW2017,2017,party_group_afd,8.2,reported,AI005
07235,BTW2017,2017,party_group_cdu_csu,40.5,reported,AI005
07235,BTW2017,2017,party_group_spd,25.2,reported,AI005
07235,BTW2017,2017,party_group_fdp,9.1,reported,AI005
07235,BTW2017,2017,party_group_greens,6.9,reported,AI005
07235,BTW2017,2017,party_group_left,7.1,reported,AI005
07235,BTW2017,2017,party_group_afd,8.1,reported,AI005
07311,BTW2017,2017,party_group_cdu_csu,32.5,reported,AI005
07311,BTW2017,2017,party_group_spd,23.0,reported,AI005
07311,BTW2017,2017,party_group_fdp,9.9,reported,AI005
07311,BTW2017,2017,party_group_greens,6.8,reported,AI005
07311,BTW2017,2017,party_group_left,7.6,reported,AI005
07311,BTW2017,2017,party_group_afd,16.5,reported,AI005
07312,BTW2017,2017,party_group_cdu_csu,28.1,reported,AI005
07312,BTW2017,2017,party_group_spd,25.0,reported,AI005
07312,BTW2017,2017,party_group_fdp,10.3,reported,AI005
07312,BTW2017,2017,party_group_greens,8.7,reported,AI005
07312,BTW2017,2017,party_group_left,9.5,reported,AI005
07312,BTW2017,2017,party_group_afd,13.7,reported,AI005
07313,BTW2017,2017,party_group_cdu_csu,30.4,reported,AI005
07313,BTW2017,2017,party_group_spd,21.1,reported,AI005
07313,BTW2017,2017,party_group_fdp,10.0,reported,AI005
07313,BTW2017,2017,party_group_greens,14.3,reported,AI005
07313,BTW2017,2017,party_group_left,9.3,reported,AI005
07313,BTW2017,2017,party_group_afd,10.0,reported,AI005
07314,BTW2017,2017,party_group_cdu_csu,27.6,reported,AI005
07314,BTW2017,2017,party_group_spd,27.2,reported,AI005
07314,BTW2017,2017,party_group_fdp,9.1,reported,AI005
07314,BTW2017,2017,party_group_greens,7.2,reported,AI005
07314,BTW2017,2017,party_group_left,7.4,reported,AI005
07314,BTW2017,2017,party_group_afd,16.3,reported,AI005
07315,BTW2017,2017,party_group_cdu_csu,30.7,reported,AI005
07315,BTW2017,2017,party_group_spd,21.4,reported,AI005
07315,BTW2017,2017,party_group_fdp,11.1,reported,AI005
07315,BTW2017,2017,party_group_greens,15.2,reported,AI005
07315,BTW2017,2017,party_group_left,9.8,reported,AI005
07315,BTW2017,2017,party_group_afd,7.3,reported,AI005
07316,BTW2017,2017,party_group_cdu_csu,35.5,reported,AI005
07316,BTW2017,2017,party_group_spd,20.1,reported,AI005
07316,BTW2017,2017,party_group_fdp,10.9,reported,AI005
07316,BTW2017,2017,party_group_greens,10.0,reported,AI005
07316,BTW2017,2017,party_group_left,5.8,reported,AI005
07316,BTW2017,2017,party_group_afd,12.0,reported,AI005
07317,BTW2017,2017,party_group_cdu_csu,31.2,reported,AI005
07317,BTW2017,2017,party_group_spd,26.2,reported,AI005
07317,BTW2017,2017,party_group_fdp,9.5,reported,AI005
07317,BTW2017,2017,party_group_greens,4.0,reported,AI005
07317,BTW2017,2017,party_group_left,8.0,reported,AI005
07317,BTW2017,2017,party_group_afd,16.1,reported,AI005
07318,BTW2017,2017,party_group_cdu_csu,32.0,reported,AI005
07318,BTW2017,2017,party_group_spd,21.6,reported,AI005
07318,BTW2017,2017,party_group_fdp,10.0,reported,AI005
07318,BTW2017,2017,party_group_greens,10.8,reported,AI005
07318,BTW2017,2017,party_group_left,8.1,reported,AI005
07318,BTW2017,2017,party_group_afd,13.5,reported,AI005
07319,BTW2017,2017,party_group_cdu_csu,30.6,reported,AI005
07319,BTW2017,2017,party_group_spd,25.7,reported,AI005
07319,BTW2017,2017,party_group_fdp,9.6,reported,AI005
07319,BTW2017,2017,party_group_greens,7.7,reported,AI005
07319,BTW2017,2017,party_group_left,7.1,reported,AI005
07319,BTW2017,2017,party_group_afd,15.0,reported,AI005
07320,BTW2017,2017,party_group_cdu_csu,30.2,reported,AI005
07320,BTW2017,2017,party_group_spd,26.3,reported,AI005
07320,BTW2017,2017,party_group_fdp,9.1,reported,AI005
07320,BTW2017,2017,party_group_greens,6.0,reported,AI005
07320,BTW2017,2017,party_group_left,9.4,reported,AI005
07320,BTW2017,2017,party_group_afd,14.5,reported,AI005
07331,BTW2017,2017,party_group_cdu_csu,32.2,reported,AI005
07331,BTW2017,2017,party_group_spd,26.3,reported,AI005
07331,BTW2017,2017,party_group_fdp,10.4,reported,AI005
07331,BTW2017,2017,party_group_greens,7.3,reported,AI005
07331,BTW2017,2017,party_group_left,6.1,reported,AI005
07331,BTW2017,2017,party_group_afd,13.8,reported,AI005
07332,BTW2017,2017,party_group_cdu_csu,34.8,reported,AI005
07332,BTW2017,2017,party_group_spd,23.5,reported,AI005
07332,BTW2017,2017,party_group_fdp,11.7,reported,AI005
07332,BTW2017,2017,party_group_greens,7.9,reported,AI005
07332,BTW2017,2017,party_group_left,5.6,reported,AI005
07332,BTW2017,2017,party_group_afd,12.4,reported,AI005
07333,BTW2017,2017,party_group_cdu_csu,30.0,reported,AI005
07333,BTW2017,2017,party_group_spd,28.4,reported,AI005
07333,BTW2017,2017,party_group_fdp,9.2,reported,AI005
07333,BTW2017,2017,party_group_greens,6.3,reported,AI005
07333,BTW2017,2017,party_group_left,6.8,reported,AI005
07333,BTW2017,2017,party_group_afd,13.7,reported,AI005
07334,BTW2017,2017,party_group_cdu_csu,34.6,reported,AI005
07334,BTW2017,2017,party_group_spd,21.8,reported,AI005
07334,BTW2017,2017,party_group_fdp,10.4,reported,AI005
07334,BTW2017,2017,party_group_greens,6.8,reported,AI005
07334,BTW2017,2017,party_group_left,5.9,reported,AI005
07334,BTW2017,2017,party_group_afd,16.3,reported,AI005
07335,BTW2017,2017,party_group_cdu_csu,33.5,reported,AI005
07335,BTW2017,2017,party_group_spd,25.9,reported,AI005
07335,BTW2017,2017,party_group_fdp,8.5,reported,AI005
07335,BTW2017,2017,party_group_greens,5.6,reported,AI005
07335,BTW2017,2017,party_group_left,7.2,reported,AI005
07335,BTW2017,2017,party_group_afd,14.0,reported,AI005
07336,BTW2017,2017,party_group_cdu_csu,28.1,reported,AI005
07336,BTW2017,2017,party_group_spd,32.4,reported,AI005
07336,BTW2017,2017,party_group_fdp,7.5,reported,AI005
07336,BTW2017,2017,party_group_greens,5.0,reported,AI005
07336,BTW2017,2017,party_group_left,8.0,reported,AI005
07336,BTW2017,2017,party_group_afd,14.0,reported,AI005
07337,BTW2017,2017,party_group_cdu_csu,36.8,reported,AI005
07337,BTW2017,2017,party_group_spd,22.3,reported,AI005
07337,BTW2017,2017,party_group_fdp,10.3,reported,AI005
07337,BTW2017,2017,party_group_greens,8.4,reported,AI005
07337,BTW2017,2017,party_group_left,5.9,reported,AI005
07337,BTW2017,2017,party_group_afd,12.2,reported,AI005
07338,BTW2017,2017,party_group_cdu_csu,35.5,reported,AI005
07338,BTW2017,2017,party_group_spd,21.8,reported,AI005
07338,BTW2017,2017,party_group_fdp,11.2,reported,AI005
07338,BTW2017,2017,party_group_greens,7.9,reported,AI005
07338,BTW2017,2017,party_group_left,5.5,reported,AI005
07338,BTW2017,2017,party_group_afd,13.8,reported,AI005
07339,BTW2017,2017,party_group_cdu_csu,35.4,reported,AI005
07339,BTW2017,2017,party_group_spd,23.1,reported,AI005
07339,BTW2017,2017,party_group_fdp,11.5,reported,AI005
07339,BTW2017,2017,party_group_greens,10.0,reported,AI005
07339,BTW2017,2017,party_group_left,6.6,reported,AI005
07339,BTW2017,2017,party_group_afd,9.8,reported,AI005
07340,BTW2017,2017,party_group_cdu_csu,38.7,reported,AI005
07340,BTW2017,2017,party_group_spd,24.0,reported,AI005
07340,BTW2017,2017,party_group_fdp,9.2,reported,AI005
07340,BTW2017,2017,party_group_greens,4.3,reported,AI005
07340,BTW2017,2017,party_group_left,6.3,reported,AI005
07340,BTW2017,2017,party_group_afd,12.9,reported,AI005
08111,BTW2017,2017,party_group_cdu_csu,29.0,reported,AI005
08111,BTW2017,2017,party_group_spd,15.7,reported,AI005
08111,BTW2017,2017,party_group_fdp,15.2,reported,AI005
08111,BTW2017,2017,party_group_greens,17.6,reported,AI005
08111,BTW2017,2017,party_group_left,9.2,reported,AI005
08111,BTW2017,2017,party_group_afd,8.8,reported,AI005
08115,BTW2017,2017,party_group_cdu_csu,35.4,reported,AI005
08115,BTW2017,2017,party_group_spd,15.4,reported,AI005
08115,BTW2017,2017,party_group_fdp,15.2,reported,AI005
08115,BTW2017,2017,party_group_greens,12.7,reported,AI005
08115,BTW2017,2017,party_group_left,5.3,reported,AI005
08115,BTW2017,2017,party_group_afd,11.7,reported,AI005
08116,BTW2017,2017,party_group_cdu_csu,33.5,reported,AI005
08116,BTW2017,2017,party_group_spd,15.9,reported,AI005
08116,BTW2017,2017,party_group_fdp,14.4,reported,AI005
08116,BTW2017,2017,party_group_greens,14.4,reported,AI005
08116,BTW2017,2017,party_group_left,5.8,reported,AI005
08116,BTW2017,2017,party_group_afd,11.7,reported,AI005
08117,BTW2017,2017,party_group_cdu_csu,33.3,reported,AI005
08117,BTW2017,2017,party_group_spd,17.6,reported,AI005
08117,BTW2017,2017,party_group_fdp,12.6,reported,AI005
08117,BTW2017,2017,party_group_greens,12.3,reported,AI005
08117,BTW2017,2017,party_group_left,5.1,reported,AI005
08117,BTW2017,2017,party_group_afd,14.7,reported,AI005
08118,BTW2017,2017,party_group_cdu_csu,33.1,reported,AI005
08118,BTW2017,2017,party_group_spd,16.6,reported,AI005
08118,BTW2017,2017,party_group_fdp,14.4,reported,AI005
08118,BTW2017,2017,party_group_greens,13.8,reported,AI005
08118,BTW2017,2017,party_group_left,5.8,reported,AI005
08118,BTW2017,2017,party_group_afd,11.9,reported,AI005
08119,BTW2017,2017,party_group_cdu_csu,32.9,reported,AI005
08119,BTW2017,2017,party_group_spd,16.0,reported,AI005
08119,BTW2017,2017,party_group_fdp,15.5,reported,AI005
08119,BTW2017,2017,party_group_greens,12.0,reported,AI005
08119,BTW2017,2017,party_group_left,5.6,reported,AI005
08119,BTW2017,2017,party_group_afd,13.7,reported,AI005
08121,BTW2017,2017,party_group_cdu_csu,29.0,reported,AI005
08121,BTW2017,2017,party_group_spd,18.5,reported,AI005
08121,BTW2017,2017,party_group_fdp,13.4,reported,AI005
08121,BTW2017,2017,party_group_greens,11.2,reported,AI005
08121,BTW2017,2017,party_group_left,6.9,reported,AI005
08121,BTW2017,2017,party_group_afd,16.4,reported,AI005
08125,BTW2017,2017,party_group_cdu_csu,33.2,reported,AI005
08125,BTW2017,2017,party_group_spd,16.9,reported,AI005
08125,BTW2017,2017,party_group_fdp,13.8,reported,AI005
08125,BTW2017,2017,party_group_greens,10.7,reported,AI005
08125,BTW2017,2017,party_group_left,5.1,reported,AI005
08125,BTW2017,2017,party_group_afd,15.7,reported,AI005
08126,BTW2017,2017,party_group_cdu_csu,36.0,reported,AI005
08126,BTW2017,2017,party_group_spd,15.5,reported,AI005
08126,BTW2017,2017,party_group_fdp,13.4,reported,AI005
08126,BTW2017,2017,party_group_greens,10.8,reported,AI005
08126,BTW2017,2017,party_group_left,5.2,reported,AI005
08126,BTW2017,2017,party_group_afd,14.8,reported,AI005
08127,BTW2017,2017,party_group_cdu_csu,33.3,reported,AI005
08127,BTW2017,2017,party_group_spd,16.6,reported,AI005
08127,BTW2017,2017,party_group_fdp,12.4,reported,AI005
08127,BTW2017,2017,party_group_greens,12.8,reported,AI005
08127,BTW2017,2017,party_group_left,5.9,reported,AI005
08127,BTW2017,2017,party_group_afd,14.5,reported,AI005
08128,BTW2017,2017,party_group_cdu_csu,39.8,reported,AI005
08128,BTW2017,2017,party_group_spd,16.0,reported,AI005
08128,BTW2017,2017,party_group_fdp,11.2,reported,AI005
08128,BTW2017,2017,party_group_greens,9.0,reported,AI005
08128,BTW2017,2017,party_group_left,5.7,reported,AI005
08128,BTW2017,2017,party_group_afd,13.6,reported,AI005
08135,BTW2017,2017,party_group_cdu_csu,34.0,reported,AI005
08135,BTW2017,2017,party_group_spd,20.6,reported,AI005
08135,BTW2017,2017,party_group_fdp,10.0,reported,AI005
08135,BTW2017,2017,party_group_greens,11.6,reported,AI005
08135,BTW2017,2017,party_group_left,6.0,reported,AI005
08135,BTW2017,2017,party_group_afd,13.3,reported,AI005
08136,BTW2017,2017,party_group_cdu_csu,39.3,reported,AI005
08136,BTW2017,2017,party_group_spd,16.9,reported,AI005
08136,BTW2017,2017,party_group_fdp,11.2,reported,AI005
08136,BTW2017,2017,party_group_greens,10.9,reported,AI005
08136,BTW2017,2017,party_group_left,5.6,reported,AI005
08136,BTW2017,2017,party_group_afd,12.3,reported,AI005
08211,BTW2017,2017,party_group_cdu_csu,37.3,reported,AI005
08211,BTW2017,2017,party_group_spd,15.8,reported,AI005
08211,BTW2017,2017,party_group_fdp,13.8,reported,AI005
08211,BTW2017,2017,party_group_greens,13.2,reported,AI005
08211,BTW2017,2017,party_group_left,6.1,reported,AI005
08211,BTW2017,2017,party_group_afd,10.7,reported,AI005
08212,BTW2017,2017,party_group_cdu_csu,27.8,reported,AI005
08212,BTW2017,2017,party_group_spd,16.8,reported,AI005
08212,BTW2017,2017,party_group_fdp,12.0,reported,AI005
08212,BTW2017,2017,party_group_greens,18.3,reported,AI005
08212,BTW2017,2017,party_group_left,9.6,reported,AI005
08212,BTW2017,2017,party_group_afd,10.4,reported,AI005
08215,BTW2017,2017,party_group_cdu_csu,35.7,reported,AI005
08215,BTW2017,2017,party_group_spd,16.7,reported,AI005
08215,BTW2017,2017,party_group_fdp,12.5,reported,AI005
08215,BTW2017,2017,party_group_greens,11.5,reported,AI005
08215,BTW2017,2017,party_group_left,5.4,reported,AI005
08215,BTW2017,2017,party_group_afd,13.6,reported,AI005
08216,BTW2017,2017,party_group_cdu_csu,38.0,reported,AI005
08216,BTW2017,2017,party_group_spd,17.3,reported,AI005
08216,BTW2017,2017,party_group_fdp,11.0,reported,AI005
08216,BTW2017,2017,party_group_greens,11.0,reported,AI005
08216,BTW2017,2017,party_group_left,5.2,reported,AI005
08216,BTW2017,2017,party_group_afd,13.2,reported,AI005
08221,BTW2017,2017,party_group_cdu_csu,26.7,reported,AI005
08221,BTW2017,2017,party_group_spd,17.4,reported,AI005
08221,BTW2017,2017,party_group_fdp,12.1,reported,AI005
08221,BTW2017,2017,party_group_greens,21.9,reported,AI005
08221,BTW2017,2017,party_group_left,10.4,reported,AI005
08221,BTW2017,2017,party_group_afd,7.8,reported,AI005
08222,BTW2017,2017,party_group_cdu_csu,27.1,reported,AI005
08222,BTW2017,2017,party_group_spd,21.2,reported,AI005
08222,BTW2017,2017,party_group_fdp,11.2,reported,AI005
08222,BTW2017,2017,party_group_greens,13.2,reported,AI005
08222,BTW2017,2017,party_group_left,9.1,reported,AI005
08222,BTW2017,2017,party_group_afd,12.8,reported,AI005
08225,BTW2017,2017,party_group_cdu_csu,39.8,reported,AI005
08225,BTW2017,2017,party_group_spd,17.7,reported,AI005
08225,BTW2017,2017,party_group_fdp,10.6,reported,AI005
08225,BTW2017,2017,party_group_greens,7.9,reported,AI005
08225,BTW2017,2017,party_group_left,5.4,reported,AI005
08225,BTW2017,2017,party_group_afd,14.1,reported,AI005
08226,BTW2017,2017,party_group_cdu_csu,33.0,reported,AI005
08226,BTW2017,2017,party_group_spd,18.9,reported,AI005
08226,BTW2017,2017,party_group_fdp,12.5,reported,AI005
08226,BTW2017,2017,party_group_greens,11.8,reported,AI005
08226,BTW2017,2017,party_group_left,6.4,reported,AI005
08226,BTW2017,2017,party_group_afd,12.8,reported,AI005
08231,BTW2017,2017,party_group_cdu_csu,30.2,reported,AI005
08231,BTW2017,2017,party_group_spd,16.7,reported,AI005
08231,BTW2017,2017,party_group_fdp,13.0,reported,AI005
08231,BTW2017,2017,party_group_greens,9.4,reported,AI005
08231,BTW2017,2017,party_group_left,6.6,reported,AI005
08231,BTW2017,2017,party_group_afd,19.3,reported,AI005
08235,BTW2017,2017,party_group_cdu_csu,37.7,reported,AI005
08235,BTW2017,2017,party_group_spd,14.3,reported,AI005
08235,BTW2017,2017,party_group_fdp,13.0,reported,AI005
08235,BTW2017,2017,party_group_greens,10.3,reported,AI005
08235,BTW2017,2017,party_group_left,5.3,reported,AI005
08235,BTW2017,2017,party_group_afd,15.2,reported,AI005
08236,BTW2017,2017,party_group_cdu_csu,33.9,reported,AI005
08236,BTW2017,2017,party_group_spd,16.1,reported,AI005
08236,BTW2017,2017,party_group_fdp,13.9,reported,AI005
08236,BTW2017,2017,party_group_greens,11.4,reported,AI005
08236,BTW2017,2017,party_group_left,4.8,reported,AI005
08236,BTW2017,2017,party_group_afd,14.9,reported,AI005
08237,BTW2017,2017,party_group_cdu_csu,36.4,reported,AI005
08237,BTW2017,2017,party_group_spd,14.6,reported,AI005
08237,BTW2017,2017,party_group_fdp,16.0,reported,AI005
08237,BTW2017,2017,party_group_greens,9.4,reported,AI005
08237,BTW2017,2017,party_group_left,4.9,reported,AI005
08237,BTW2017,2017,party_group_afd,14.7,reported,AI005
08311,BTW2017,2017,party_group_cdu_csu,24.5,reported,AI005
08311,BTW2017,2017,party_group_spd,17.7,reported,AI005
08311,BTW2017,2017,party_group_fdp,8.8,reported,AI005
08311,BTW2017,2017,party_group_greens,23.3,reported,AI005
08311,BTW2017,2017,party_group_left,13.4,reported,AI005
08311,BTW2017,2017,party_group_afd,7.2,reported,AI005
08315,BTW2017,2017,party_group_cdu_csu,36.3,reported,AI005
08315,BTW2017,2017,party_group_spd,16.6,reported,AI005
08315,BTW2017,2017,party_group_fdp,11.0,reported,AI005
08315,BTW2017,2017,party_group_greens,16.2,reported,AI005
08315,BTW2017,2017,party_group_left,6.2,reported,AI005
08315,BTW2017,2017,party_group_afd,9.3,reported,AI005
08316,BTW2017,2017,party_group_cdu_csu,35.2,reported,AI005
08316,BTW2017,2017,party_group_spd,18.4,reported,AI005
08316,BTW2017,2017,party_group_fdp,10.5,reported,AI005
08316,BTW2017,2017,party_group_greens,14.9,reported,AI005
08316,BTW2017,2017,party_group_left,6.2,reported,AI005
08316,BTW2017,2017,party_group_afd,10.0,reported,AI005
08317,BTW2017,2017,party_group_cdu_csu,37.3,reported,AI005
08317,BTW2017,2017,party_group_spd,16.8,reported,AI005
08317,BTW2017,2017,party_group_fdp,11.0,reported,AI005
08317,BTW2017,2017,party_group_greens,13.2,reported,AI005
08317,BTW2017,2017,party_group_left,5.3,reported,AI005
08317,BTW2017,2017,party_group_afd,12.0,reported,AI005
08325,BTW2017,2017,party_group_cdu_csu,38.2,reported,AI005
08325,BTW2017,2017,party_group_spd,14.6,reported,AI005
08325,BTW2017,2017,party_group_fdp,13.6,reported,AI005
08325,BTW2017,2017,party_group_greens,10.1,reported,AI005
08325,BTW2017,2017,party_group_left,4.5,reported,AI005
08325,BTW2017,2017,party_group_afd,13.8,reported,AI005
08326,BTW2017,2017,party_group_cdu_csu,37.4,reported,AI005
08326,BTW2017,2017,party_group_spd,15.4,reported,AI005
08326,BTW2017,2017,party_group_fdp,12.3,reported,AI005
08326,BTW2017,2017,party_group_greens,12.2,reported,AI005
08326,BTW2017,2017,party_group_left,5.5,reported,AI005
08326,BTW2017,2017,party_group_afd,12.8,reported,AI005
08327,BTW2017,2017,party_group_cdu_csu,37.8,reported,AI005
08327,BTW2017,2017,party_group_spd,14.6,reported,AI005
08327,BTW2017,2017,party_group_fdp,13.5,reported,AI005
08327,BTW2017,2017,party_group_greens,10.3,reported,AI005
08327,BTW2017,2017,party_group_left,5.1,reported,AI005
08327,BTW2017,2017,party_group_afd,14.1,reported,AI005
08335,BTW2017,2017,party_group_cdu_csu,33.2,reported,AI005
08335,BTW2017,2017,party_group_spd,15.6,reported,AI005
08335,BTW2017,2017,party_group_fdp,13.2,reported,AI005
08335,BTW2017,2017,party_group_greens,16.0,reported,AI005
08335,BTW2017,2017,party_group_left,7.2,reported,AI005
08335,BTW2017,2017,party_group_afd,10.3,reported,AI005
08336,BTW2017,2017,party_group_cdu_csu,34.2,reported,AI005
08336,BTW2017,2017,party_group_spd,18.3,reported,AI005
08336,BTW2017,2017,party_group_fdp,10.9,reported,AI005
08336,BTW2017,2017,party_group_greens,15.0,reported,AI005
08336,BTW2017,2017,party_group_left,6.1,reported,AI005
08336,BTW2017,2017,party_group_afd,10.9,reported,AI005
08337,BTW2017,2017,party_group_cdu_csu,40.1,reported,AI005
08337,BTW2017,2017,party_group_spd,16.6,reported,AI005
08337,BTW2017,2017,party_group_fdp,10.8,reported,AI005
08337,BTW2017,2017,party_group_greens,12.7,reported,AI005
08337,BTW2017,2017,party_group_left,5.1,reported,AI005
08337,BTW2017,2017,party_group_afd,10.5,reported,AI005
08415,BTW2017,2017,party_group_cdu_csu,34.5,reported,AI005
08415,BTW2017,2017,party_group_spd,14.9,reported,AI005
08415,BTW2017,2017,party_group_fdp,13.7,reported,AI005
08415,BTW2017,2017,party_group_greens,13.9,reported,AI005
08415,BTW2017,2017,party_group_left,6.1,reported,AI005
08415,BTW2017,2017,party_group_afd,12.9,reported,AI005
08416,BTW2017,2017,party_group_cdu_csu,30.1,reported,AI005
08416,BTW2017,2017,party_group_spd,15.7,reported,AI005
08416,BTW2017,2017,party_group_fdp,11.5,reported,AI005
08416,BTW2017,2017,party_group_greens,19.5,reported,AI005
08416,BTW2017,2017,party_group_left,10.3,reported,AI005
08416,BTW2017,2017,party_group_afd,8.8,reported,AI005
08417,BTW2017,2017,party_group_cdu_csu,35.4,reported,AI005
08417,BTW2017,2017,party_group_spd,15.2,reported,AI005
08417,BTW2017,2017,party_group_fdp,14.1,reported,AI005
08417,BTW2017,2017,party_group_greens,10.9,reported,AI005
08417,BTW2017,2017,party_group_left,5.4,reported,AI005
08417,BTW2017,2017,party_group_afd,14.6,reported,AI005
08421,BTW2017,2017,party_group_cdu_csu,30.9,reported,AI005
08421,BTW2017,2017,party_group_spd,17.5,reported,AI005
08421,BTW2017,2017,party_group_fdp,11.8,reported,AI005
08421,BTW2017,2017,party_group_greens,17.0,reported,AI005
08421,BTW2017,2017,party_group_left,7.6,reported,AI005
08421,BTW2017,2017,party_group_afd,10.2,reported,AI005
08425,BTW2017,2017,party_group_cdu_csu,40.5,reported,AI005
08425,BTW2017,2017,party_group_spd,14.9,reported,AI005
08425,BTW2017,2017,party_group_fdp,11.4,reported,AI005
08425,BTW2017,2017,party_group_greens,11.8,reported,AI005
08425,BTW2017,2017,party_group_left,4.5,reported,AI005
08425,BTW2017,2017,party_group_afd,12.5,reported,AI005
08426,BTW2017,2017,party_group_cdu_csu,43.0,reported,AI005
08426,BTW2017,2017,party_group_spd,12.8,reported,AI005
08426,BTW2017,2017,party_group_fdp,11.1,reported,AI005
08426,BTW2017,2017,party_group_greens,11.2,reported,AI005
08426,BTW2017,2017,party_group_left,4.6,reported,AI005
08426,BTW2017,2017,party_group_afd,12.6,reported,AI005
08435,BTW2017,2017,party_group_cdu_csu,36.8,reported,AI005
08435,BTW2017,2017,party_group_spd,14.3,reported,AI005
08435,BTW2017,2017,party_group_fdp,13.4,reported,AI005
08435,BTW2017,2017,party_group_greens,14.8,reported,AI005
08435,BTW2017,2017,party_group_left,6.2,reported,AI005
08435,BTW2017,2017,party_group_afd,10.3,reported,AI005
08436,BTW2017,2017,party_group_cdu_csu,39.4,reported,AI005
08436,BTW2017,2017,party_group_spd,13.3,reported,AI005
08436,BTW2017,2017,party_group_fdp,11.3,reported,AI005
08436,BTW2017,2017,party_group_greens,14.7,reported,AI005
08436,BTW2017,2017,party_group_left,6.0,reported,AI005
08436,BTW2017,2017,party_group_afd,10.4,reported,AI005
08437,BTW2017,2017,party_group_cdu_csu,40.5,reported,AI005
08437,BTW2017,2017,party_group_spd,13.0,reported,AI005
08437,BTW2017,2017,party_group_fdp,12.0,reported,AI005
08437,BTW2017,2017,party_group_greens,12.3,reported,AI005
08437,BTW2017,2017,party_group_left,5.0,reported,AI005
08437,BTW2017,2017,party_group_afd,12.9,reported,AI005
09161,BTW2017,2017,party_group_cdu_csu,36.8,reported,AI005
09161,BTW2017,2017,party_group_spd,14.3,reported,AI005
09161,BTW2017,2017,party_group_fdp,10.9,reported,AI005
09161,BTW2017,2017,party_group_greens,8.7,reported,AI005
09161,BTW2017,2017,party_group_left,6.9,reported,AI005
09161,BTW2017,2017,party_group_afd,15.3,reported,AI005
09162,BTW2017,2017,party_group_cdu_csu,30.0,reported,AI005
09162,BTW2017,2017,party_group_spd,16.2,reported,AI005
09162,BTW2017,2017,party_group_fdp,14.2,reported,AI005
09162,BTW2017,2017,party_group_greens,17.2,reported,AI005
09162,BTW2017,2017,party_group_left,8.3,reported,AI005
09162,BTW2017,2017,party_group_afd,8.4,reported,AI005
09163,BTW2017,2017,party_group_cdu_csu,35.5,reported,AI005
09163,BTW2017,2017,party_group_spd,13.6,reported,AI005
09163,BTW2017,2017,party_group_fdp,11.0,reported,AI005
09163,BTW2017,2017,party_group_greens,11.4,reported,AI005
09163,BTW2017,2017,party_group_left,6.3,reported,AI005
09163,BTW2017,2017,party_group_afd,14.7,reported,AI005
09171,BTW2017,2017,party_group_cdu_csu,44.5,reported,AI005
09171,BTW2017,2017,party_group_spd,13.4,reported,AI005
09171,BTW2017,2017,party_group_fdp,8.4,reported,AI005
09171,BTW2017,2017,party_group_greens,6.8,reported,AI005
09171,BTW2017,2017,party_group_left,5.9,reported,AI005
09171,BTW2017,2017,party_group_afd,13.6,reported,AI005
09172,BTW2017,2017,party_group_cdu_csu,45.1,reported,AI005
09172,BTW2017,2017,party_group_spd,11.5,reported,AI005
09172,BTW2017,2017,party_group_fdp,9.1,reported,AI005
09172,BTW2017,2017,party_group_greens,8.3,reported,AI005
09172,BTW2017,2017,party_group_left,5.2,reported,AI005
09172,BTW2017,2017,party_group_afd,13.1,reported,AI005
09173,BTW2017,2017,party_group_cdu_csu,41.2,reported,AI005
09173,BTW2017,2017,party_group_spd,11.0,reported,AI005
09173,BTW2017,2017,party_group_fdp,11.7,reported,AI005
09173,BTW2017,2017,party_group_greens,10.5,reported,AI005
09173,BTW2017,2017,party_group_left,5.4,reported,AI005
09173,BTW2017,2017,party_group_afd,11.9,reported,AI005
09174,BTW2017,2017,party_group_cdu_csu,42.0,reported,AI005
09174,BTW2017,2017,party_group_spd,13.1,reported,AI005
09174,BTW2017,2017,party_group_fdp,10.6,reported,AI005
09174,BTW2017,2017,party_group_greens,9.6,reported,AI005
09174,BTW2017,2017,party_group_left,4.7,reported,AI005
09174,BTW2017,2017,party_group_afd,12.3,reported,AI005
09175,BTW2017,2017,party_group_cdu_csu,38.4,reported,AI005
09175,BTW2017,2017,party_group_spd,12.8,reported,AI005
09175,BTW2017,2017,party_group_fdp,13.2,reported,AI005
09175,BTW2017,2017,party_group_greens,12.4,reported,AI005
09175,BTW2017,2017,party_group_left,5.3,reported,AI005
09175,BTW2017,2017,party_group_afd,10.3,reported,AI005
09176,BTW2017,2017,party_group_cdu_csu,44.4,reported,AI005
09176,BTW2017,2017,party_group_spd,13.2,reported,AI005
09176,BTW2017,2017,party_group_fdp,8.4,reported,AI005
09176,BTW2017,2017,party_group_greens,6.6,reported,AI005
09176,BTW2017,2017,party_group_left,4.5,reported,AI005
09176,BTW2017,2017,party_group_afd,14.7,reported,AI005
09177,BTW2017,2017,party_group_cdu_csu,39.8,reported,AI005
09177,BTW2017,2017,party_group_spd,11.7,reported,AI005
09177,BTW2017,2017,party_group_fdp,10.7,reported,AI005
09177,BTW2017,2017,party_group_greens,9.3,reported,AI005
09177,BTW2017,2017,party_group_left,5.0,reported,AI005
09177,BTW2017,2017,party_group_afd,13.5,reported,AI005
09178,BTW2017,2017,party_group_cdu_csu,36.8,reported,AI005
09178,BTW2017,2017,party_group_spd,12.3,reported,AI005
09178,BTW2017,2017,party_group_fdp,11.0,reported,AI005
09178,BTW2017,2017,party_group_greens,12.1,reported,AI005
09178,BTW2017,2017,party_group_left,5.8,reported,AI005
09178,BTW2017,2017,party_group_afd,12.3,reported,AI005
09179,BTW2017,2017,party_group_cdu_csu,37.8,reported,AI005
09179,BTW2017,2017,party_group_spd,14.6,reported,AI005
09179,BTW2017,2017,party_group_fdp,12.4,reported,AI005
09179,BTW2017,2017,party_group_greens,12.1,reported,AI005
09179,BTW2017,2017,party_group_left,5.4,reported,AI005
09179,BTW2017,2017,party_group_afd,10.9,reported,AI005
09180,BTW2017,2017,party_group_cdu_csu,45.7,reported,AI005
09180,BTW2017,2017,party_group_spd,9.3,reported,AI005
09180,BTW2017,2017,party_group_fdp,11.3,reported,AI005
09180,BTW2017,2017,party_group_greens,8.8,reported,AI005
09180,BTW2017,2017,party_group_left,4.7,reported,AI005
09180,BTW2017,2017,party_group_afd,12.6,reported,AI005
09181,BTW2017,2017,party_group_cdu_csu,39.8,reported,AI005
09181,BTW2017,2017,party_group_spd,12.2,reported,AI005
09181,BTW2017,2017,party_group_fdp,11.4,reported,AI005
09181,BTW2017,2017,party_group_greens,12.4,reported,AI005
09181,BTW2017,2017,party_group_left,5.7,reported,AI005
09181,BTW2017,2017,party_group_afd,10.9,reported,AI005
09182,BTW2017,2017,party_group_cdu_csu,42.0,reported,AI005
09182,BTW2017,2017,party_group_spd,10.9,reported,AI005
09182,BTW2017,2017,party_group_fdp,13.3,reported,AI005
09182,BTW2017,2017,party_group_greens,10.1,reported,AI005
09182,BTW2017,2017,party_group_left,4.3,reported,AI005
09182,BTW2017,2017,party_group_afd,11.4,reported,AI005
09183,BTW2017,2017,party_group_cdu_csu,43.6,reported,AI005
09183,BTW2017,2017,party_group_spd,11.3,reported,AI005
09183,BTW2017,2017,party_group_fdp,9.4,reported,AI005
09183,BTW2017,2017,party_group_greens,6.9,reported,AI005
09183,BTW2017,2017,party_group_left,4.7,reported,AI005
09183,BTW2017,2017,party_group_afd,15.5,reported,AI005
09184,BTW2017,2017,party_group_cdu_csu,37.3,reported,AI005
09184,BTW2017,2017,party_group_spd,14.0,reported,AI005
09184,BTW2017,2017,party_group_fdp,15.3,reported,AI005
09184,BTW2017,2017,party_group_greens,12.6,reported,AI005
09184,BTW2017,2017,party_group_left,5.1,reported,AI005
09184,BTW2017,2017,party_group_afd,9.4,reported,AI005
09185,BTW2017,2017,party_group_cdu_csu,44.9,reported,AI005
09185,BTW2017,2017,party_group_spd,12.1,reported,AI005
09185,BTW2017,2017,party_group_fdp,9.0,reported,AI005
09185,BTW2017,2017,party_group_greens,6.2,reported,AI005
09185,BTW2017,2017,party_group_left,4.4,reported,AI005
09185,BTW2017,2017,party_group_afd,15.1,reported,AI005
09186,BTW2017,2017,party_group_cdu_csu,42.1,reported,AI005
09186,BTW2017,2017,party_group_spd,12.7,reported,AI005
09186,BTW2017,2017,party_group_fdp,9.8,reported,AI005
09186,BTW2017,2017,party_group_greens,7.3,reported,AI005
09186,BTW2017,2017,party_group_left,4.5,reported,AI005
09186,BTW2017,2017,party_group_afd,15.2,reported,AI005
09187,BTW2017,2017,party_group_cdu_csu,41.5,reported,AI005
09187,BTW2017,2017,party_group_spd,10.9,reported,AI005
09187,BTW2017,2017,party_group_fdp,10.9,reported,AI005
09187,BTW2017,2017,party_group_greens,9.7,reported,AI005
09187,BTW2017,2017,party_group_left,4.9,reported,AI005
09187,BTW2017,2017,party_group_afd,13.7,reported,AI005
09188,BTW2017,2017,party_group_cdu_csu,37.4,reported,AI005
09188,BTW2017,2017,party_group_spd,12.0,reported,AI005
09188,BTW2017,2017,party_group_fdp,17.1,reported,AI005
09188,BTW2017,2017,party_group_greens,14.1,reported,AI005
09188,BTW2017,2017,party_group_left,5.2,reported,AI005
09188,BTW2017,2017,party_group_afd,8.8,reported,AI005
09189,BTW2017,2017,party_group_cdu_csu,44.4,reported,AI005
09189,BTW2017,2017,party_group_spd,12.1,reported,AI005
09189,BTW2017,2017,party_group_fdp,9.2,reported,AI005
09189,BTW2017,2017,party_group_greens,9.7,reported,AI005
09189,BTW2017,2017,party_group_left,5.4,reported,AI005
09189,BTW2017,2017,party_group_afd,11.4,reported,AI005
09190,BTW2017,2017,party_group_cdu_csu,41.1,reported,AI005
09190,BTW2017,2017,party_group_spd,13.0,reported,AI005
09190,BTW2017,2017,party_group_fdp,9.9,reported,AI005
09190,BTW2017,2017,party_group_greens,10.0,reported,AI005
09190,BTW2017,2017,party_group_left,5.8,reported,AI005
09190,BTW2017,2017,party_group_afd,11.7,reported,AI005
09261,BTW2017,2017,party_group_cdu_csu,35.1,reported,AI005
09261,BTW2017,2017,party_group_spd,13.7,reported,AI005
09261,BTW2017,2017,party_group_fdp,12.8,reported,AI005
09261,BTW2017,2017,party_group_greens,10.7,reported,AI005
09261,BTW2017,2017,party_group_left,6.4,reported,AI005
09261,BTW2017,2017,party_group_afd,13.0,reported,AI005
09262,BTW2017,2017,party_group_cdu_csu,36.3,reported,AI005
09262,BTW2017,2017,party_group_spd,15.6,reported,AI005
09262,BTW2017,2017,party_group_fdp,11.0,reported,AI005
09262,BTW2017,2017,party_group_greens,10.9,reported,AI005
09262,BTW2017,2017,party_group_left,7.8,reported,AI005
09262,BTW2017,2017,party_group_afd,12.7,reported,AI005
09263,BTW2017,2017,party_group_cdu_csu,38.7,reported,AI005
09263,BTW2017,2017,party_group_spd,14.6,reported,AI005
09263,BTW2017,2017,party_group_fdp,9.5,reported,AI005
09263,BTW2017,2017,party_group_greens,6.4,reported,AI005
09263,BTW2017,2017,party_group_left,6.1,reported,AI005
09263,BTW2017,2017,party_group_afd,17.2,reported,AI005
09271,BTW2017,2017,party_group_cdu_csu,40.8,reported,AI005
09271,BTW2017,2017,party_group_spd,13.4,reported,AI005
09271,BTW2017,2017,party_group_fdp,7.9,reported,AI005
09271,BTW2017,2017,party_group_greens,5.0,reported,AI005
09271,BTW2017,2017,party_group_left,5.2,reported,AI005
09271,BTW2017,2017,party_group_afd,18.4,reported,AI005
09272,BTW2017,2017,party_group_cdu_csu,40.5,reported,AI005
09272,BTW2017,2017,party_group_spd,15.1,reported,AI005
09272,BTW2017,2017,party_group_fdp,7.1,reported,AI005
09272,BTW2017,2017,party_group_greens,4.1,reported,AI005
09272,BTW2017,2017,party_group_left,4.7,reported,AI005
09272,BTW2017,2017,party_group_afd,20.1,reported,AI005
09273,BTW2017,2017,party_group_cdu_csu,41.9,reported,AI005
09273,BTW2017,2017,party_group_spd,14.5,reported,AI005
09273,BTW2017,2017,party_group_fdp,8.3,reported,AI005
09273,BTW2017,2017,party_group_greens,6.2,reported,AI005
09273,BTW2017,2017,party_group_left,4.5,reported,AI005
09273,BTW2017,2017,party_group_afd,14.9,reported,AI005
09274,BTW2017,2017,party_group_cdu_csu,39.4,reported,AI005
09274,BTW2017,2017,party_group_spd,11.7,reported,AI005
09274,BTW2017,2017,party_group_fdp,10.3,reported,AI005
09274,BTW2017,2017,party_group_greens,6.5,reported,AI005
09274,BTW2017,2017,party_group_left,4.4,reported,AI005
09274,BTW2017,2017,party_group_afd,15.1,reported,AI005
09275,BTW2017,2017,party_group_cdu_csu,41.5,reported,AI005
09275,BTW2017,2017,party_group_spd,15.0,reported,AI005
09275,BTW2017,2017,party_group_fdp,8.5,reported,AI005
09275,BTW2017,2017,party_group_greens,5.2,reported,AI005
09275,BTW2017,2017,party_group_left,5.0,reported,AI005
09275,BTW2017,2017,party_group_afd,17.2,reported,AI005
09276,BTW2017,2017,party_group_cdu_csu,40.5,reported,AI005
09276,BTW2017,2017,party_group_spd,15.4,reported,AI005
09276,BTW2017,2017,party_group_fdp,6.9,reported,AI005
09276,BTW2017,2017,party_group_greens,3.9,reported,AI005
09276,BTW2017,2017,party_group_left,4.5,reported,AI005
09276,BTW2017,2017,party_group_afd,20.7,reported,AI005
09277,BTW2017,2017,party_group_cdu_csu,44.0,reported,AI005
09277,BTW2017,2017,party_group_spd,12.5,reported,AI005
09277,BTW2017,2017,party_group_fdp,9.2,reported,AI005
09277,BTW2017,2017,party_group_greens,5.5,reported,AI005
09277,BTW2017,2017,party_group_left,4.5,reported,AI005
09277,BTW2017,2017,party_group_afd,15.3,reported,AI005
09278,BTW2017,2017,party_group_cdu_csu,44.1,reported,AI005
09278,BTW2017,2017,party_group_spd,12.0,reported,AI005
09278,BTW2017,2017,party_group_fdp,8.3,reported,AI005
09278,BTW2017,2017,party_group_greens,4.3,reported,AI005
09278,BTW2017,2017,party_group_left,3.6,reported,AI005
09278,BTW2017,2017,party_group_afd,17.1,reported,AI005
09279,BTW2017,2017,party_group_cdu_csu,41.0,reported,AI005
09279,BTW2017,2017,party_group_spd,13.3,reported,AI005
09279,BTW2017,2017,party_group_fdp,9.0,reported,AI005
09279,BTW2017,2017,party_group_greens,4.8,reported,AI005
09279,BTW2017,2017,party_group_left,4.5,reported,AI005
09279,BTW2017,2017,party_group_afd,18.3,reported,AI005
09361,BTW2017,2017,party_group_cdu_csu,36.0,reported,AI005
09361,BTW2017,2017,party_group_spd,17.6,reported,AI005
09361,BTW2017,2017,party_group_fdp,8.7,reported,AI005
09361,BTW2017,2017,party_group_greens,7.9,reported,AI005
09361,BTW2017,2017,party_group_left,7.6,reported,AI005
09361,BTW2017,2017,party_group_afd,14.9,reported,AI005
09362,BTW2017,2017,party_group_cdu_csu,33.2,reported,AI005
09362,BTW2017,2017,party_group_spd,14.9,reported,AI005
09362,BTW2017,2017,party_group_fdp,10.1,reported,AI005
09362,BTW2017,2017,party_group_greens,14.6,reported,AI005
09362,BTW2017,2017,party_group_left,9.4,reported,AI005
09362,BTW2017,2017,party_group_afd,10.8,reported,AI005
09363,BTW2017,2017,party_group_cdu_csu,37.3,reported,AI005
09363,BTW2017,2017,party_group_spd,20.2,reported,AI005
09363,BTW2017,2017,party_group_fdp,8.2,reported,AI005
09363,BTW2017,2017,party_group_greens,6.5,reported,AI005
09363,BTW2017,2017,party_group_left,6.7,reported,AI005
09363,BTW2017,2017,party_group_afd,14.6,reported,AI005
09371,BTW2017,2017,party_group_cdu_csu,41.0,reported,AI005
09371,BTW2017,2017,party_group_spd,18.2,reported,AI005
09371,BTW2017,2017,party_group_fdp,7.1,reported,AI005
09371,BTW2017,2017,party_group_greens,6.1,reported,AI005
09371,BTW2017,2017,party_group_left,5.2,reported,AI005
09371,BTW2017,2017,party_group_afd,13.0,reported,AI005
09372,BTW2017,2017,party_group_cdu_csu,42.7,reported,AI005
09372,BTW2017,2017,party_group_spd,13.4,reported,AI005
09372,BTW2017,2017,party_group_fdp,7.0,reported,AI005
09372,BTW2017,2017,party_group_greens,4.3,reported,AI005
09372,BTW2017,2017,party_group_left,4.1,reported,AI005
09372,BTW2017,2017,party_group_afd,18.0,reported,AI005
09373,BTW2017,2017,party_group_cdu_csu,45.8,reported,AI005
09373,BTW2017,2017,party_group_spd,12.8,reported,AI005
09373,BTW2017,2017,party_group_fdp,7.8,reported,AI005
09373,BTW2017,2017,party_group_greens,7.7,reported,AI005
09373,BTW2017,2017,party_group_left,4.7,reported,AI005
09373,BTW2017,2017,party_group_afd,12.0,reported,AI005
09374,BTW2017,2017,party_group_cdu_csu,42.6,reported,AI005
09374,BTW2017,2017,party_group_spd,19.6,reported,AI005
09374,BTW2017,2017,party_group_fdp,6.1,reported,AI005
09374,BTW2017,2017,party_group_greens,4.6,reported,AI005
09374,BTW2017,2017,party_group_left,4.5,reported,AI005
09374,BTW2017,2017,party_group_afd,13.9,reported,AI005
09375,BTW2017,2017,party_group_cdu_csu,41.0,reported,AI005
09375,BTW2017,2017,party_group_spd,14.2,reported,AI005
09375,BTW2017,2017,party_group_fdp,8.2,reported,AI005
09375,BTW2017,2017,party_group_greens,7.4,reported,AI005
09375,BTW2017,2017,party_group_left,4.8,reported,AI005
09375,BTW2017,2017,party_group_afd,14.4,reported,AI005
09376,BTW2017,2017,party_group_cdu_csu,40.4,reported,AI005
09376,BTW2017,2017,party_group_spd,18.6,reported,AI005
09376,BTW2017,2017,party_group_fdp,6.2,reported,AI005
09376,BTW2017,2017,party_group_greens,4.7,reported,AI005
09376,BTW2017,2017,party_group_left,5.0,reported,AI005
09376,BTW2017,2017,party_group_afd,16.8,reported,AI005
09377,BTW2017,2017,party_group_cdu_csu,46.5,reported,AI005
09377,BTW2017,2017,party_group_spd,17.7,reported,AI005
09377,BTW2017,2017,party_group_fdp,6.3,reported,AI005
09377,BTW2017,2017,party_group_greens,4.7,reported,AI005
09377,BTW2017,2017,party_group_left,4.3,reported,AI005
09377,BTW2017,2017,party_group_afd,12.3,reported,AI005
09461,BTW2017,2017,party_group_cdu_csu,31.2,reported,AI005
09461,BTW2017,2017,party_group_spd,16.5,reported,AI005
09461,BTW2017,2017,party_group_fdp,10.7,reported,AI005
09461,BTW2017,2017,party_group_greens,14.5,reported,AI005
09461,BTW2017,2017,party_group_left,9.0,reported,AI005
09461,BTW2017,2017,party_group_afd,11.4,reported,AI005
09462,BTW2017,2017,party_group_cdu_csu,36.0,reported,AI005
09462,BTW2017,2017,party_group_spd,18.5,reported,AI005
09462,BTW2017,2017,party_group_fdp,11.8,reported,AI005
09462,BTW2017,2017,party_group_greens,11.1,reported,AI005
09462,BTW2017,2017,party_group_left,7.3,reported,AI005
09462,BTW2017,2017,party_group_afd,9.6,reported,AI005
09463,BTW2017,2017,party_group_cdu_csu,33.2,reported,AI005
09463,BTW2017,2017,party_group_spd,21.2,reported,AI005
09463,BTW2017,2017,party_group_fdp,10.5,reported,AI005
09463,BTW2017,2017,party_group_greens,10.6,reported,AI005
09463,BTW2017,2017,party_group_left,8.1,reported,AI005
09463,BTW2017,2017,party_group_afd,10.7,reported,AI005
09464,BTW2017,2017,party_group_cdu_csu,36.4,reported,AI005
09464,BTW2017,2017,party_group_spd,20.0,reported,AI005
09464,BTW2017,2017,party_group_fdp,9.3,reported,AI005
09464,BTW2017,2017,party_group_greens,7.0,reported,AI005
09464,BTW2017,2017,party_group_left,7.1,reported,AI005
09464,BTW2017,2017,party_group_afd,13.9,reported,AI005
09471,BTW2017,2017,party_group_cdu_csu,42.7,reported,AI005
09471,BTW2017,2017,party_group_spd,15.1,reported,AI005
09471,BTW2017,2017,party_group_fdp,8.6,reported,AI005
09471,BTW2017,2017,party_group_greens,6.2,reported,AI005
09471,BTW2017,2017,party_group_left,4.9,reported,AI005
09471,BTW2017,2017,party_group_afd,15.5,reported,AI005
09472,BTW2017,2017,party_group_cdu_csu,45.0,reported,AI005
09472,BTW2017,2017,party_group_spd,19.1,reported,AI005
09472,BTW2017,2017,party_group_fdp,7.6,reported,AI005
09472,BTW2017,2017,party_group_greens,6.0,reported,AI005
09472,BTW2017,2017,party_group_left,4.6,reported,AI005
09472,BTW2017,2017,party_group_afd,10.9,reported,AI005
09473,BTW2017,2017,party_group_cdu_csu,39.1,reported,AI005
09473,BTW2017,2017,party_group_spd,22.2,reported,AI005
09473,BTW2017,2017,party_group_fdp,8.4,reported,AI005
09473,BTW2017,2017,party_group_greens,6.9,reported,AI005
09473,BTW2017,2017,party_group_left,5.4,reported,AI005
09473,BTW2017,2017,party_group_afd,12.0,reported,AI005
09474,BTW2017,2017,party_group_cdu_csu,42.4,reported,AI005
09474,BTW2017,2017,party_group_spd,15.4,reported,AI005
09474,BTW2017,2017,party_group_fdp,8.8,reported,AI005
09474,BTW2017,2017,party_group_greens,8.8,reported,AI005
09474,BTW2017,2017,party_group_left,5.6,reported,AI005
09474,BTW2017,2017,party_group_afd,11.8,reported,AI005
09475,BTW2017,2017,party_group_cdu_csu,41.2,reported,AI005
09475,BTW2017,2017,party_group_spd,21.9,reported,AI005
09475,BTW2017,2017,party_group_fdp,7.6,reported,AI005
09475,BTW2017,2017,party_group_greens,5.1,reported,AI005
09475,BTW2017,2017,party_group_left,5.1,reported,AI005
09475,BTW2017,2017,party_group_afd,12.4,reported,AI005
09476,BTW2017,2017,party_group_cdu_csu,43.7,reported,AI005
09476,BTW2017,2017,party_group_spd,23.4,reported,AI005
09476,BTW2017,2017,party_group_fdp,6.7,reported,AI005
09476,BTW2017,2017,party_group_greens,4.4,reported,AI005
09476,BTW2017,2017,party_group_left,4.6,reported,AI005
09476,BTW2017,2017,party_group_afd,11.8,reported,AI005
09477,BTW2017,2017,party_group_cdu_csu,42.3,reported,AI005
09477,BTW2017,2017,party_group_spd,20.3,reported,AI005
09477,BTW2017,2017,party_group_fdp,7.6,reported,AI005
09477,BTW2017,2017,party_group_greens,6.3,reported,AI005
09477,BTW2017,2017,party_group_left,5.0,reported,AI005
09477,BTW2017,2017,party_group_afd,11.4,reported,AI005
09478,BTW2017,2017,party_group_cdu_csu,45.1,reported,AI005
09478,BTW2017,2017,party_group_spd,17.6,reported,AI005
09478,BTW2017,2017,party_group_fdp,7.1,reported,AI005
09478,BTW2017,2017,party_group_greens,5.5,reported,AI005
09478,BTW2017,2017,party_group_left,4.5,reported,AI005
09478,BTW2017,2017,party_group_afd,13.2,reported,AI005
09479,BTW2017,2017,party_group_cdu_csu,36.8,reported,AI005
09479,BTW2017,2017,party_group_spd,23.8,reported,AI005
09479,BTW2017,2017,party_group_fdp,7.3,reported,AI005
09479,BTW2017,2017,party_group_greens,5.3,reported,AI005
09479,BTW2017,2017,party_group_left,5.8,reported,AI005
09479,BTW2017,2017,party_group_afd,13.8,reported,AI005
09561,BTW2017,2017,party_group_cdu_csu,32.4,reported,AI005
09561,BTW2017,2017,party_group_spd,18.6,reported,AI005
09561,BTW2017,2017,party_group_fdp,7.9,reported,AI005
09561,BTW2017,2017,party_group_greens,10.2,reported,AI005
09561,BTW2017,2017,party_group_left,10.1,reported,AI005
09561,BTW2017,2017,party_group_afd,13.2,reported,AI005
09562,BTW2017,2017,party_group_cdu_csu,31.7,reported,AI005
09562,BTW2017,2017,party_group_spd,17.8,reported,AI005
09562,BTW2017,2017,party_group_fdp,10.6,reported,AI005
09562,BTW2017,2017,party_group_greens,16.2,reported,AI005
09562,BTW2017,2017,party_group_left,9.3,reported,AI005
09562,BTW2017,2017,party_group_afd,8.0,reported,AI005
09563,BTW2017,2017,party_group_cdu_csu,28.7,reported,AI005
09563,BTW2017,2017,party_group_spd,20.9,reported,AI005
09563,BTW2017,2017,party_group_fdp,9.1,reported,AI005
09563,BTW2017,2017,party_group_greens,11.9,reported,AI005
09563,BTW2017,2017,party_group_left,10.8,reported,AI005
09563,BTW2017,2017,party_group_afd,11.9,reported,AI005
09564,BTW2017,2017,party_group_cdu_csu,28.9,reported,AI005
09564,BTW2017,2017,party_group_spd,19.5,reported,AI005
09564,BTW2017,2017,party_group_fdp,9.6,reported,AI005
09564,BTW2017,2017,party_group_greens,12.4,reported,AI005
09564,BTW2017,2017,party_group_left,10.6,reported,AI005
09564,BTW2017,2017,party_group_afd,12.0,reported,AI005
09565,BTW2017,2017,party_group_cdu_csu,33.7,reported,AI005
09565,BTW2017,2017,party_group_spd,19.3,reported,AI005
09565,BTW2017,2017,party_group_fdp,9.9,reported,AI005
09565,BTW2017,2017,party_group_greens,11.2,reported,AI005
09565,BTW2017,2017,party_group_left,7.2,reported,AI005
09565,BTW2017,2017,party_group_afd,11.9,reported,AI005
09571,BTW2017,2017,party_group_cdu_csu,40.9,reported,AI005
09571,BTW2017,2017,party_group_spd,16.4,reported,AI005
09571,BTW2017,2017,party_group_fdp,7.7,reported,AI005
09571,BTW2017,2017,party_group_greens,8.5,reported,AI005
09571,BTW2017,2017,party_group_left,6.5,reported,AI005
09571,BTW2017,2017,party_group_afd,11.7,reported,AI005
09572,BTW2017,2017,party_group_cdu_csu,38.4,reported,AI005
09572,BTW2017,2017,party_group_spd,17.1,reported,AI005
09572,BTW2017,2017,party_group_fdp,9.8,reported,AI005
09572,BTW2017,2017,party_group_greens,11.5,reported,AI005
09572,BTW2017,2017,party_group_left,6.2,reported,AI005
09572,BTW2017,2017,party_group_afd,10.5,reported,AI005
09573,BTW2017,2017,party_group_cdu_csu,35.9,reported,AI005
09573,BTW2017,2017,party_group_spd,18.8,reported,AI005
09573,BTW2017,2017,party_group_fdp,9.3,reported,AI005
09573,BTW2017,2017,party_group_greens,10.4,reported,AI005
09573,BTW2017,2017,party_group_left,6.8,reported,AI005
09573,BTW2017,2017,party_group_afd,12.1,reported,AI005
09574,BTW2017,2017,party_group_cdu_csu,35.7,reported,AI005
09574,BTW2017,2017,party_group_spd,19.3,reported,AI005
09574,BTW2017,2017,party_group_fdp,9.0,reported,AI005
09574,BTW2017,2017,party_group_greens,10.3,reported,AI005
09574,BTW2017,2017,party_group_left,6.8,reported,AI005
09574,BTW2017,2017,party_group_afd,11.4,reported,AI005
09575,BTW2017,2017,party_group_cdu_csu,41.2,reported,AI005
09575,BTW2017,2017,party_group_spd,16.6,reported,AI005
09575,BTW2017,2017,party_group_fdp,8.1,reported,AI005
09575,BTW2017,2017,party_group_greens,8.9,reported,AI005
09575,BTW2017,2017,party_group_left,6.0,reported,AI005
09575,BTW2017,2017,party_group_afd,10.9,reported,AI005
09576,BTW2017,2017,party_group_cdu_csu,40.6,reported,AI005
09576,BTW2017,2017,party_group_spd,17.3,reported,AI005
09576,BTW2017,2017,party_group_fdp,8.2,reported,AI005
09576,BTW2017,2017,party_group_greens,9.1,reported,AI005
09576,BTW2017,2017,party_group_left,5.6,reported,AI005
09576,BTW2017,2017,party_group_afd,11.7,reported,AI005
09577,BTW2017,2017,party_group_cdu_csu,42.5,reported,AI005
09577,BTW2017,2017,party_group_spd,17.8,reported,AI005
09577,BTW2017,2017,party_group_fdp,6.9,reported,AI005
09577,BTW2017,2017,party_group_greens,8.8,reported,AI005
09577,BTW2017,2017,party_group_left,5.4,reported,AI005
09577,BTW2017,2017,party_group_afd,11.3,reported,AI005
09661,BTW2017,2017,party_group_cdu_csu,33.3,reported,AI005
09661,BTW2017,2017,party_group_spd,17.7,reported,AI005
09661,BTW2017,2017,party_group_fdp,11.7,reported,AI005
09661,BTW2017,2017,party_group_greens,11.3,reported,AI005
09661,BTW2017,2017,party_group_left,8.1,reported,AI005
09661,BTW2017,2017,party_group_afd,12.0,reported,AI005
09662,BTW2017,2017,party_group_cdu_csu,31.7,reported,AI005
09662,BTW2017,2017,party_group_spd,20.0,reported,AI005
09662,BTW2017,2017,party_group_fdp,9.0,reported,AI005
09662,BTW2017,2017,party_group_greens,7.1,reported,AI005
09662,BTW2017,2017,party_group_left,10.8,reported,AI005
09662,BTW2017,2017,party_group_afd,15.6,reported,AI005
09663,BTW2017,2017,party_group_cdu_csu,31.7,reported,AI005
09663,BTW2017,2017,party_group_spd,16.8,reported,AI005
09663,BTW2017,2017,party_group_fdp,11.4,reported,AI005
09663,BTW2017,2017,party_group_greens,16.6,reported,AI005
09663,BTW2017,2017,party_group_left,9.3,reported,AI005
09663,BTW2017,2017,party_group_afd,8.0,reported,AI005
09671,BTW2017,2017,party_group_cdu_csu,40.0,reported,AI005
09671,BTW2017,2017,party_group_spd,17.5,reported,AI005
09671,BTW2017,2017,party_group_fdp,10.6,reported,AI005
09671,BTW2017,2017,party_group_greens,8.7,reported,AI005
09671,BTW2017,2017,party_group_left,5.4,reported,AI005
09671,BTW2017,2017,party_group_afd,11.5,reported,AI005
09672,BTW2017,2017,party_group_cdu_csu,45.2,reported,AI005
09672,BTW2017,2017,party_group_spd,15.2,reported,AI005
09672,BTW2017,2017,party_group_fdp,9.2,reported,AI005
09672,BTW2017,2017,party_group_greens,7.0,reported,AI005
09672,BTW2017,2017,party_group_left,5.8,reported,AI005
09672,BTW2017,2017,party_group_afd,11.4,reported,AI005
09673,BTW2017,2017,party_group_cdu_csu,46.7,reported,AI005
09673,BTW2017,2017,party_group_spd,14.2,reported,AI005
09673,BTW2017,2017,party_group_fdp,9.3,reported,AI005
09673,BTW2017,2017,party_group_greens,7.0,reported,AI005
09673,BTW2017,2017,party_group_left,6.1,reported,AI005
09673,BTW2017,2017,party_group_afd,10.4,reported,AI005
09674,BTW2017,2017,party_group_cdu_csu,42.0,reported,AI005
09674,BTW2017,2017,party_group_spd,18.0,reported,AI005
09674,BTW2017,2017,party_group_fdp,8.1,reported,AI005
09674,BTW2017,2017,party_group_greens,6.0,reported,AI005
09674,BTW2017,2017,party_group_left,5.9,reported,AI005
09674,BTW2017,2017,party_group_afd,12.9,reported,AI005
09675,BTW2017,2017,party_group_cdu_csu,41.4,reported,AI005
09675,BTW2017,2017,party_group_spd,16.7,reported,AI005
09675,BTW2017,2017,party_group_fdp,9.3,reported,AI005
09675,BTW2017,2017,party_group_greens,8.4,reported,AI005
09675,BTW2017,2017,party_group_left,5.4,reported,AI005
09675,BTW2017,2017,party_group_afd,10.9,reported,AI005
09676,BTW2017,2017,party_group_cdu_csu,40.7,reported,AI005
09676,BTW2017,2017,party_group_spd,17.8,reported,AI005
09676,BTW2017,2017,party_group_fdp,9.7,reported,AI005
09676,BTW2017,2017,party_group_greens,7.8,reported,AI005
09676,BTW2017,2017,party_group_left,5.8,reported,AI005
09676,BTW2017,2017,party_group_afd,11.3,reported,AI005
09677,BTW2017,2017,party_group_cdu_csu,42.9,reported,AI005
09677,BTW2017,2017,party_group_spd,19.2,reported,AI005
09677,BTW2017,2017,party_group_fdp,8.0,reported,AI005
09677,BTW2017,2017,party_group_greens,7.5,reported,AI005
09677,BTW2017,2017,party_group_left,5.2,reported,AI005
09677,BTW2017,2017,party_group_afd,10.4,reported,AI005
09678,BTW2017,2017,party_group_cdu_csu,44.2,reported,AI005
09678,BTW2017,2017,party_group_spd,15.9,reported,AI005
09678,BTW2017,2017,party_group_fdp,8.6,reported,AI005
09678,BTW2017,2017,party_group_greens,7.1,reported,AI005
09678,BTW2017,2017,party_group_left,6.3,reported,AI005
09678,BTW2017,2017,party_group_afd,12.0,reported,AI005
09679,BTW2017,2017,party_group_cdu_csu,41.1,reported,AI005
09679,BTW2017,2017,party_group_spd,18.3,reported,AI005
09679,BTW2017,2017,party_group_fdp,9.6,reported,AI005
09679,BTW2017,2017,party_group_greens,10.5,reported,AI005
09679,BTW2017,2017,party_group_left,5.6,reported,AI005
09679,BTW2017,2017,party_group_afd,9.1,reported,AI005
09761,BTW2017,2017,party_group_cdu_csu,31.2,reported,AI005
09761,BTW2017,2017,party_group_spd,16.1,reported,AI005
09761,BTW2017,2017,party_group_fdp,9.9,reported,AI005
09761,BTW2017,2017,party_group_greens,12.8,reported,AI005
09761,BTW2017,2017,party_group_left,9.3,reported,AI005
09761,BTW2017,2017,party_group_afd,13.6,reported,AI005
09762,BTW2017,2017,party_group_cdu_csu,36.3,reported,AI005
09762,BTW2017,2017,party_group_spd,13.8,reported,AI005
09762,BTW2017,2017,party_group_fdp,11.2,reported,AI005
09762,BTW2017,2017,party_group_greens,9.8,reported,AI005
09762,BTW2017,2017,party_group_left,8.2,reported,AI005
09762,BTW2017,2017,party_group_afd,14.0,reported,AI005
09763,BTW2017,2017,party_group_cdu_csu,34.0,reported,AI005
09763,BTW2017,2017,party_group_spd,14.3,reported,AI005
09763,BTW2017,2017,party_group_fdp,11.7,reported,AI005
09763,BTW2017,2017,party_group_greens,11.3,reported,AI005
09763,BTW2017,2017,party_group_left,7.5,reported,AI005
09763,BTW2017,2017,party_group_afd,13.4,reported,AI005
09764,BTW2017,2017,party_group_cdu_csu,35.4,reported,AI005
09764,BTW2017,2017,party_group_spd,16.0,reported,AI005
09764,BTW2017,2017,party_group_fdp,11.0,reported,AI005
09764,BTW2017,2017,party_group_greens,8.9,reported,AI005
09764,BTW2017,2017,party_group_left,6.2,reported,AI005
09764,BTW2017,2017,party_group_afd,15.3,reported,AI005
09771,BTW2017,2017,party_group_cdu_csu,43.2,reported,AI005
09771,BTW2017,2017,party_group_spd,11.7,reported,AI005
09771,BTW2017,2017,party_group_fdp,10.4,reported,AI005
09771,BTW2017,2017,party_group_greens,8.3,reported,AI005
09771,BTW2017,2017,party_group_left,4.4,reported,AI005
09771,BTW2017,2017,party_group_afd,14.3,reported,AI005
09772,BTW2017,2017,party_group_cdu_csu,40.6,reported,AI005
09772,BTW2017,2017,party_group_spd,13.1,reported,AI005
09772,BTW2017,2017,party_group_fdp,10.3,reported,AI005
09772,BTW2017,2017,party_group_greens,8.8,reported,AI005
09772,BTW2017,2017,party_group_left,5.3,reported,AI005
09772,BTW2017,2017,party_group_afd,13.8,reported,AI005
09773,BTW2017,2017,party_group_cdu_csu,40.2,reported,AI005
09773,BTW2017,2017,party_group_spd,13.4,reported,AI005
09773,BTW2017,2017,party_group_fdp,10.0,reported,AI005
09773,BTW2017,2017,party_group_greens,6.7,reported,AI005
09773,BTW2017,2017,party_group_left,4.6,reported,AI005
09773,BTW2017,2017,party_group_afd,16.6,reported,AI005
09774,BTW2017,2017,party_group_cdu_csu,41.5,reported,AI005
09774,BTW2017,2017,party_group_spd,12.8,reported,AI005
09774,BTW2017,2017,party_group_fdp,9.7,reported,AI005
09774,BTW2017,2017,party_group_greens,7.0,reported,AI005
09774,BTW2017,2017,party_group_left,4.8,reported,AI005
09774,BTW2017,2017,party_group_afd,16.0,reported,AI005
09775,BTW2017,2017,party_group_cdu_csu,37.5,reported,AI005
09775,BTW2017,2017,party_group_spd,15.3,reported,AI005
09775,BTW2017,2017,party_group_fdp,10.9,reported,AI005
09775,BTW2017,2017,party_group_greens,9.6,reported,AI005
09775,BTW2017,2017,party_group_left,5.7,reported,AI005
09775,BTW2017,2017,party_group_afd,14.2,reported,AI005
09776,BTW2017,2017,party_group_cdu_csu,40.7,reported,AI005
09776,BTW2017,2017,party_group_spd,13.3,reported,AI005
09776,BTW2017,2017,party_group_fdp,10.4,reported,AI005
09776,BTW2017,2017,party_group_greens,12.9,reported,AI005
09776,BTW2017,2017,party_group_left,7.0,reported,AI005
09776,BTW2017,2017,party_group_afd,9.0,reported,AI005
09777,BTW2017,2017,party_group_cdu_csu,45.1,reported,AI005
09777,BTW2017,2017,party_group_spd,11.4,reported,AI005
09777,BTW2017,2017,party_group_fdp,10.1,reported,AI005
09777,BTW2017,2017,party_group_greens,8.7,reported,AI005
09777,BTW2017,2017,party_group_left,5.1,reported,AI005
09777,BTW2017,2017,party_group_afd,11.5,reported,AI005
09778,BTW2017,2017,party_group_cdu_csu,43.0,reported,AI005
09778,BTW2017,2017,party_group_spd,10.7,reported,AI005
09778,BTW2017,2017,party_group_fdp,10.4,reported,AI005
09778,BTW2017,2017,party_group_greens,7.3,reported,AI005
09778,BTW2017,2017,party_group_left,4.4,reported,AI005
09778,BTW2017,2017,party_group_afd,15.3,reported,AI005
09779,BTW2017,2017,party_group_cdu_csu,44.6,reported,AI005
09779,BTW2017,2017,party_group_spd,14.9,reported,AI005
09779,BTW2017,2017,party_group_fdp,8.6,reported,AI005
09779,BTW2017,2017,party_group_greens,7.1,reported,AI005
09779,BTW2017,2017,party_group_left,4.7,reported,AI005
09779,BTW2017,2017,party_group_afd,13.2,reported,AI005
09780,BTW2017,2017,party_group_cdu_csu,44.7,reported,AI005
09780,BTW2017,2017,party_group_spd,11.3,reported,AI005
09780,BTW2017,2017,party_group_fdp,10.7,reported,AI005
09780,BTW2017,2017,party_group_greens,10.5,reported,AI005
09780,BTW2017,2017,party_group_left,4.6,reported,AI005
09780,BTW2017,2017,party_group_afd,10.3,reported,AI005
10041,BTW2017,2017,party_group_cdu_csu,29.1,reported,AI005
10041,BTW2017,2017,party_group_spd,26.8,reported,AI005
10041,BTW2017,2017,party_group_fdp,8.0,reported,AI005
10041,BTW2017,2017,party_group_greens,7.4,reported,AI005
10041,BTW2017,2017,party_group_left,14.4,reported,AI005
10041,BTW2017,2017,party_group_afd,10.0,reported,AI005
10042,BTW2017,2017,party_group_cdu_csu,34.8,reported,AI005
10042,BTW2017,2017,party_group_spd,26.9,reported,AI005
10042,BTW2017,2017,party_group_fdp,7.9,reported,AI005
10042,BTW2017,2017,party_group_greens,5.3,reported,AI005
10042,BTW2017,2017,party_group_left,12.4,reported,AI005
10042,BTW2017,2017,party_group_afd,9.3,reported,AI005
10043,BTW2017,2017,party_group_cdu_csu,30.4,reported,AI005
10043,BTW2017,2017,party_group_spd,30.3,reported,AI005
10043,BTW2017,2017,party_group_fdp,6.7,reported,AI005
10043,BTW2017,2017,party_group_greens,4.7,reported,AI005
10043,BTW2017,2017,party_group_left,13.3,reported,AI005
10043,BTW2017,2017,party_group_afd,10.9,reported,AI005
10044,BTW2017,2017,party_group_cdu_csu,33.7,reported,AI005
10044,BTW2017,2017,party_group_spd,26.7,reported,AI005
10044,BTW2017,2017,party_group_fdp,7.5,reported,AI005
10044,BTW2017,2017,party_group_greens,5.4,reported,AI005
10044,BTW2017,2017,party_group_left,12.9,reported,AI005
10044,BTW2017,2017,party_group_afd,10.1,reported,AI005
10045,BTW2017,2017,party_group_cdu_csu,32.8,reported,AI005
10045,BTW2017,2017,party_group_spd,25.8,reported,AI005
10045,BTW2017,2017,party_group_fdp,8.4,reported,AI005
10045,BTW2017,2017,party_group_greens,6.4,reported,AI005
10045,BTW2017,2017,party_group_left,11.6,reported,AI005
10045,BTW2017,2017,party_group_afd,11.3,reported,AI005
10046,BTW2017,2017,party_group_cdu_csu,39.7,reported,AI005
10046,BTW2017,2017,party_group_spd,27.3,reported,AI005
10046,BTW2017,2017,party_group_fdp,6.4,reported,AI005
10046,BTW2017,2017,party_group_greens,4.7,reported,AI005
10046,BTW2017,2017,party_group_left,10.1,reported,AI005
10046,BTW2017,2017,party_group_afd,8.3,reported,AI005
11000,BTW2017,2017,party_group_cdu_csu,22.7,reported,AI005
11000,BTW2017,2017,party_group_spd,17.9,reported,AI005
11000,BTW2017,2017,party_group_fdp,8.9,reported,AI005
11000,BTW2017,2017,party_group_greens,12.6,reported,AI005
11000,BTW2017,2017,party_group_left,18.8,reported,AI005
11000,BTW2017,2017,party_group_afd,12.0,reported,AI005
12051,BTW2017,2017,party_group_cdu_csu,28.0,reported,AI005
12051,BTW2017,2017,party_group_spd,20.6,reported,AI005
12051,BTW2017,2017,party_group_fdp,6.1,reported,AI005
12051,BTW2017,2017,party_group_greens,4.6,reported,AI005
12051,BTW2017,2017,party_group_left,17.3,reported,AI005
12051,BTW2017,2017,party_group_afd,17.3,reported,AI005
12052,BTW2017,2017,party_group_cdu_csu,22.9,reported,AI005
12052,BTW2017,2017,party_group_spd,15.4,reported,AI005
12052,BTW2017,2017,party_group_fdp,8.1,reported,AI005
12052,BTW2017,2017,party_group_greens,3.8,reported,AI005
12052,BTW2017,2017,party_group_left,18.5,reported,AI005
12052,BTW2017,2017,party_group_afd,24.3,reported,AI005
12053,BTW2017,2017,party_group_cdu_csu,23.2,reported,AI005
12053,BTW2017,2017,party_group_spd,15.8,reported,AI005
12053,BTW2017,2017,party_group_fdp,6.1,reported,AI005
12053,BTW2017,2017,party_group_greens,4.8,reported,AI005
12053,BTW2017,2017,party_group_left,21.6,reported,AI005
12053,BTW2017,2017,party_group_afd,21.9,reported,AI005
12054,BTW2017,2017,party_group_cdu_csu,21.6,reported,AI005
12054,BTW2017,2017,party_group_spd,18.3,reported,AI005
12054,BTW2017,2017,party_group_fdp,8.2,reported,AI005
12054,BTW2017,2017,party_group_greens,10.9,reported,AI005
12054,BTW2017,2017,party_group_left,21.2,reported,AI005
12054,BTW2017,2017,party_group_afd,12.8,reported,AI005
12060,BTW2017,2017,party_group_cdu_csu,25.4,reported,AI005
12060,BTW2017,2017,party_group_spd,15.3,reported,AI005
12060,BTW2017,2017,party_group_fdp,6.2,reported,AI005
12060,BTW2017,2017,party_group_greens,5.0,reported,AI005
12060,BTW2017,2017,party_group_left,20.6,reported,AI005
12060,BTW2017,2017,party_group_afd,20.6,reported,AI005
12061,BTW2017,2017,party_group_cdu_csu,26.7,reported,AI005
12061,BTW2017,2017,party_group_spd,17.3,reported,AI005
12061,BTW2017,2017,party_group_fdp,7.1,reported,AI005
12061,BTW2017,2017,party_group_greens,4.7,reported,AI005
12061,BTW2017,2017,party_group_left,16.2,reported,AI005
12061,BTW2017,2017,party_group_afd,21.4,reported,AI005
12062,BTW2017,2017,party_group_cdu_csu,29.6,reported,AI005
12062,BTW2017,2017,party_group_spd,15.5,reported,AI005
12062,BTW2017,2017,party_group_fdp,6.5,reported,AI005
12062,BTW2017,2017,party_group_greens,2.5,reported,AI005
12062,BTW2017,2017,party_group_left,14.8,reported,AI005
12062,BTW2017,2017,party_group_afd,24.2,reported,AI005
12063,BTW2017,2017,party_group_cdu_csu,28.8,reported,AI005
12063,BTW2017,2017,party_group_spd,19.3,reported,AI005
12063,BTW2017,2017,party_group_fdp,7.4,reported,AI005
12063,BTW2017,2017,party_group_greens,6.2,reported,AI005
12063,BTW2017,2017,party_group_left,14.7,reported,AI005
12063,BTW2017,2017,party_group_afd,18.0,reported,AI005
12064,BTW2017,2017,party_group_cdu_csu,25.3,reported,AI005
12064,BTW2017,2017,party_group_spd,15.8,reported,AI005
12064,BTW2017,2017,party_group_fdp,6.6,reported,AI005
12064,BTW2017,2017,party_group_greens,4.5,reported,AI005
12064,BTW2017,2017,party_group_left,20.2,reported,AI005
12064,BTW2017,2017,party_group_afd,20.8,reported,AI005
12065,BTW2017,2017,party_group_cdu_csu,28.0,reported,AI005
12065,BTW2017,2017,party_group_spd,18.6,reported,AI005
12065,BTW2017,2017,party_group_fdp,7.3,reported,AI005
12065,BTW2017,2017,party_group_greens,5.6,reported,AI005
12065,BTW2017,2017,party_group_left,14.9,reported,AI005
12065,BTW2017,2017,party_group_afd,19.3,reported,AI005
12066,BTW2017,2017,party_group_cdu_csu,25.8,reported,AI005
12066,BTW2017,2017,party_group_spd,16.0,reported,AI005
12066,BTW2017,2017,party_group_fdp,6.9,reported,AI005
12066,BTW2017,2017,party_group_greens,2.7,reported,AI005
12066,BTW2017,2017,party_group_left,16.3,reported,AI005
12066,BTW2017,2017,party_group_afd,25.9,reported,AI005
12067,BTW2017,2017,party_group_cdu_csu,24.9,reported,AI005
12067,BTW2017,2017,party_group_spd,16.6,reported,AI005
12067,BTW2017,2017,party_group_fdp,6.9,reported,AI005
12067,BTW2017,2017,party_group_greens,4.1,reported,AI005
12067,BTW2017,2017,party_group_left,18.2,reported,AI005
12067,BTW2017,2017,party_group_afd,22.1,reported,AI005
12068,BTW2017,2017,party_group_cdu_csu,29.8,reported,AI005
12068,BTW2017,2017,party_group_spd,20.4,reported,AI005
12068,BTW2017,2017,party_group_fdp,5.3,reported,AI005
12068,BTW2017,2017,party_group_greens,4.0,reported,AI005
12068,BTW2017,2017,party_group_left,16.8,reported,AI005
12068,BTW2017,2017,party_group_afd,18.5,reported,AI005
12069,BTW2017,2017,party_group_cdu_csu,29.0,reported,AI005
12069,BTW2017,2017,party_group_spd,19.3,reported,AI005
12069,BTW2017,2017,party_group_fdp,9.2,reported,AI005
12069,BTW2017,2017,party_group_greens,7.3,reported,AI005
12069,BTW2017,2017,party_group_left,14.4,reported,AI005
12069,BTW2017,2017,party_group_afd,15.4,reported,AI005
12070,BTW2017,2017,party_group_cdu_csu,30.4,reported,AI005
12070,BTW2017,2017,party_group_spd,21.8,reported,AI005
12070,BTW2017,2017,party_group_fdp,5.8,reported,AI005
12070,BTW2017,2017,party_group_greens,3.0,reported,AI005
12070,BTW2017,2017,party_group_left,16.4,reported,AI005
12070,BTW2017,2017,party_group_afd,18.3,reported,AI005
12071,BTW2017,2017,party_group_cdu_csu,25.1,reported,AI005
12071,BTW2017,2017,party_group_spd,15.0,reported,AI005
12071,BTW2017,2017,party_group_fdp,7.3,reported,AI005
12071,BTW2017,2017,party_group_greens,2.6,reported,AI005
12071,BTW2017,2017,party_group_left,14.9,reported,AI005
12071,BTW2017,2017,party_group_afd,28.9,reported,AI005
12072,BTW2017,2017,party_group_cdu_csu,27.1,reported,AI005
12072,BTW2017,2017,party_group_spd,18.5,reported,AI005
12072,BTW2017,2017,party_group_fdp,7.7,reported,AI005
12072,BTW2017,2017,party_group_greens,4.7,reported,AI005
12072,BTW2017,2017,party_group_left,15.7,reported,AI005
12072,BTW2017,2017,party_group_afd,20.0,reported,AI005
12073,BTW2017,2017,party_group_cdu_csu,30.1,reported,AI005
12073,BTW2017,2017,party_group_spd,17.8,reported,AI005
12073,BTW2017,2017,party_group_fdp,5.1,reported,AI005
12073,BTW2017,2017,party_group_greens,3.3,reported,AI005
12073,BTW2017,2017,party_group_left,17.8,reported,AI005
12073,BTW2017,2017,party_group_afd,20.8,reported,AI005
13003,BTW2017,2017,party_group_cdu_csu,28.4,reported,AI005
13003,BTW2017,2017,party_group_spd,16.4,reported,AI005
13003,BTW2017,2017,party_group_fdp,6.4,reported,AI005
13003,BTW2017,2017,party_group_greens,7.0,reported,AI005
13003,BTW2017,2017,party_group_left,22.1,reported,AI005
13003,BTW2017,2017,party_group_afd,14.7,reported,AI005
13004,BTW2017,2017,party_group_cdu_csu,30.1,reported,AI005
13004,BTW2017,2017,party_group_spd,18.6,reported,AI005
13004,BTW2017,2017,party_group_fdp,6.6,reported,AI005
13004,BTW2017,2017,party_group_greens,5.3,reported,AI005
13004,BTW2017,2017,party_group_left,19.1,reported,AI005
13004,BTW2017,2017,party_group_afd,15.6,reported,AI005
13071,BTW2017,2017,party_group_cdu_csu,34.5,reported,AI005
13071,BTW2017,2017,party_group_spd,13.7,reported,AI005
13071,BTW2017,2017,party_group_fdp,5.6,reported,AI005
13071,BTW2017,2017,party_group_greens,3.2,reported,AI005
13071,BTW2017,2017,party_group_left,18.9,reported,AI005
13071,BTW2017,2017,party_group_afd,19.6,reported,AI005
13072,BTW2017,2017,party_group_cdu_csu,36.0,reported,AI005
13072,BTW2017,2017,party_group_spd,14.8,reported,AI005
13072,BTW2017,2017,party_group_fdp,6.5,reported,AI005
13072,BTW2017,2017,party_group_greens,3.9,reported,AI005
13072,BTW2017,2017,party_group_left,16.1,reported,AI005
13072,BTW2017,2017,party_group_afd,18.2,reported,AI005
13073,BTW2017,2017,party_group_cdu_csu,33.9,reported,AI005
13073,BTW2017,2017,party_group_spd,12.2,reported,AI005
13073,BTW2017,2017,party_group_fdp,6.5,reported,AI005
13073,BTW2017,2017,party_group_greens,4.0,reported,AI005
13073,BTW2017,2017,party_group_left,18.0,reported,AI005
13073,BTW2017,2017,party_group_afd,20.5,reported,AI005
13074,BTW2017,2017,party_group_cdu_csu,32.7,reported,AI005
13074,BTW2017,2017,party_group_spd,18.9,reported,AI005
13074,BTW2017,2017,party_group_fdp,6.2,reported,AI005
13074,BTW2017,2017,party_group_greens,4.5,reported,AI005
13074,BTW2017,2017,party_group_left,16.3,reported,AI005
13074,BTW2017,2017,party_group_afd,17.0,reported,AI005
13075,BTW2017,2017,party_group_cdu_csu,32.6,reported,AI005
13075,BTW2017,2017,party_group_spd,11.8,reported,AI005
13075,BTW2017,2017,party_group_fdp,6.3,reported,AI005
13075,BTW2017,2017,party_group_greens,4.1,reported,AI005
13075,BTW2017,2017,party_group_left,16.3,reported,AI005
13075,BTW2017,2017,party_group_afd,22.7,reported,AI005
13076,BTW2017,2017,party_group_cdu_csu,34.5,reported,AI005
13076,BTW2017,2017,party_group_spd,17.9,reported,AI005
13076,BTW2017,2017,party_group_fdp,6.1,reported,AI005
13076,BTW2017,2017,party_group_greens,3.1,reported,AI005
13076,BTW2017,2017,party_group_left,16.1,reported,AI005
13076,BTW2017,2017,party_group_afd,17.7,reported,AI005
14511,BTW2017,2017,party_group_cdu_csu,24.9,reported,AI005
14511,BTW2017,2017,party_group_spd,11.9,reported,AI005
14511,BTW2017,2017,party_group_fdp,8.4,reported,AI005
14511,BTW2017,2017,party_group_greens,4.7,reported,AI005
14511,BTW2017,2017,party_group_left,19.2,reported,AI005
14511,BTW2017,2017,party_group_afd,24.3,reported,AI005
14521,BTW2017,2017,party_group_cdu_csu,31.0,reported,AI005
14521,BTW2017,2017,party_group_spd,9.6,reported,AI005
14521,BTW2017,2017,party_group_fdp,7.3,reported,AI005
14521,BTW2017,2017,party_group_greens,2.3,reported,AI005
14521,BTW2017,2017,party_group_left,14.3,reported,AI005
14521,BTW2017,2017,party_group_afd,28.9,reported,AI005
14522,BTW2017,2017,party_group_cdu_csu,28.3,reported,AI005
14522,BTW2017,2017,party_group_spd,10.0,reported,AI005
14522,BTW2017,2017,party_group_fdp,7.9,reported,AI005
14522,BTW2017,2017,party_group_greens,2.8,reported,AI005
14522,BTW2017,2017,party_group_left,14.6,reported,AI005
14522,BTW2017,2017,party_group_afd,30.4,reported,AI005
14523,BTW2017,2017,party_group_cdu_csu,30.2,reported,AI005
14523,BTW2017,2017,party_group_spd,11.4,reported,AI005
14523,BTW2017,2017,party_group_fdp,7.2,reported,AI005
14523,BTW2017,2017,party_group_greens,3.0,reported,AI005
14523,BTW2017,2017,party_group_left,16.0,reported,AI005
14523,BTW2017,2017,party_group_afd,26.4,reported,AI005
14524,BTW2017,2017,party_group_cdu_csu,30.3,reported,AI005
14524,BTW2017,2017,party_group_spd,10.8,reported,AI005
14524,BTW2017,2017,party_group_fdp,7.7,reported,AI005
14524,BTW2017,2017,party_group_greens,3.0,reported,AI005
14524,BTW2017,2017,party_group_left,16.4,reported,AI005
14524,BTW2017,2017,party_group_afd,26.0,reported,AI005
14612,BTW2017,2017,party_group_cdu_csu,23.5,reported,AI005
14612,BTW2017,2017,party_group_spd,10.2,reported,AI005
14612,BTW2017,2017,party_group_fdp,9.9,reported,AI005
14612,BTW2017,2017,party_group_greens,8.7,reported,AI005
14612,BTW2017,2017,party_group_left,17.6,reported,AI005
14612,BTW2017,2017,party_group_afd,22.5,reported,AI005
14625,BTW2017,2017,party_group_cdu_csu,26.9,reported,AI005
14625,BTW2017,2017,party_group_spd,9.1,reported,AI005
14625,BTW2017,2017,party_group_fdp,8.0,reported,AI005
14625,BTW2017,2017,party_group_greens,2.6,reported,AI005
14625,BTW2017,2017,party_group_left,14.0,reported,AI005
14625,BTW2017,2017,party_group_afd,32.5,reported,AI005
14626,BTW2017,2017,party_group_cdu_csu,26.7,reported,AI005
14626,BTW2017,2017,party_group_spd,9.3,reported,AI005
14626,BTW2017,2017,party_group_fdp,7.0,reported,AI005
14626,BTW2017,2017,party_group_greens,2.9,reported,AI005
14626,BTW2017,2017,party_group_left,14.0,reported,AI005
14626,BTW2017,2017,party_group_afd,32.9,reported,AI005
14627,BTW2017,2017,party_group_cdu_csu,26.1,reported,AI005
14627,BTW2017,2017,party_group_spd,8.7,reported,AI005
14627,BTW2017,2017,party_group_fdp,8.7,reported,AI005
14627,BTW2017,2017,party_group_greens,3.7,reported,AI005
14627,BTW2017,2017,party_group_left,13.3,reported,AI005
14627,BTW2017,2017,party_group_afd,32.9,reported,AI005
14628,BTW2017,2017,party_group_cdu_csu,25.6,reported,AI005
14628,BTW2017,2017,party_group_spd,7.8,reported,AI005
14628,BTW2017,2017,party_group_fdp,8.3,reported,AI005
14628,BTW2017,2017,party_group_greens,3.0,reported,AI005
14628,BTW2017,2017,party_group_left,12.8,reported,AI005
14628,BTW2017,2017,party_group_afd,35.5,reported,AI005
14713,BTW2017,2017,party_group_cdu_csu,22.7,reported,AI005
14713,BTW2017,2017,party_group_spd,13.0,reported,AI005
14713,BTW2017,2017,party_group_fdp,8.5,reported,AI005
14713,BTW2017,2017,party_group_greens,8.8,reported,AI005
14713,BTW2017,2017,party_group_left,21.0,reported,AI005
14713,BTW2017,2017,party_group_afd,18.3,reported,AI005
14729,BTW2017,2017,party_group_cdu_csu,30.1,reported,AI005
14729,BTW2017,2017,party_group_spd,11.4,reported,AI005
14729,BTW2017,2017,party_group_fdp,8.1,reported,AI005
14729,BTW2017,2017,party_group_greens,3.2,reported,AI005
14729,BTW2017,2017,party_group_left,14.7,reported,AI005
14729,BTW2017,2017,party_group_afd,26.9,reported,AI005
14730,BTW2017,2017,party_group_cdu_csu,29.4,reported,AI005
14730,BTW2017,2017,party_group_spd,12.5,reported,AI005
14730,BTW2017,2017,party_group_fdp,7.9,reported,AI005
14730,BTW2017,2017,party_group_greens,2.6,reported,AI005
14730,BTW2017,2017,party_group_left,14.7,reported,AI005
14730,BTW2017,2017,party_group_afd,26.9,reported,AI005
15001,BTW2017,2017,party_group_cdu_csu,29.4,reported,AI005
15001,BTW2017,2017,party_group_spd,14.3,reported,AI005
15001,BTW2017,2017,party_group_fdp,8.1,reported,AI005
15001,BTW2017,2017,party_group_greens,4.7,reported,AI005
15001,BTW2017,2017,party_group_left,18.1,reported,AI005
15001,BTW2017,2017,party_group_afd,20.1,reported,AI005
15002,BTW2017,2017,party_group_cdu_csu,25.7,reported,AI005
15002,BTW2017,2017,party_group_spd,14.4,reported,AI005
15002,BTW2017,2017,party_group_fdp,8.8,reported,AI005
15002,BTW2017,2017,party_group_greens,7.6,reported,AI005
15002,BTW2017,2017,party_group_left,19.9,reported,AI005
15002,BTW2017,2017,party_group_afd,17.1,reported,AI005
15003,BTW2017,2017,party_group_cdu_csu,26.6,reported,AI005
15003,BTW2017,2017,party_group_spd,16.9,reported,AI005
15003,BTW2017,2017,party_group_fdp,8.1,reported,AI005
15003,BTW2017,2017,party_group_greens,6.0,reported,AI005
15003,BTW2017,2017,party_group_left,19.2,reported,AI005
15003,BTW2017,2017,party_group_afd,15.7,reported,AI005
15081,BTW2017,2017,party_group_cdu_csu,34.0,reported,AI005
15081,BTW2017,2017,party_group_spd,17.4,reported,AI005
15081,BTW2017,2017,party_group_fdp,6.7,reported,AI005
15081,BTW2017,2017,party_group_greens,3.5,reported,AI005
15081,BTW2017,2017,party_group_left,18.6,reported,AI005
15081,BTW2017,2017,party_group_afd,15.6,reported,AI005
15082,BTW2017,2017,party_group_cdu_csu,30.9,reported,AI005
15082,BTW2017,2017,party_group_spd,13.6,reported,AI005
15082,BTW2017,2017,party_group_fdp,7.3,reported,AI005
15082,BTW2017,2017,party_group_greens,2.4,reported,AI005
15082,BTW2017,2017,party_group_left,17.5,reported,AI005
15082,BTW2017,2017,party_group_afd,22.4,reported,AI005
15083,BTW2017,2017,party_group_cdu_csu,32.5,reported,AI005
15083,BTW2017,2017,party_group_spd,16.4,reported,AI005
15083,BTW2017,2017,party_group_fdp,7.6,reported,AI005
15083,BTW2017,2017,party_group_greens,2.8,reported,AI005
15083,BTW2017,2017,party_group_left,16.2,reported,AI005
15083,BTW2017,2017,party_group_afd,18.8,reported,AI005
15084,BTW2017,2017,party_group_cdu_csu,30.1,reported,AI005
15084,BTW2017,2017,party_group_spd,13.2,reported,AI005
15084,BTW2017,2017,party_group_fdp,7.8,reported,AI005
15084,BTW2017,2017,party_group_greens,2.6,reported,AI005
15084,BTW2017,2017,party_group_left,16.4,reported,AI005
15084,BTW2017,2017,party_group_afd,24.3,reported,AI005
15085,BTW2017,2017,party_group_cdu_csu,34.0,reported,AI005
15085,BTW2017,2017,party_group_spd,16.3,reported,AI005
15085,BTW2017,2017,party_group_fdp,7.0,reported,AI005
15085,BTW2017,2017,party_group_greens,3.6,reported,AI005
15085,BTW2017,2017,party_group_left,17.5,reported,AI005
15085,BTW2017,2017,party_group_afd,16.5,reported,AI005
15086,BTW2017,2017,party_group_cdu_csu,31.4,reported,AI005
15086,BTW2017,2017,party_group_spd,16.0,reported,AI005
15086,BTW2017,2017,party_group_fdp,8.0,reported,AI005
15086,BTW2017,2017,party_group_greens,3.0,reported,AI005
15086,BTW2017,2017,party_group_left,17.2,reported,AI005
15086,BTW2017,2017,party_group_afd,19.0,reported,AI005
15087,BTW2017,2017,party_group_cdu_csu,28.6,reported,AI005
15087,BTW2017,2017,party_group_spd,15.1,reported,AI005
15087,BTW2017,2017,party_group_fdp,7.3,reported,AI005
15087,BTW2017,2017,party_group_greens,2.1,reported,AI005
15087,BTW2017,2017,party_group_left,18.0,reported,AI005
15087,BTW2017,2017,party_group_afd,23.9,reported,AI005
15088,BTW2017,2017,party_group_cdu_csu,29.6,reported,AI005
15088,BTW2017,2017,party_group_spd,13.1,reported,AI005
15088,BTW2017,2017,party_group_fdp,9.1,reported,AI005
15088,BTW2017,2017,party_group_greens,2.7,reported,AI005
15088,BTW2017,2017,party_group_left,16.1,reported,AI005
15088,BTW2017,2017,party_group_afd,24.0,reported,AI005
15089,BTW2017,2017,party_group_cdu_csu,31.1,reported,AI005
15089,BTW2017,2017,party_group_spd,15.7,reported,AI005
15089,BTW2017,2017,party_group_fdp,7.3,reported,AI005
15089,BTW2017,2017,party_group_greens,2.5,reported,AI005
15089,BTW2017,2017,party_group_left,17.9,reported,AI005
15089,BTW2017,2017,party_group_afd,20.4,reported,AI005
15090,BTW2017,2017,party_group_cdu_csu,31.9,reported,AI005
15090,BTW2017,2017,party_group_spd,16.8,reported,AI005
15090,BTW2017,2017,party_group_fdp,7.5,reported,AI005
15090,BTW2017,2017,party_group_greens,3.2,reported,AI005
15090,BTW2017,2017,party_group_left,18.5,reported,AI005
15090,BTW2017,2017,party_group_afd,17.7,reported,AI005
15091,BTW2017,2017,party_group_cdu_csu,33.4,reported,AI005
15091,BTW2017,2017,party_group_spd,14.2,reported,AI005
15091,BTW2017,2017,party_group_fdp,6.8,reported,AI005
15091,BTW2017,2017,party_group_greens,2.8,reported,AI005
15091,BTW2017,2017,party_group_left,16.8,reported,AI005
15091,BTW2017,2017,party_group_afd,19.9,reported,AI005
16051,BTW2017,2017,party_group_cdu_csu,25.2,reported,AI005
16051,BTW2017,2017,party_group_spd,14.4,reported,AI005
16051,BTW2017,2017,party_group_fdp,8.6,reported,AI005
16051,BTW2017,2017,party_group_greens,7.0,reported,AI005
16051,BTW2017,2017,party_group_left,19.6,reported,AI005
16051,BTW2017,2017,party_group_afd,18.5,reported,AI005
16052,BTW2017,2017,party_group_cdu_csu,22.6,reported,AI005
16052,BTW2017,2017,party_group_spd,10.5,reported,AI005
16052,BTW2017,2017,party_group_fdp,8.3,reported,AI005
16052,BTW2017,2017,party_group_greens,3.0,reported,AI005
16052,BTW2017,2017,party_group_left,20.7,reported,AI005
16052,BTW2017,2017,party_group_afd,28.5,reported,AI005
16053,BTW2017,2017,party_group_cdu_csu,23.0,reported,AI005
16053,BTW2017,2017,party_group_spd,13.5,reported,AI005
16053,BTW2017,2017,party_group_fdp,9.5,reported,AI005
16053,BTW2017,2017,party_group_greens,10.2,reported,AI005
16053,BTW2017,2017,party_group_left,22.8,reported,AI005
16053,BTW2017,2017,party_group_afd,14.4,reported,AI005
16054,BTW2017,2017,party_group_cdu_csu,25.7,reported,AI005
16054,BTW2017,2017,party_group_spd,13.2,reported,AI005
16054,BTW2017,2017,party_group_fdp,7.6,reported,AI005
16054,BTW2017,2017,party_group_greens,3.7,reported,AI005
16054,BTW2017,2017,party_group_left,23.3,reported,AI005
16054,BTW2017,2017,party_group_afd,19.9,reported,AI005
16055,BTW2017,2017,party_group_cdu_csu,25.7,reported,AI005
16055,BTW2017,2017,party_group_spd,13.8,reported,AI005
16055,BTW2017,2017,party_group_fdp,8.5,reported,AI005
16055,BTW2017,2017,party_group_greens,9.9,reported,AI005
16055,BTW2017,2017,party_group_left,19.3,reported,AI005
16055,BTW2017,2017,party_group_afd,16.1,reported,AI005
16061,BTW2017,2017,party_group_cdu_csu,43.9,reported,AI005
16061,BTW2017,2017,party_group_spd,11.3,reported,AI005
16061,BTW2017,2017,party_group_fdp,8.5,reported,AI005
16061,BTW2017,2017,party_group_greens,3.3,reported,AI005
16061,BTW2017,2017,party_group_left,9.2,reported,AI005
16061,BTW2017,2017,party_group_afd,18.2,reported,AI005
16062,BTW2017,2017,party_group_cdu_csu,28.0,reported,AI005
16062,BTW2017,2017,party_group_spd,16.5,reported,AI005
16062,BTW2017,2017,party_group_fdp,7.1,reported,AI005
16062,BTW2017,2017,party_group_greens,3.5,reported,AI005
16062,BTW2017,2017,party_group_left,17.5,reported,AI005
16062,BTW2017,2017,party_group_afd,21.1,reported,AI005
16063,BTW2017,2017,party_group_cdu_csu,31.1,reported,AI005
16063,BTW2017,2017,party_group_spd,14.3,reported,AI005
16063,BTW2017,2017,party_group_fdp,6.6,reported,AI005
16063,BTW2017,2017,party_group_greens,3.3,reported,AI005
16063,BTW2017,2017,party_group_left,15.4,reported,AI005
16063,BTW2017,2017,party_group_afd,22.5,reported,AI005
16064,BTW2017,2017,party_group_cdu_csu,30.6,reported,AI005
16064,BTW2017,2017,party_group_spd,14.4,reported,AI005
16064,BTW2017,2017,party_group_fdp,7.8,reported,AI005
16064,BTW2017,2017,party_group_greens,3.2,reported,AI005
16064,BTW2017,2017,party_group_left,14.9,reported,AI005
16064,BTW2017,2017,party_group_afd,23.2,reported,AI005
16065,BTW2017,2017,party_group_cdu_csu,26.0,reported,AI005
16065,BTW2017,2017,party_group_spd,14.6,reported,AI005
16065,BTW2017,2017,party_group_fdp,7.2,reported,AI005
16065,BTW2017,2017,party_group_greens,2.4,reported,AI005
16065,BTW2017,2017,party_group_left,18.6,reported,AI005
16065,BTW2017,2017,party_group_afd,25.0,reported,AI005
16066,BTW2017,2017,party_group_cdu_csu,32.0,reported,AI005
16066,BTW2017,2017,party_group_spd,14.0,reported,AI005
16066,BTW2017,2017,party_group_fdp,6.8,reported,AI005
16066,BTW2017,2017,party_group_greens,3.6,reported,AI005
16066,BTW2017,2017,party_group_left,15.9,reported,AI005
16066,BTW2017,2017,party_group_afd,21.6,reported,AI005
16067,BTW2017,2017,party_group_cdu_csu,28.7,reported,AI005
16067,BTW2017,2017,party_group_spd,14.5,reported,AI005
16067,BTW2017,2017,party_group_fdp,7.6,reported,AI005
16067,BTW2017,2017,party_group_greens,3.4,reported,AI005
16067,BTW2017,2017,party_group_left,15.5,reported,AI005
16067,BTW2017,2017,party_group_afd,23.2,reported,AI005
16068,BTW2017,2017,party_group_cdu_csu,29.8,reported,AI005
16068,BTW2017,2017,party_group_spd,11.9,reported,AI005
16068,BTW2017,2017,party_group_fdp,7.7,reported,AI005
16068,BTW2017,2017,party_group_greens,2.9,reported,AI005
16068,BTW2017,2017,party_group_left,16.3,reported,AI005
16068,BTW2017,2017,party_group_afd,24.2,reported,AI005
16069,BTW2017,2017,party_group_cdu_csu,30.1,reported,AI005
16069,BTW2017,2017,party_group_spd,13.1,reported,AI005
16069,BTW2017,2017,party_group_fdp,6.3,reported,AI005
16069,BTW2017,2017,party_group_greens,2.9,reported,AI005
16069,BTW2017,2017,party_group_left,16.1,reported,AI005
16069,BTW2017,2017,party_group_afd,25.2,reported,AI005
16070,BTW2017,2017,party_group_cdu_csu,26.8,reported,AI005
16070,BTW2017,2017,party_group_spd,13.4,reported,AI005
16070,BTW2017,2017,party_group_fdp,7.8,reported,AI005
16070,BTW2017,2017,party_group_greens,4.1,reported,AI005
16070,BTW2017,2017,party_group_left,15.9,reported,AI005
16070,BTW2017,2017,party_group_afd,25.0,reported,AI005
16071,BTW2017,2017,party_group_cdu_csu,31.3,reported,AI005
16071,BTW2017,2017,party_group_spd,11.6,reported,AI005
16071,BTW2017,2017,party_group_fdp,8.5,reported,AI005
16071,BTW2017,2017,party_group_greens,3.6,reported,AI005
16071,BTW2017,2017,party_group_left,14.4,reported,AI005
16071,BTW2017,2017,party_group_afd,23.7,reported,AI005
16072,BTW2017,2017,party_group_cdu_csu,29.7,reported,AI005
16072,BTW2017,2017,party_group_spd,13.3,reported,AI005
16072,BTW2017,2017,party_group_fdp,6.6,reported,AI005
16072,BTW2017,2017,party_group_greens,2.8,reported,AI005
16072,BTW2017,2017,party_group_left,16.1,reported,AI005
16072,BTW2017,2017,party_group_afd,25.6,reported,AI005
16073,BTW2017,2017,party_group_cdu_csu,26.4,reported,AI005
16073,BTW2017,2017,party_group_spd,12.2,reported,AI005
16073,BTW2017,2017,party_group_fdp,7.6,reported,AI005
16073,BTW2017,2017,party_group_greens,3.1,reported,AI005
16073,BTW2017,2017,party_group_left,16.3,reported,AI005
16073,BTW2017,2017,party_group_afd,27.0,reported,AI005
16074,BTW2017,2017,party_group_cdu_csu,30.0,reported,AI005
16074,BTW2017,2017,party_group_spd,11.7,reported,AI005
16074,BTW2017,2017,party_group_fdp,8.6,reported,AI005
16074,BTW2017,2017,party_group_greens,3.3,reported,AI005
16074,BTW2017,2017,party_group_left,16.9,reported,AI005
16074,BTW2017,2017,party_group_afd,23.5,reported,AI005
16075,BTW2017,2017,party_group_cdu_csu,28.5,reported,AI005
16075,BTW2017,2017,party_group_spd,12.2,reported,AI005
16075,BTW2017,2017,party_group_fdp,7.2,reported,AI005
16075,BTW2017,2017,party_group_greens,2.7,reported,AI005
16075,BTW2017,2017,party_group_left,16.5,reported,AI005
16075,BTW2017,2017,party_group_afd,26.5,reported,AI005
16076,BTW2017,2017,party_group_cdu_csu,30.2,reported,AI005
16076,BTW2017,2017,party_group_spd,11.3,reported,AI005
16076,BTW2017,2017,party_group_fdp,8.6,reported,AI005
16076,BTW2017,2017,party_group_greens,2.8,reported,AI005
16076,BTW2017,2017,party_group_left,15.7,reported,AI005
16076,BTW2017,2017,party_group_afd,25.6,reported,AI005
16077,BTW2017,2017,party_group_cdu_csu,28.9,reported,AI005
16077,BTW2017,2017,party_group_spd,12.3,reported,AI005
16077,BTW2017,2017,party_group_fdp,7.6,reported,AI005
16077,BTW2017,2017,party_group_greens,2.3,reported,AI005
16077,BTW2017,2017,party_group_left,16.1,reported,AI005
16077,BTW2017,2017,party_group_afd,27.5,reported,AI005
01001,BTW2021,2021,party_group_cdu_csu,14.1,reported,AI005
01001,BTW2021,2021,party_group_spd,24.6,reported,AI005
01001,BTW2021,2021,party_group_fdp,9.4,reported,AI005
01001,BTW2021,2021,party_group_greens,24.2,reported,AI005
01001,BTW2021,2021,party_group_left,6.2,reported,AI005
01001,BTW2021,2021,party_group_afd,5.4,reported,AI005
01002,BTW2021,2021,party_group_cdu_csu,14.5,reported,AI005
01002,BTW2021,2021,party_group_spd,26.0,reported,AI005
01002,BTW2021,2021,party_group_fdp,10.2,reported,AI005
01002,BTW2021,2021,party_group_greens,28.9,reported,AI005
01002,BTW2021,2021,party_group_left,6.4,reported,AI005
01002,BTW2021,2021,party_group_afd,5.0,reported,AI005
01003,BTW2021,2021,party_group_cdu_csu,17.6,reported,AI005
01003,BTW2021,2021,party_group_spd,30.7,reported,AI005
01003,BTW2021,2021,party_group_fdp,10.2,reported,AI005
01003,BTW2021,2021,party_group_greens,23.0,reported,AI005
01003,BTW2021,2021,party_group_left,4.6,reported,AI005
01003,BTW2021,2021,party_group_afd,6.6,reported,AI005
01004,BTW2021,2021,party_group_cdu_csu,20.2,reported,AI005
01004,BTW2021,2021,party_group_spd,32.2,reported,AI005
01004,BTW2021,2021,party_group_fdp,11.9,reported,AI005
01004,BTW2021,2021,party_group_greens,14.6,reported,AI005
01004,BTW2021,2021,party_group_left,3.3,reported,AI005
01004,BTW2021,2021,party_group_afd,9.4,reported,AI005
01051,BTW2021,2021,party_group_cdu_csu,25.5,reported,AI005
01051,BTW2021,2021,party_group_spd,27.9,reported,AI005
01051,BTW2021,2021,party_group_fdp,14.2,reported,AI005
01051,BTW2021,2021,party_group_greens,12.0,reported,AI005
01051,BTW2021,2021,party_group_left,3.2,reported,AI005
01051,BTW2021,2021,party_group_afd,8.8,reported,AI005
01053,BTW2021,2021,party_group_cdu_csu,22.9,reported,AI005
01053,BTW2021,2021,party_group_spd,29.2,reported,AI005
01053,BTW2021,2021,party_group_fdp,13.5,reported,AI005
01053,BTW2021,2021,party_group_greens,15.8,reported,AI005
01053,BTW2021,2021,party_group_left,3.3,reported,AI005
01053,BTW2021,2021,party_group_afd,8.4,reported,AI005
01054,BTW2021,2021,party_group_cdu_csu,24.0,reported,AI005
01054,BTW2021,2021,party_group_spd,25.7,reported,AI005
01054,BTW2021,2021,party_group_fdp,12.3,reported,AI005
01054,BTW2021,2021,party_group_greens,17.0,reported,AI005
01054,BTW2021,2021,party_group_left,3.0,reported,AI005
01054,BTW2021,2021,party_group_afd,5.2,reported,AI005
01055,BTW2021,2021,party_group_cdu_csu,25.3,reported,AI005
01055,BTW2021,2021,party_group_spd,30.1,reported,AI005
01055,BTW2021,2021,party_group_fdp,12.6,reported,AI005
01055,BTW2021,2021,party_group_greens,15.5,reported,AI005
01055,BTW2021,2021,party_group_left,2.8,reported,AI005
01055,BTW2021,2021,party_group_afd,7.0,reported,AI005
01056,BTW2021,2021,party_group_cdu_csu,22.1,reported,AI005
01056,BTW2021,2021,party_group_spd,29.3,reported,AI005
01056,BTW2021,2021,party_group_fdp,13.5,reported,AI005
01056,BTW2021,2021,party_group_greens,18.0,reported,AI005
01056,BTW2021,2021,party_group_left,3.3,reported,AI005
01056,BTW2021,2021,party_group_afd,6.9,reported,AI005
01057,BTW2021,2021,party_group_cdu_csu,23.7,reported,AI005
01057,BTW2021,2021,party_group_spd,28.0,reported,AI005
01057,BTW2021,2021,party_group_fdp,11.9,reported,AI005
01057,BTW2021,2021,party_group_greens,19.0,reported,AI005
01057,BTW2021,2021,party_group_left,3.2,reported,AI005
01057,BTW2021,2021,party_group_afd,6.3,reported,AI005
01058,BTW2021,2021,party_group_cdu_csu,23.9,reported,AI005
01058,BTW2021,2021,party_group_spd,26.7,reported,AI005
01058,BTW2021,2021,party_group_fdp,12.0,reported,AI005
01058,BTW2021,2021,party_group_greens,18.4,reported,AI005
01058,BTW2021,2021,party_group_left,3.2,reported,AI005
01058,BTW2021,2021,party_group_afd,6.4,reported,AI005
01059,BTW2021,2021,party_group_cdu_csu,22.9,reported,AI005
01059,BTW2021,2021,party_group_spd,25.8,reported,AI005
01059,BTW2021,2021,party_group_fdp,11.3,reported,AI005
01059,BTW2021,2021,party_group_greens,16.4,reported,AI005
01059,BTW2021,2021,party_group_left,3.4,reported,AI005
01059,BTW2021,2021,party_group_afd,5.9,reported,AI005
01060,BTW2021,2021,party_group_cdu_csu,22.8,reported,AI005
01060,BTW2021,2021,party_group_spd,28.4,reported,AI005
01060,BTW2021,2021,party_group_fdp,14.1,reported,AI005
01060,BTW2021,2021,party_group_greens,15.9,reported,AI005
01060,BTW2021,2021,party_group_left,3.2,reported,AI005
01060,BTW2021,2021,party_group_afd,7.6,reported,AI005
01061,BTW2021,2021,party_group_cdu_csu,23.9,reported,AI005
01061,BTW2021,2021,party_group_spd,28.2,reported,AI005
01061,BTW2021,2021,party_group_fdp,13.0,reported,AI005
01061,BTW2021,2021,party_group_greens,15.3,reported,AI005
01061,BTW2021,2021,party_group_left,3.6,reported,AI005
01061,BTW2021,2021,party_group_afd,8.0,reported,AI005
01062,BTW2021,2021,party_group_cdu_csu,23.1,reported,AI005
01062,BTW2021,2021,party_group_spd,28.1,reported,AI005
01062,BTW2021,2021,party_group_fdp,14.4,reported,AI005
01062,BTW2021,2021,party_group_greens,18.3,reported,AI005
01062,BTW2021,2021,party_group_left,3.2,reported,AI005
01062,BTW2021,2021,party_group_afd,6.6,reported,AI005
02000,BTW2021,2021,party_group_cdu_csu,15.4,reported,AI005
02000,BTW2021,2021,party_group_spd,29.7,reported,AI005
02000,BTW2021,2021,party_group_fdp,11.4,reported,AI005
02000,BTW2021,2021,party_group_greens,24.9,reported,AI005
02000,BTW2021,2021,party_group_left,6.7,reported,AI005
02000,BTW2021,2021,party_group_afd,5.0,reported,AI005
03101,BTW2021,2021,party_group_cdu_csu,18.6,reported,AI005
03101,BTW2021,2021,party_group_spd,30.4,reported,AI005
03101,BTW2021,2021,party_group_fdp,10.1,reported,AI005
03101,BTW2021,2021,party_group_greens,24.0,reported,AI005
03101,BTW2021,2021,party_group_left,4.6,reported,AI005
03101,BTW2021,2021,party_group_afd,5.9,reported,AI005
03102,BTW2021,2021,party_group_cdu_csu,21.6,reported,AI005
03102,BTW2021,2021,party_group_spd,38.2,reported,AI005
03102,BTW2021,2021,party_group_fdp,8.3,reported,AI005
03102,BTW2021,2021,party_group_greens,8.9,reported,AI005
03102,BTW2021,2021,party_group_left,3.5,reported,AI005
03102,BTW2021,2021,party_group_afd,13.5,reported,AI005
03103,BTW2021,2021,party_group_cdu_csu,24.4,reported,AI005
03103,BTW2021,2021,party_group_spd,34.4,reported,AI005
03103,BTW2021,2021,party_group_fdp,10.5,reported,AI005
03103,BTW2021,2021,party_group_greens,12.7,reported,AI005
03103,BTW2021,2021,party_group_left,2.7,reported,AI005
03103,BTW2021,2021,party_group_afd,9.3,reported,AI005
03151,BTW2021,2021,party_group_cdu_csu,24.3,reported,AI005
03151,BTW2021,2021,party_group_spd,33.8,reported,AI005
03151,BTW2021,2021,party_group_fdp,10.3,reported,AI005
03151,BTW2021,2021,party_group_greens,13.1,reported,AI005
03151,BTW2021,2021,party_group_left,2.4,reported,AI005
03151,BTW2021,2021,party_group_afd,10.5,reported,AI005
03153,BTW2021,2021,party_group_cdu_csu,23.4,reported,AI005
03153,BTW2021,2021,party_group_spd,37.1,reported,AI005
03153,BTW2021,2021,party_group_fdp,9.6,reported,AI005
03153,BTW2021,2021,party_group_greens,11.9,reported,AI005
03153,BTW2021,2021,party_group_left,3.2,reported,AI005
03153,BTW2021,2021,party_group_afd,9.2,reported,AI005
03154,BTW2021,2021,party_group_cdu_csu,25.0,reported,AI005
03154,BTW2021,2021,party_group_spd,35.9,reported,AI005
03154,BTW2021,2021,party_group_fdp,9.6,reported,AI005
03154,BTW2021,2021,party_group_greens,11.4,reported,AI005
03154,BTW2021,2021,party_group_left,2.9,reported,AI005
03154,BTW2021,2021,party_group_afd,9.2,reported,AI005
03155,BTW2021,2021,party_group_cdu_csu,23.5,reported,AI005
03155,BTW2021,2021,party_group_spd,38.7,reported,AI005
03155,BTW2021,2021,party_group_fdp,10.2,reported,AI005
03155,BTW2021,2021,party_group_greens,12.0,reported,AI005
03155,BTW2021,2021,party_group_left,2.9,reported,AI005
03155,BTW2021,2021,party_group_afd,8.0,reported,AI005
03157,BTW2021,2021,party_group_cdu_csu,21.5,reported,AI005
03157,BTW2021,2021,party_group_spd,38.2,reported,AI005
03157,BTW2021,2021,party_group_fdp,9.3,reported,AI005
03157,BTW2021,2021,party_group_greens,13.1,reported,AI005
03157,BTW2021,2021,party_group_left,2.6,reported,AI005
03157,BTW2021,2021,party_group_afd,9.0,reported,AI005
03158,BTW2021,2021,party_group_cdu_csu,23.6,reported,AI005
03158,BTW2021,2021,party_group_spd,35.0,reported,AI005
03158,BTW2021,2021,party_group_fdp,9.9,reported,AI005
03158,BTW2021,2021,party_group_greens,15.3,reported,AI005
03158,BTW2021,2021,party_group_left,3.0,reported,AI005
03158,BTW2021,2021,party_group_afd,7.5,reported,AI005
03159,BTW2021,2021,party_group_cdu_csu,21.9,reported,AI005
03159,BTW2021,2021,party_group_spd,33.0,reported,AI005
03159,BTW2021,2021,party_group_fdp,9.7,reported,AI005
03159,BTW2021,2021,party_group_greens,19.0,reported,AI005
03159,BTW2021,2021,party_group_left,4.7,reported,AI005
03159,BTW2021,2021,party_group_afd,6.3,reported,AI005
03241,BTW2021,2021,party_group_cdu_csu,21.1,reported,AI005
03241,BTW2021,2021,party_group_spd,31.7,reported,AI005
03241,BTW2021,2021,party_group_fdp,10.4,reported,AI005
03241,BTW2021,2021,party_group_greens,20.5,reported,AI005
03241,BTW2021,2021,party_group_left,3.9,reported,AI005
03241,BTW2021,2021,party_group_afd,6.7,reported,AI005
03251,BTW2021,2021,party_group_cdu_csu,25.0,reported,AI005
03251,BTW2021,2021,party_group_spd,33.1,reported,AI005
03251,BTW2021,2021,party_group_fdp,12.3,reported,AI005
03251,BTW2021,2021,party_group_greens,14.6,reported,AI005
03251,BTW2021,2021,party_group_left,2.7,reported,AI005
03251,BTW2021,2021,party_group_afd,7.0,reported,AI005
03252,BTW2021,2021,party_group_cdu_csu,22.6,reported,AI005
03252,BTW2021,2021,party_group_spd,35.5,reported,AI005
03252,BTW2021,2021,party_group_fdp,10.1,reported,AI005
03252,BTW2021,2021,party_group_greens,14.3,reported,AI005
03252,BTW2021,2021,party_group_left,2.9,reported,AI005
03252,BTW2021,2021,party_group_afd,8.9,reported,AI005
03254,BTW2021,2021,party_group_cdu_csu,22.8,reported,AI005
03254,BTW2021,2021,party_group_spd,34.7,reported,AI005
03254,BTW2021,2021,party_group_fdp,9.6,reported,AI005
03254,BTW2021,2021,party_group_greens,16.6,reported,AI005
03254,BTW2021,2021,party_group_left,3.3,reported,AI005
03254,BTW2021,2021,party_group_afd,7.6,reported,AI005
03255,BTW2021,2021,party_group_cdu_csu,22.8,reported,AI005
03255,BTW2021,2021,party_group_spd,38.0,reported,AI005
03255,BTW2021,2021,party_group_fdp,11.1,reported,AI005
03255,BTW2021,2021,party_group_greens,11.3,reported,AI005
03255,BTW2021,2021,party_group_left,2.5,reported,AI005
03255,BTW2021,2021,party_group_afd,9.0,reported,AI005
03256,BTW2021,2021,party_group_cdu_csu,26.2,reported,AI005
03256,BTW2021,2021,party_group_spd,34.0,reported,AI005
03256,BTW2021,2021,party_group_fdp,10.2,reported,AI005
03256,BTW2021,2021,party_group_greens,13.1,reported,AI005
03256,BTW2021,2021,party_group_left,2.6,reported,AI005
03256,BTW2021,2021,party_group_afd,8.6,reported,AI005
03257,BTW2021,2021,party_group_cdu_csu,23.0,reported,AI005
03257,BTW2021,2021,party_group_spd,35.2,reported,AI005
03257,BTW2021,2021,party_group_fdp,10.1,reported,AI005
03257,BTW2021,2021,party_group_greens,14.6,reported,AI005
03257,BTW2021,2021,party_group_left,2.7,reported,AI005
03257,BTW2021,2021,party_group_afd,8.7,reported,AI005
03351,BTW2021,2021,party_group_cdu_csu,26.6,reported,AI005
03351,BTW2021,2021,party_group_spd,29.4,reported,AI005
03351,BTW2021,2021,party_group_fdp,12.2,reported,AI005
03351,BTW2021,2021,party_group_greens,13.9,reported,AI005
03351,BTW2021,2021,party_group_left,2.9,reported,AI005
03351,BTW2021,2021,party_group_afd,9.5,reported,AI005
03352,BTW2021,2021,party_group_cdu_csu,25.8,reported,AI005
03352,BTW2021,2021,party_group_spd,34.9,reported,AI005
03352,BTW2021,2021,party_group_fdp,10.1,reported,AI005
03352,BTW2021,2021,party_group_greens,13.0,reported,AI005
03352,BTW2021,2021,party_group_left,2.7,reported,AI005
03352,BTW2021,2021,party_group_afd,7.7,reported,AI005
03353,BTW2021,2021,party_group_cdu_csu,24.8,reported,AI005
03353,BTW2021,2021,party_group_spd,29.1,reported,AI005
03353,BTW2021,2021,party_group_fdp,12.7,reported,AI005
03353,BTW2021,2021,party_group_greens,16.7,reported,AI005
03353,BTW2021,2021,party_group_left,2.9,reported,AI005
03353,BTW2021,2021,party_group_afd,7.3,reported,AI005
03354,BTW2021,2021,party_group_cdu_csu,24.1,reported,AI005
03354,BTW2021,2021,party_group_spd,29.0,reported,AI005
03354,BTW2021,2021,party_group_fdp,7.8,reported,AI005
03354,BTW2021,2021,party_group_greens,19.8,reported,AI005
03354,BTW2021,2021,party_group_left,5.6,reported,AI005
03354,BTW2021,2021,party_group_afd,7.1,reported,AI005
03355,BTW2021,2021,party_group_cdu_csu,20.2,reported,AI005
03355,BTW2021,2021,party_group_spd,30.1,reported,AI005
03355,BTW2021,2021,party_group_fdp,10.0,reported,AI005
03355,BTW2021,2021,party_group_greens,22.7,reported,AI005
03355,BTW2021,2021,party_group_left,4.3,reported,AI005
03355,BTW2021,2021,party_group_afd,6.5,reported,AI005
03356,BTW2021,2021,party_group_cdu_csu,23.6,reported,AI005
03356,BTW2021,2021,party_group_spd,33.5,reported,AI005
03356,BTW2021,2021,party_group_fdp,10.2,reported,AI005
03356,BTW2021,2021,party_group_greens,16.0,reported,AI005
03356,BTW2021,2021,party_group_left,3.9,reported,AI005
03356,BTW2021,2021,party_group_afd,7.3,reported,AI005
03357,BTW2021,2021,party_group_cdu_csu,28.4,reported,AI005
03357,BTW2021,2021,party_group_spd,32.1,reported,AI005
03357,BTW2021,2021,party_group_fdp,10.7,reported,AI005
03357,BTW2021,2021,party_group_greens,13.6,reported,AI005
03357,BTW2021,2021,party_group_left,2.7,reported,AI005
03357,BTW2021,2021,party_group_afd,7.1,reported,AI005
03358,BTW2021,2021,party_group_cdu_csu,24.5,reported,AI005
03358,BTW2021,2021,party_group_spd,36.1,reported,AI005
03358,BTW2021,2021,party_group_fdp,9.9,reported,AI005
03358,BTW2021,2021,party_group_greens,12.8,reported,AI005
03358,BTW2021,2021,party_group_left,2.7,reported,AI005
03358,BTW2021,2021,party_group_afd,8.5,reported,AI005
03359,BTW2021,2021,party_group_cdu_csu,25.0,reported,AI005
03359,BTW2021,2021,party_group_spd,32.6,reported,AI005
03359,BTW2021,2021,party_group_fdp,11.0,reported,AI005
03359,BTW2021,2021,party_group_greens,14.9,reported,AI005
03359,BTW2021,2021,party_group_left,2.9,reported,AI005
03359,BTW2021,2021,party_group_afd,7.7,reported,AI005
03360,BTW2021,2021,party_group_cdu_csu,25.3,reported,AI005
03360,BTW2021,2021,party_group_spd,33.3,reported,AI005
03360,BTW2021,2021,party_group_fdp,10.1,reported,AI005
03360,BTW2021,2021,party_group_greens,14.1,reported,AI005
03360,BTW2021,2021,party_group_left,3.1,reported,AI005
03360,BTW2021,2021,party_group_afd,8.6,reported,AI005
03361,BTW2021,2021,party_group_cdu_csu,24.5,reported,AI005
03361,BTW2021,2021,party_group_spd,32.4,reported,AI005
03361,BTW2021,2021,party_group_fdp,10.6,reported,AI005
03361,BTW2021,2021,party_group_greens,16.2,reported,AI005
03361,BTW2021,2021,party_group_left,3.1,reported,AI005
03361,BTW2021,2021,party_group_afd,7.8,reported,AI005
03401,BTW2021,2021,party_group_cdu_csu,22.5,reported,AI005
03401,BTW2021,2021,party_group_spd,35.1,reported,AI005
03401,BTW2021,2021,party_group_fdp,9.6,reported,AI005
03401,BTW2021,2021,party_group_greens,12.8,reported,AI005
03401,BTW2021,2021,party_group_left,3.6,reported,AI005
03401,BTW2021,2021,party_group_afd,10.2,reported,AI005
03402,BTW2021,2021,party_group_cdu_csu,14.6,reported,AI005
03402,BTW2021,2021,party_group_spd,43.2,reported,AI005
03402,BTW2021,2021,party_group_fdp,8.8,reported,AI005
03402,BTW2021,2021,party_group_greens,15.5,reported,AI005
03402,BTW2021,2021,party_group_left,4.8,reported,AI005
03402,BTW2021,2021,party_group_afd,8.1,reported,AI005
03403,BTW2021,2021,party_group_cdu_csu,14.9,reported,AI005
03403,BTW2021,2021,party_group_spd,29.9,reported,AI005
03403,BTW2021,2021,party_group_fdp,9.4,reported,AI005
03403,BTW2021,2021,party_group_greens,29.5,reported,AI005
03403,BTW2021,2021,party_group_left,6.2,reported,AI005
03403,BTW2021,2021,party_group_afd,4.3,reported,AI005
03404,BTW2021,2021,party_group_cdu_csu,20.3,reported,AI005
03404,BTW2021,2021,party_group_spd,28.1,reported,AI005
03404,BTW2021,2021,party_group_fdp,9.7,reported,AI005
03404,BTW2021,2021,party_group_greens,27.3,reported,AI005
03404,BTW2021,2021,party_group_left,5.1,reported,AI005
03404,BTW2021,2021,party_group_afd,4.5,reported,AI005
03405,BTW2021,2021,party_group_cdu_csu,19.6,reported,AI005
03405,BTW2021,2021,party_group_spd,36.7,reported,AI005
03405,BTW2021,2021,party_group_fdp,10.0,reported,AI005
03405,BTW2021,2021,party_group_greens,13.6,reported,AI005
03405,BTW2021,2021,party_group_left,3.8,reported,AI005
03405,BTW2021,2021,party_group_afd,9.3,reported,AI005
03451,BTW2021,2021,party_group_cdu_csu,23.3,reported,AI005
03451,BTW2021,2021,party_group_spd,34.7,reported,AI005
03451,BTW2021,2021,party_group_fdp,11.4,reported,AI005
03451,BTW2021,2021,party_group_greens,16.2,reported,AI005
03451,BTW2021,2021,party_group_left,3.0,reported,AI005
03451,BTW2021,2021,party_group_afd,6.3,reported,AI005
03452,BTW2021,2021,party_group_cdu_csu,18.4,reported,AI005
03452,BTW2021,2021,party_group_spd,43.4,reported,AI005
03452,BTW2021,2021,party_group_fdp,8.9,reported,AI005
03452,BTW2021,2021,party_group_greens,12.4,reported,AI005
03452,BTW2021,2021,party_group_left,3.1,reported,AI005
03452,BTW2021,2021,party_group_afd,8.2,reported,AI005
03453,BTW2021,2021,party_group_cdu_csu,37.9,reported,AI005
03453,BTW2021,2021,party_group_spd,25.7,reported,AI005
03453,BTW2021,2021,party_group_fdp,11.6,reported,AI005
03453,BTW2021,2021,party_group_greens,9.3,reported,AI005
03453,BTW2021,2021,party_group_left,2.2,reported,AI005
03453,BTW2021,2021,party_group_afd,9.5,reported,AI005
03454,BTW2021,2021,party_group_cdu_csu,37.6,reported,AI005
03454,BTW2021,2021,party_group_spd,27.8,reported,AI005
03454,BTW2021,2021,party_group_fdp,11.6,reported,AI005
03454,BTW2021,2021,party_group_greens,11.1,reported,AI005
03454,BTW2021,2021,party_group_left,2.2,reported,AI005
03454,BTW2021,2021,party_group_afd,6.1,reported,AI005
03455,BTW2021,2021,party_group_cdu_csu,20.8,reported,AI005
03455,BTW2021,2021,party_group_spd,38.6,reported,AI005
03455,BTW2021,2021,party_group_fdp,10.9,reported,AI005
03455,BTW2021,2021,party_group_greens,13.5,reported,AI005
03455,BTW2021,2021,party_group_left,3.0,reported,AI005
03455,BTW2021,2021,party_group_afd,7.4,reported,AI005
03456,BTW2021,2021,party_group_cdu_csu,29.5,reported,AI005
03456,BTW2021,2021,party_group_spd,35.4,reported,AI005
03456,BTW2021,2021,party_group_fdp,11.7,reported,AI005
03456,BTW2021,2021,party_group_greens,12.6,reported,AI005
03456,BTW2021,2021,party_group_left,2.3,reported,AI005
03456,BTW2021,2021,party_group_afd,5.2,reported,AI005
03457,BTW2021,2021,party_group_cdu_csu,22.7,reported,AI005
03457,BTW2021,2021,party_group_spd,39.1,reported,AI005
03457,BTW2021,2021,party_group_fdp,9.3,reported,AI005
03457,BTW2021,2021,party_group_greens,11.8,reported,AI005
03457,BTW2021,2021,party_group_left,3.1,reported,AI005
03457,BTW2021,2021,party_group_afd,8.9,reported,AI005
03458,BTW2021,2021,party_group_cdu_csu,23.4,reported,AI005
03458,BTW2021,2021,party_group_spd,31.2,reported,AI005
03458,BTW2021,2021,party_group_fdp,13.0,reported,AI005
03458,BTW2021,2021,party_group_greens,16.6,reported,AI005
03458,BTW2021,2021,party_group_left,3.0,reported,AI005
03458,BTW2021,2021,party_group_afd,7.1,reported,AI005
03459,BTW2021,2021,party_group_cdu_csu,28.3,reported,AI005
03459,BTW2021,2021,party_group_spd,32.6,reported,AI005
03459,BTW2021,2021,party_group_fdp,10.8,reported,AI005
03459,BTW2021,2021,party_group_greens,15.3,reported,AI005
03459,BTW2021,2021,party_group_left,2.6,reported,AI005
03459,BTW2021,2021,party_group_afd,6.2,reported,AI005
03460,BTW2021,2021,party_group_cdu_csu,39.1,reported,AI005
03460,BTW2021,2021,party_group_spd,23.4,reported,AI005
03460,BTW2021,2021,party_group_fdp,12.6,reported,AI005
03460,BTW2021,2021,party_group_greens,13.1,reported,AI005
03460,BTW2021,2021,party_group_left,2.2,reported,AI005
03460,BTW2021,2021,party_group_afd,5.9,reported,AI005
03461,BTW2021,2021,party_group_cdu_csu,21.4,reported,AI005
03461,BTW2021,2021,party_group_spd,38.6,reported,AI005
03461,BTW2021,2021,party_group_fdp,10.3,reported,AI005
03461,BTW2021,2021,party_group_greens,13.3,reported,AI005
03461,BTW2021,2021,party_group_left,2.9,reported,AI005
03461,BTW2021,2021,party_group_afd,7.8,reported,AI005
03462,BTW2021,2021,party_group_cdu_csu,24.9,reported,AI005
03462,BTW2021,2021,party_group_spd,38.2,reported,AI005
03462,BTW2021,2021,party_group_fdp,10.0,reported,AI005
03462,BTW2021,2021,party_group_greens,10.5,reported,AI005
03462,BTW2021,2021,party_group_left,2.6,reported,AI005
03462,BTW2021,2021,party_group_afd,8.5,reported,AI005
04011,BTW2021,2021,party_group_cdu_csu,17.2,reported,AI005
04011,BTW2021,2021,party_group_spd,30.6,reported,AI005
04011,BTW2021,2021,party_group_fdp,9.5,reported,AI005
04011,BTW2021,2021,party_group_greens,22.1,reported,AI005
04011,BTW2021,2021,party_group_left,8.1,reported,AI005
04011,BTW2021,2021,party_group_afd,6.2,reported,AI005
04012,BTW2021,2021,party_group_cdu_csu,17.4,reported,AI005
04012,BTW2021,2021,party_group_spd,36.5,reported,AI005
04012,BTW2021,2021,party_group_fdp,8.4,reported,AI005
04012,BTW2021,2021,party_group_greens,14.1,reported,AI005
04012,BTW2021,2021,party_group_left,5.5,reported,AI005
04012,BTW2021,2021,party_group_afd,10.6,reported,AI005
05111,BTW2021,2021,party_group_cdu_csu,24.2,reported,AI005
05111,BTW2021,2021,party_group_spd,23.4,reported,AI005
05111,BTW2021,2021,party_group_fdp,14.3,reported,AI005
05111,BTW2021,2021,party_group_greens,22.5,reported,AI005
05111,BTW2021,2021,party_group_left,4.3,reported,AI005
05111,BTW2021,2021,party_group_afd,5.1,reported,AI005
05112,BTW2021,2021,party_group_cdu_csu,19.2,reported,AI005
05112,BTW2021,2021,party_group_spd,35.9,reported,AI005
05112,BTW2021,2021,party_group_fdp,8.6,reported,AI005
05112,BTW2021,2021,party_group_greens,13.1,reported,AI005
05112,BTW2021,2021,party_group_left,4.7,reported,AI005
05112,BTW2021,2021,party_group_afd,10.1,reported,AI005
05113,BTW2021,2021,party_group_cdu_csu,22.7,reported,AI005
05113,BTW2021,2021,party_group_spd,31.1,reported,AI005
05113,BTW2021,2021,party_group_fdp,10.6,reported,AI005
05113,BTW2021,2021,party_group_greens,16.7,reported,AI005
05113,BTW2021,2021,party_group_left,4.0,reported,AI005
05113,BTW2021,2021,party_group_afd,8.1,reported,AI005
05114,BTW2021,2021,party_group_cdu_csu,25.2,reported,AI005
05114,BTW2021,2021,party_group_spd,28.4,reported,AI005
05114,BTW2021,2021,party_group_fdp,12.5,reported,AI005
05114,BTW2021,2021,party_group_greens,16.2,reported,AI005
05114,BTW2021,2021,party_group_left,4.1,reported,AI005
05114,BTW2021,2021,party_group_afd,6.8,reported,AI005
05116,BTW2021,2021,party_group_cdu_csu,28.5,reported,AI005
05116,BTW2021,2021,party_group_spd,27.2,reported,AI005
05116,BTW2021,2021,party_group_fdp,12.0,reported,AI005
05116,BTW2021,2021,party_group_greens,14.1,reported,AI005
05116,BTW2021,2021,party_group_left,3.8,reported,AI005
05116,BTW2021,2021,party_group_afd,7.5,reported,AI005
05117,BTW2021,2021,party_group_cdu_csu,23.8,reported,AI005
05117,BTW2021,2021,party_group_spd,32.4,reported,AI005
05117,BTW2021,2021,party_group_fdp,11.6,reported,AI005
05117,BTW2021,2021,party_group_greens,15.8,reported,AI005
05117,BTW2021,2021,party_group_left,3.3,reported,AI005
05117,BTW2021,2021,party_group_afd,7.1,reported,AI005
05119,BTW2021,2021,party_group_cdu_csu,21.2,reported,AI005
05119,BTW2021,2021,party_group_spd,36.7,reported,AI005
05119,BTW2021,2021,party_group_fdp,9.2,reported,AI005
05119,BTW2021,2021,party_group_greens,12.1,reported,AI005
05119,BTW2021,2021,party_group_left,4.0,reported,AI005
05119,BTW2021,2021,party_group_afd,9.6,reported,AI005
05120,BTW2021,2021,party_group_cdu_csu,24.9,reported,AI005
05120,BTW2021,2021,party_group_spd,30.9,reported,AI005
05120,BTW2021,2021,party_group_fdp,12.1,reported,AI005
05120,BTW2021,2021,party_group_greens,12.5,reported,AI005
05120,BTW2021,2021,party_group_left,3.7,reported,AI005
05120,BTW2021,2021,party_group_afd,8.6,reported,AI005
05122,BTW2021,2021,party_group_cdu_csu,23.9,reported,AI005
05122,BTW2021,2021,party_group_spd,29.1,reported,AI005
05122,BTW2021,2021,party_group_fdp,12.4,reported,AI005
05122,BTW2021,2021,party_group_greens,16.3,reported,AI005
05122,BTW2021,2021,party_group_left,3.9,reported,AI005
05122,BTW2021,2021,party_group_afd,7.2,reported,AI005
05124,BTW2021,2021,party_group_cdu_csu,21.5,reported,AI005
05124,BTW2021,2021,party_group_spd,29.2,reported,AI005
05124,BTW2021,2021,party_group_fdp,11.4,reported,AI005
05124,BTW2021,2021,party_group_greens,17.2,reported,AI005
05124,BTW2021,2021,party_group_left,5.2,reported,AI005
05124,BTW2021,2021,party_group_afd,8.2,reported,AI005
05154,BTW2021,2021,party_group_cdu_csu,32.3,reported,AI005
05154,BTW2021,2021,party_group_spd,28.2,reported,AI005
05154,BTW2021,2021,party_group_fdp,11.5,reported,AI005
05154,BTW2021,2021,party_group_greens,13.9,reported,AI005
05154,BTW2021,2021,party_group_left,2.8,reported,AI005
05154,BTW2021,2021,party_group_afd,5.7,reported,AI005
05158,BTW2021,2021,party_group_cdu_csu,27.2,reported,AI005
05158,BTW2021,2021,party_group_spd,27.3,reported,AI005
05158,BTW2021,2021,party_group_fdp,13.3,reported,AI005
05158,BTW2021,2021,party_group_greens,15.5,reported,AI005
05158,BTW2021,2021,party_group_left,3.1,reported,AI005
05158,BTW2021,2021,party_group_afd,7.0,reported,AI005
05162,BTW2021,2021,party_group_cdu_csu,31.1,reported,AI005
05162,BTW2021,2021,party_group_spd,25.5,reported,AI005
05162,BTW2021,2021,party_group_fdp,13.8,reported,AI005
05162,BTW2021,2021,party_group_greens,14.4,reported,AI005
05162,BTW2021,2021,party_group_left,2.7,reported,AI005
05162,BTW2021,2021,party_group_afd,6.3,reported,AI005
05166,BTW2021,2021,party_group_cdu_csu,30.4,reported,AI005
05166,BTW2021,2021,party_group_spd,26.7,reported,AI005
05166,BTW2021,2021,party_group_fdp,12.8,reported,AI005
05166,BTW2021,2021,party_group_greens,14.8,reported,AI005
05166,BTW2021,2021,party_group_left,3.0,reported,AI005
05166,BTW2021,2021,party_group_afd,6.0,reported,AI005
05170,BTW2021,2021,party_group_cdu_csu,25.0,reported,AI005
05170,BTW2021,2021,party_group_spd,34.6,reported,AI005
05170,BTW2021,2021,party_group_fdp,10.5,reported,AI005
05170,BTW2021,2021,party_group_greens,13.1,reported,AI005
05170,BTW2021,2021,party_group_left,3.3,reported,AI005
05170,BTW2021,2021,party_group_afd,7.3,reported,AI005
05314,BTW2021,2021,party_group_cdu_csu,22.5,reported,AI005
05314,BTW2021,2021,party_group_spd,22.6,reported,AI005
05314,BTW2021,2021,party_group_fdp,11.9,reported,AI005
05314,BTW2021,2021,party_group_greens,27.2,reported,AI005
05314,BTW2021,2021,party_group_left,5.4,reported,AI005
05314,BTW2021,2021,party_group_afd,4.2,reported,AI005
05315,BTW2021,2021,party_group_cdu_csu,19.3,reported,AI005
05315,BTW2021,2021,party_group_spd,24.6,reported,AI005
05315,BTW2021,2021,party_group_fdp,10.8,reported,AI005
05315,BTW2021,2021,party_group_greens,28.0,reported,AI005
05315,BTW2021,2021,party_group_left,5.8,reported,AI005
05315,BTW2021,2021,party_group_afd,4.7,reported,AI005
05316,BTW2021,2021,party_group_cdu_csu,24.3,reported,AI005
05316,BTW2021,2021,party_group_spd,29.8,reported,AI005
05316,BTW2021,2021,party_group_fdp,11.5,reported,AI005
05316,BTW2021,2021,party_group_greens,15.9,reported,AI005
05316,BTW2021,2021,party_group_left,3.4,reported,AI005
05316,BTW2021,2021,party_group_afd,7.9,reported,AI005
05334,BTW2021,2021,party_group_cdu_csu,26.5,reported,AI005
05334,BTW2021,2021,party_group_spd,27.2,reported,AI005
05334,BTW2021,2021,party_group_fdp,10.7,reported,AI005
05334,BTW2021,2021,party_group_greens,19.6,reported,AI005
05334,BTW2021,2021,party_group_left,4.1,reported,AI005
05334,BTW2021,2021,party_group_afd,5.8,reported,AI005
05358,BTW2021,2021,party_group_cdu_csu,30.4,reported,AI005
05358,BTW2021,2021,party_group_spd,29.0,reported,AI005
05358,BTW2021,2021,party_group_fdp,11.2,reported,AI005
05358,BTW2021,2021,party_group_greens,11.1,reported,AI005
05358,BTW2021,2021,party_group_left,3.0,reported,AI005
05358,BTW2021,2021,party_group_afd,8.7,reported,AI005
05362,BTW2021,2021,party_group_cdu_csu,28.3,reported,AI005
05362,BTW2021,2021,party_group_spd,28.2,reported,AI005
05362,BTW2021,2021,party_group_fdp,12.3,reported,AI005
05362,BTW2021,2021,party_group_greens,14.8,reported,AI005
05362,BTW2021,2021,party_group_left,3.0,reported,AI005
05362,BTW2021,2021,party_group_afd,7.0,reported,AI005
05366,BTW2021,2021,party_group_cdu_csu,32.0,reported,AI005
05366,BTW2021,2021,party_group_spd,25.8,reported,AI005
05366,BTW2021,2021,party_group_fdp,12.5,reported,AI005
05366,BTW2021,2021,party_group_greens,11.9,reported,AI005
05366,BTW2021,2021,party_group_left,2.9,reported,AI005
05366,BTW2021,2021,party_group_afd,8.3,reported,AI005
05370,BTW2021,2021,party_group_cdu_csu,32.3,reported,AI005
05370,BTW2021,2021,party_group_spd,27.0,reported,AI005
05370,BTW2021,2021,party_group_fdp,11.1,reported,AI005
05370,BTW2021,2021,party_group_greens,11.7,reported,AI005
05370,BTW2021,2021,party_group_left,3.1,reported,AI005
05370,BTW2021,2021,party_group_afd,7.9,reported,AI005
05374,BTW2021,2021,party_group_cdu_csu,27.7,reported,AI005
05374,BTW2021,2021,party_group_spd,26.7,reported,AI005
05374,BTW2021,2021,party_group_fdp,12.5,reported,AI005
05374,BTW2021,2021,party_group_greens,12.6,reported,AI005
05374,BTW2021,2021,party_group_left,3.2,reported,AI005
05374,BTW2021,2021,party_group_afd,9.6,reported,AI005
05378,BTW2021,2021,party_group_cdu_csu,27.4,reported,AI005
05378,BTW2021,2021,party_group_spd,25.3,reported,AI005
05378,BTW2021,2021,party_group_fdp,13.9,reported,AI005
05378,BTW2021,2021,party_group_greens,18.4,reported,AI005
05378,BTW2021,2021,party_group_left,3.0,reported,AI005
05378,BTW2021,2021,party_group_afd,5.7,reported,AI005
05382,BTW2021,2021,party_group_cdu_csu,28.5,reported,AI005
05382,BTW2021,2021,party_group_spd,25.2,reported,AI005
05382,BTW2021,2021,party_group_fdp,12.9,reported,AI005
05382,BTW2021,2021,party_group_greens,16.7,reported,AI005
05382,BTW2021,2021,party_group_left,3.3,reported,AI005
05382,BTW2021,2021,party_group_afd,6.7,reported,AI005
05512,BTW2021,2021,party_group_cdu_csu,23.3,reported,AI005
05512,BTW2021,2021,party_group_spd,36.3,reported,AI005
05512,BTW2021,2021,party_group_fdp,9.8,reported,AI005
05512,BTW2021,2021,party_group_greens,11.4,reported,AI005
05512,BTW2021,2021,party_group_left,3.2,reported,AI005
05512,BTW2021,2021,party_group_afd,9.4,reported,AI005
05513,BTW2021,2021,party_group_cdu_csu,19.9,reported,AI005
05513,BTW2021,2021,party_group_spd,37.1,reported,AI005
05513,BTW2021,2021,party_group_fdp,8.7,reported,AI005
05513,BTW2021,2021,party_group_greens,10.0,reported,AI005
05513,BTW2021,2021,party_group_left,3.5,reported,AI005
05513,BTW2021,2021,party_group_afd,12.8,reported,AI005
05515,BTW2021,2021,party_group_cdu_csu,22.4,reported,AI005
05515,BTW2021,2021,party_group_spd,23.5,reported,AI005
05515,BTW2021,2021,party_group_fdp,10.6,reported,AI005
05515,BTW2021,2021,party_group_greens,30.7,reported,AI005
05515,BTW2021,2021,party_group_left,5.0,reported,AI005
05515,BTW2021,2021,party_group_afd,2.9,reported,AI005
05554,BTW2021,2021,party_group_cdu_csu,36.9,reported,AI005
05554,BTW2021,2021,party_group_spd,26.3,reported,AI005
05554,BTW2021,2021,party_group_fdp,11.8,reported,AI005
05554,BTW2021,2021,party_group_greens,12.9,reported,AI005
05554,BTW2021,2021,party_group_left,2.5,reported,AI005
05554,BTW2021,2021,party_group_afd,5.1,reported,AI005
05558,BTW2021,2021,party_group_cdu_csu,34.5,reported,AI005
05558,BTW2021,2021,party_group_spd,26.7,reported,AI005
05558,BTW2021,2021,party_group_fdp,11.1,reported,AI005
05558,BTW2021,2021,party_group_greens,15.7,reported,AI005
05558,BTW2021,2021,party_group_left,2.5,reported,AI005
05558,BTW2021,2021,party_group_afd,4.7,reported,AI005
05562,BTW2021,2021,party_group_cdu_csu,24.5,reported,AI005
05562,BTW2021,2021,party_group_spd,35.0,reported,AI005
05562,BTW2021,2021,party_group_fdp,9.9,reported,AI005
05562,BTW2021,2021,party_group_greens,11.7,reported,AI005
05562,BTW2021,2021,party_group_left,3.2,reported,AI005
05562,BTW2021,2021,party_group_afd,9.2,reported,AI005
05566,BTW2021,2021,party_group_cdu_csu,29.4,reported,AI005
05566,BTW2021,2021,party_group_spd,31.4,reported,AI005
05566,BTW2021,2021,party_group_fdp,10.8,reported,AI005
05566,BTW2021,2021,party_group_greens,15.2,reported,AI005
05566,BTW2021,2021,party_group_left,3.0,reported,AI005
05566,BTW2021,2021,party_group_afd,5.5,reported,AI005
05570,BTW2021,2021,party_group_cdu_csu,31.4,reported,AI005
05570,BTW2021,2021,party_group_spd,28.9,reported,AI005
05570,BTW2021,2021,party_group_fdp,11.1,reported,AI005
05570,BTW2021,2021,party_group_greens,14.2,reported,AI005
05570,BTW2021,2021,party_group_left,2.7,reported,AI005
05570,BTW2021,2021,party_group_afd,6.4,reported,AI005
05711,BTW2021,2021,party_group_cdu_csu,20.2,reported,AI005
05711,BTW2021,2021,party_group_spd,27.0,reported,AI005
05711,BTW2021,2021,party_group_fdp,11.3,reported,AI005
05711,BTW2021,2021,party_group_greens,21.8,reported,AI005
05711,BTW2021,2021,party_group_left,6.3,reported,AI005
05711,BTW2021,2021,party_group_afd,6.8,reported,AI005
05754,BTW2021,2021,party_group_cdu_csu,29.3,reported,AI005
05754,BTW2021,2021,party_group_spd,26.4,reported,AI005
05754,BTW2021,2021,party_group_fdp,12.0,reported,AI005
05754,BTW2021,2021,party_group_greens,15.8,reported,AI005
05754,BTW2021,2021,party_group_left,2.9,reported,AI005
05754,BTW2021,2021,party_group_afd,7.6,reported,AI005
05758,BTW2021,2021,party_group_cdu_csu,23.2,reported,AI005
05758,BTW2021,2021,party_group_spd,31.9,reported,AI005
05758,BTW2021,2021,party_group_fdp,11.7,reported,AI005
05758,BTW2021,2021,party_group_greens,13.4,reported,AI005
05758,BTW2021,2021,party_group_left,3.6,reported,AI005
05758,BTW2021,2021,party_group_afd,9.6,reported,AI005
05762,BTW2021,2021,party_group_cdu_csu,35.7,reported,AI005
05762,BTW2021,2021,party_group_spd,26.3,reported,AI005
05762,BTW2021,2021,party_group_fdp,11.4,reported,AI005
05762,BTW2021,2021,party_group_greens,10.7,reported,AI005
05762,BTW2021,2021,party_group_left,2.8,reported,AI005
05762,BTW2021,2021,party_group_afd,7.7,reported,AI005
05766,BTW2021,2021,party_group_cdu_csu,23.1,reported,AI005
05766,BTW2021,2021,party_group_spd,31.2,reported,AI005
05766,BTW2021,2021,party_group_fdp,11.8,reported,AI005
05766,BTW2021,2021,party_group_greens,13.3,reported,AI005
05766,BTW2021,2021,party_group_left,3.7,reported,AI005
05766,BTW2021,2021,party_group_afd,10.0,reported,AI005
05770,BTW2021,2021,party_group_cdu_csu,23.8,reported,AI005
05770,BTW2021,2021,party_group_spd,32.2,reported,AI005
05770,BTW2021,2021,party_group_fdp,11.6,reported,AI005
05770,BTW2021,2021,party_group_greens,13.1,reported,AI005
05770,BTW2021,2021,party_group_left,3.3,reported,AI005
05770,BTW2021,2021,party_group_afd,9.2,reported,AI005
05774,BTW2021,2021,party_group_cdu_csu,33.0,reported,AI005
05774,BTW2021,2021,party_group_spd,22.1,reported,AI005
05774,BTW2021,2021,party_group_fdp,12.4,reported,AI005
05774,BTW2021,2021,party_group_greens,15.2,reported,AI005
05774,BTW2021,2021,party_group_left,3.3,reported,AI005
05774,BTW2021,2021,party_group_afd,8.1,reported,AI005
05911,BTW2021,2021,party_group_cdu_csu,19.1,reported,AI005
05911,BTW2021,2021,party_group_spd,33.8,reported,AI005
05911,BTW2021,2021,party_group_fdp,9.3,reported,AI005
05911,BTW2021,2021,party_group_greens,18.8,reported,AI005
05911,BTW2021,2021,party_group_left,5.2,reported,AI005
05911,BTW2021,2021,party_group_afd,7.2,reported,AI005
05913,BTW2021,2021,party_group_cdu_csu,18.6,reported,AI005
05913,BTW2021,2021,party_group_spd,34.0,reported,AI005
05913,BTW2021,2021,party_group_fdp,9.5,reported,AI005
05913,BTW2021,2021,party_group_greens,18.0,reported,AI005
05913,BTW2021,2021,party_group_left,4.7,reported,AI005
05913,BTW2021,2021,party_group_afd,7.4,reported,AI005
05914,BTW2021,2021,party_group_cdu_csu,23.6,reported,AI005
05914,BTW2021,2021,party_group_spd,32.9,reported,AI005
05914,BTW2021,2021,party_group_fdp,10.8,reported,AI005
05914,BTW2021,2021,party_group_greens,11.4,reported,AI005
05914,BTW2021,2021,party_group_left,3.6,reported,AI005
05914,BTW2021,2021,party_group_afd,10.5,reported,AI005
05915,BTW2021,2021,party_group_cdu_csu,24.3,reported,AI005
05915,BTW2021,2021,party_group_spd,35.7,reported,AI005
05915,BTW2021,2021,party_group_fdp,10.1,reported,AI005
05915,BTW2021,2021,party_group_greens,11.2,reported,AI005
05915,BTW2021,2021,party_group_left,3.4,reported,AI005
05915,BTW2021,2021,party_group_afd,9.2,reported,AI005
05916,BTW2021,2021,party_group_cdu_csu,19.5,reported,AI005
05916,BTW2021,2021,party_group_spd,38.8,reported,AI005
05916,BTW2021,2021,party_group_fdp,8.6,reported,AI005
05916,BTW2021,2021,party_group_greens,11.4,reported,AI005
05916,BTW2021,2021,party_group_left,3.9,reported,AI005
05916,BTW2021,2021,party_group_afd,10.1,reported,AI005
05954,BTW2021,2021,party_group_cdu_csu,22.6,reported,AI005
05954,BTW2021,2021,party_group_spd,33.5,reported,AI005
05954,BTW2021,2021,party_group_fdp,11.1,reported,AI005
05954,BTW2021,2021,party_group_greens,15.2,reported,AI005
05954,BTW2021,2021,party_group_left,3.5,reported,AI005
05954,BTW2021,2021,party_group_afd,7.4,reported,AI005
05958,BTW2021,2021,party_group_cdu_csu,33.5,reported,AI005
05958,BTW2021,2021,party_group_spd,28.7,reported,AI005
05958,BTW2021,2021,party_group_fdp,12.0,reported,AI005
05958,BTW2021,2021,party_group_greens,10.0,reported,AI005
05958,BTW2021,2021,party_group_left,2.6,reported,AI005
05958,BTW2021,2021,party_group_afd,7.4,reported,AI005
05962,BTW2021,2021,party_group_cdu_csu,27.8,reported,AI005
05962,BTW2021,2021,party_group_spd,29.6,reported,AI005
05962,BTW2021,2021,party_group_fdp,12.1,reported,AI005
05962,BTW2021,2021,party_group_greens,10.6,reported,AI005
05962,BTW2021,2021,party_group_left,3.3,reported,AI005
05962,BTW2021,2021,party_group_afd,9.5,reported,AI005
05966,BTW2021,2021,party_group_cdu_csu,38.3,reported,AI005
05966,BTW2021,2021,party_group_spd,25.8,reported,AI005
05966,BTW2021,2021,party_group_fdp,12.7,reported,AI005
05966,BTW2021,2021,party_group_greens,9.0,reported,AI005
05966,BTW2021,2021,party_group_left,2.3,reported,AI005
05966,BTW2021,2021,party_group_afd,7.1,reported,AI005
05970,BTW2021,2021,party_group_cdu_csu,26.2,reported,AI005
05970,BTW2021,2021,party_group_spd,31.3,reported,AI005
05970,BTW2021,2021,party_group_fdp,11.6,reported,AI005
05970,BTW2021,2021,party_group_greens,11.1,reported,AI005
05970,BTW2021,2021,party_group_left,3.6,reported,AI005
05970,BTW2021,2021,party_group_afd,9.1,reported,AI005
05974,BTW2021,2021,party_group_cdu_csu,29.1,reported,AI005
05974,BTW2021,2021,party_group_spd,28.7,reported,AI005
05974,BTW2021,2021,party_group_fdp,11.8,reported,AI005
05974,BTW2021,2021,party_group_greens,13.5,reported,AI005
05974,BTW2021,2021,party_group_left,3.1,reported,AI005
05974,BTW2021,2021,party_group_afd,8.0,reported,AI005
05978,BTW2021,2021,party_group_cdu_csu,22.6,reported,AI005
05978,BTW2021,2021,party_group_spd,35.9,reported,AI005
05978,BTW2021,2021,party_group_fdp,10.2,reported,AI005
05978,BTW2021,2021,party_group_greens,13.0,reported,AI005
05978,BTW2021,2021,party_group_left,3.5,reported,AI005
05978,BTW2021,2021,party_group_afd,8.3,reported,AI005
06411,BTW2021,2021,party_group_cdu_csu,14.8,reported,AI005
06411,BTW2021,2021,party_group_spd,23.5,reported,AI005
06411,BTW2021,2021,party_group_fdp,11.0,reported,AI005
06411,BTW2021,2021,party_group_greens,28.8,reported,AI005
06411,BTW2021,2021,party_group_left,8.0,reported,AI005
06411,BTW2021,2021,party_group_afd,5.1,reported,AI005
06412,BTW2021,2021,party_group_cdu_csu,18.1,reported,AI005
06412,BTW2021,2021,party_group_spd,22.5,reported,AI005
06412,BTW2021,2021,party_group_fdp,14.8,reported,AI005
06412,BTW2021,2021,party_group_greens,24.6,reported,AI005
06412,BTW2021,2021,party_group_left,7.0,reported,AI005
06412,BTW2021,2021,party_group_afd,5.1,reported,AI005
06413,BTW2021,2021,party_group_cdu_csu,18.9,reported,AI005
06413,BTW2021,2021,party_group_spd,25.1,reported,AI005
06413,BTW2021,2021,party_group_fdp,11.0,reported,AI005
06413,BTW2021,2021,party_group_greens,19.2,reported,AI005
06413,BTW2021,2021,party_group_left,8.2,reported,AI005
06413,BTW2021,2021,party_group_afd,8.0,reported,AI005
06414,BTW2021,2021,party_group_cdu_csu,21.1,reported,AI005
06414,BTW2021,2021,party_group_spd,24.9,reported,AI005
06414,BTW2021,2021,party_group_fdp,14.0,reported,AI005
06414,BTW2021,2021,party_group_greens,19.9,reported,AI005
06414,BTW2021,2021,party_group_left,5.3,reported,AI005
06414,BTW2021,2021,party_group_afd,7.1,reported,AI005
06431,BTW2021,2021,party_group_cdu_csu,24.5,reported,AI005
06431,BTW2021,2021,party_group_spd,27.2,reported,AI005
06431,BTW2021,2021,party_group_fdp,13.5,reported,AI005
06431,BTW2021,2021,party_group_greens,14.2,reported,AI005
06431,BTW2021,2021,party_group_left,3.1,reported,AI005
06431,BTW2021,2021,party_group_afd,9.5,reported,AI005
06432,BTW2021,2021,party_group_cdu_csu,21.8,reported,AI005
06432,BTW2021,2021,party_group_spd,28.9,reported,AI005
06432,BTW2021,2021,party_group_fdp,12.5,reported,AI005
06432,BTW2021,2021,party_group_greens,16.5,reported,AI005
06432,BTW2021,2021,party_group_left,4.0,reported,AI005
06432,BTW2021,2021,party_group_afd,7.9,reported,AI005
06433,BTW2021,2021,party_group_cdu_csu,21.4,reported,AI005
06433,BTW2021,2021,party_group_spd,29.8,reported,AI005
06433,BTW2021,2021,party_group_fdp,11.8,reported,AI005
06433,BTW2021,2021,party_group_greens,14.8,reported,AI005
06433,BTW2021,2021,party_group_left,4.2,reported,AI005
06433,BTW2021,2021,party_group_afd,8.8,reported,AI005
06434,BTW2021,2021,party_group_cdu_csu,27.4,reported,AI005
06434,BTW2021,2021,party_group_spd,21.6,reported,AI005
06434,BTW2021,2021,party_group_fdp,17.3,reported,AI005
06434,BTW2021,2021,party_group_greens,17.4,reported,AI005
06434,BTW2021,2021,party_group_left,3.0,reported,AI005
06434,BTW2021,2021,party_group_afd,6.6,reported,AI005
06435,BTW2021,2021,party_group_cdu_csu,23.4,reported,AI005
06435,BTW2021,2021,party_group_spd,27.3,reported,AI005
06435,BTW2021,2021,party_group_fdp,12.9,reported,AI005
06435,BTW2021,2021,party_group_greens,13.0,reported,AI005
06435,BTW2021,2021,party_group_left,3.6,reported,AI005
06435,BTW2021,2021,party_group_afd,11.2,reported,AI005
06436,BTW2021,2021,party_group_cdu_csu,26.4,reported,AI005
06436,BTW2021,2021,party_group_spd,22.6,reported,AI005
06436,BTW2021,2021,party_group_fdp,16.1,reported,AI005
06436,BTW2021,2021,party_group_greens,17.3,reported,AI005
06436,BTW2021,2021,party_group_left,3.1,reported,AI005
06436,BTW2021,2021,party_group_afd,6.9,reported,AI005
06437,BTW2021,2021,party_group_cdu_csu,22.6,reported,AI005
06437,BTW2021,2021,party_group_spd,31.7,reported,AI005
06437,BTW2021,2021,party_group_fdp,11.7,reported,AI005
06437,BTW2021,2021,party_group_greens,11.0,reported,AI005
06437,BTW2021,2021,party_group_left,3.8,reported,AI005
06437,BTW2021,2021,party_group_afd,10.7,reported,AI005
06438,BTW2021,2021,party_group_cdu_csu,25.4,reported,AI005
06438,BTW2021,2021,party_group_spd,24.4,reported,AI005
06438,BTW2021,2021,party_group_fdp,14.0,reported,AI005
06438,BTW2021,2021,party_group_greens,16.1,reported,AI005
06438,BTW2021,2021,party_group_left,3.5,reported,AI005
06438,BTW2021,2021,party_group_afd,7.9,reported,AI005
06439,BTW2021,2021,party_group_cdu_csu,24.5,reported,AI005
06439,BTW2021,2021,party_group_spd,26.0,reported,AI005
06439,BTW2021,2021,party_group_fdp,14.3,reported,AI005
06439,BTW2021,2021,party_group_greens,15.9,reported,AI005
06439,BTW2021,2021,party_group_left,3.3,reported,AI005
06439,BTW2021,2021,party_group_afd,8.2,reported,AI005
06440,BTW2021,2021,party_group_cdu_csu,23.6,reported,AI005
06440,BTW2021,2021,party_group_spd,26.5,reported,AI005
06440,BTW2021,2021,party_group_fdp,13.7,reported,AI005
06440,BTW2021,2021,party_group_greens,14.9,reported,AI005
06440,BTW2021,2021,party_group_left,3.5,reported,AI005
06440,BTW2021,2021,party_group_afd,9.3,reported,AI005
06531,BTW2021,2021,party_group_cdu_csu,22.2,reported,AI005
06531,BTW2021,2021,party_group_spd,27.2,reported,AI005
06531,BTW2021,2021,party_group_fdp,10.7,reported,AI005
06531,BTW2021,2021,party_group_greens,17.6,reported,AI005
06531,BTW2021,2021,party_group_left,5.2,reported,AI005
06531,BTW2021,2021,party_group_afd,8.7,reported,AI005
06532,BTW2021,2021,party_group_cdu_csu,25.1,reported,AI005
06532,BTW2021,2021,party_group_spd,29.4,reported,AI005
06532,BTW2021,2021,party_group_fdp,11.5,reported,AI005
06532,BTW2021,2021,party_group_greens,10.7,reported,AI005
06532,BTW2021,2021,party_group_left,3.3,reported,AI005
06532,BTW2021,2021,party_group_afd,12.0,reported,AI005
06533,BTW2021,2021,party_group_cdu_csu,27.2,reported,AI005
06533,BTW2021,2021,party_group_spd,27.7,reported,AI005
06533,BTW2021,2021,party_group_fdp,12.8,reported,AI005
06533,BTW2021,2021,party_group_greens,11.8,reported,AI005
06533,BTW2021,2021,party_group_left,2.9,reported,AI005
06533,BTW2021,2021,party_group_afd,9.8,reported,AI005
06534,BTW2021,2021,party_group_cdu_csu,22.1,reported,AI005
06534,BTW2021,2021,party_group_spd,30.0,reported,AI005
06534,BTW2021,2021,party_group_fdp,10.5,reported,AI005
06534,BTW2021,2021,party_group_greens,15.9,reported,AI005
06534,BTW2021,2021,party_group_left,5.8,reported,AI005
06534,BTW2021,2021,party_group_afd,9.0,reported,AI005
06535,BTW2021,2021,party_group_cdu_csu,24.6,reported,AI005
06535,BTW2021,2021,party_group_spd,30.7,reported,AI005
06535,BTW2021,2021,party_group_fdp,11.3,reported,AI005
06535,BTW2021,2021,party_group_greens,9.2,reported,AI005
06535,BTW2021,2021,party_group_left,3.7,reported,AI005
06535,BTW2021,2021,party_group_afd,12.6,reported,AI005
06611,BTW2021,2021,party_group_cdu_csu,15.8,reported,AI005
06611,BTW2021,2021,party_group_spd,28.6,reported,AI005
06611,BTW2021,2021,party_group_fdp,9.8,reported,AI005
06611,BTW2021,2021,party_group_greens,23.1,reported,AI005
06611,BTW2021,2021,party_group_left,8.3,reported,AI005
06611,BTW2021,2021,party_group_afd,6.9,reported,AI005
06631,BTW2021,2021,party_group_cdu_csu,32.7,reported,AI005
06631,BTW2021,2021,party_group_spd,20.6,reported,AI005
06631,BTW2021,2021,party_group_fdp,13.1,reported,AI005
06631,BTW2021,2021,party_group_greens,10.3,reported,AI005
06631,BTW2021,2021,party_group_left,2.6,reported,AI005
06631,BTW2021,2021,party_group_afd,13.3,reported,AI005
06632,BTW2021,2021,party_group_cdu_csu,21.3,reported,AI005
06632,BTW2021,2021,party_group_spd,37.8,reported,AI005
06632,BTW2021,2021,party_group_fdp,10.7,reported,AI005
06632,BTW2021,2021,party_group_greens,7.9,reported,AI005
06632,BTW2021,2021,party_group_left,3.0,reported,AI005
06632,BTW2021,2021,party_group_afd,12.9,reported,AI005
06633,BTW2021,2021,party_group_cdu_csu,20.3,reported,AI005
06633,BTW2021,2021,party_group_spd,38.4,reported,AI005
06633,BTW2021,2021,party_group_fdp,10.6,reported,AI005
06633,BTW2021,2021,party_group_greens,11.6,reported,AI005
06633,BTW2021,2021,party_group_left,3.6,reported,AI005
06633,BTW2021,2021,party_group_afd,8.9,reported,AI005
06634,BTW2021,2021,party_group_cdu_csu,20.7,reported,AI005
06634,BTW2021,2021,party_group_spd,36.9,reported,AI005
06634,BTW2021,2021,party_group_fdp,10.8,reported,AI005
06634,BTW2021,2021,party_group_greens,10.1,reported,AI005
06634,BTW2021,2021,party_group_left,3.2,reported,AI005
06634,BTW2021,2021,party_group_afd,10.7,reported,AI005
06635,BTW2021,2021,party_group_cdu_csu,24.7,reported,AI005
06635,BTW2021,2021,party_group_spd,32.4,reported,AI005
06635,BTW2021,2021,party_group_fdp,12.3,reported,AI005
06635,BTW2021,2021,party_group_greens,10.5,reported,AI005
06635,BTW2021,2021,party_group_left,3.0,reported,AI005
06635,BTW2021,2021,party_group_afd,10.3,reported,AI005
06636,BTW2021,2021,party_group_cdu_csu,22.0,reported,AI005
06636,BTW2021,2021,party_group_spd,37.5,reported,AI005
06636,BTW2021,2021,party_group_fdp,9.0,reported,AI005
06636,BTW2021,2021,party_group_greens,10.2,reported,AI005
06636,BTW2021,2021,party_group_left,4.1,reported,AI005
06636,BTW2021,2021,party_group_afd,10.0,reported,AI005
07111,BTW2021,2021,party_group_cdu_csu,23.9,reported,AI005
07111,BTW2021,2021,party_group_spd,27.0,reported,AI005
07111,BTW2021,2021,party_group_fdp,11.4,reported,AI005
07111,BTW2021,2021,party_group_greens,18.5,reported,AI005
07111,BTW2021,2021,party_group_left,4.2,reported,AI005
07111,BTW2021,2021,party_group_afd,6.5,reported,AI005
07131,BTW2021,2021,party_group_cdu_csu,29.9,reported,AI005
07131,BTW2021,2021,party_group_spd,27.4,reported,AI005
07131,BTW2021,2021,party_group_fdp,12.2,reported,AI005
07131,BTW2021,2021,party_group_greens,13.3,reported,AI005
07131,BTW2021,2021,party_group_left,2.5,reported,AI005
07131,BTW2021,2021,party_group_afd,6.3,reported,AI005
07132,BTW2021,2021,party_group_cdu_csu,27.8,reported,AI005
07132,BTW2021,2021,party_group_spd,30.4,reported,AI005
07132,BTW2021,2021,party_group_fdp,11.6,reported,AI005
07132,BTW2021,2021,party_group_greens,9.0,reported,AI005
07132,BTW2021,2021,party_group_left,3.1,reported,AI005
07132,BTW2021,2021,party_group_afd,10.0,reported,AI005
07133,BTW2021,2021,party_group_cdu_csu,24.7,reported,AI005
07133,BTW2021,2021,party_group_spd,32.0,reported,AI005
07133,BTW2021,2021,party_group_fdp,11.5,reported,AI005
07133,BTW2021,2021,party_group_greens,10.7,reported,AI005
07133,BTW2021,2021,party_group_left,3.3,reported,AI005
07133,BTW2021,2021,party_group_afd,9.1,reported,AI005
07134,BTW2021,2021,party_group_cdu_csu,24.0,reported,AI005
07134,BTW2021,2021,party_group_spd,33.2,reported,AI005
07134,BTW2021,2021,party_group_fdp,11.5,reported,AI005
07134,BTW2021,2021,party_group_greens,6.9,reported,AI005
07134,BTW2021,2021,party_group_left,3.3,reported,AI005
07134,BTW2021,2021,party_group_afd,11.5,reported,AI005
07135,BTW2021,2021,party_group_cdu_csu,33.6,reported,AI005
07135,BTW2021,2021,party_group_spd,27.3,reported,AI005
07135,BTW2021,2021,party_group_fdp,11.8,reported,AI005
07135,BTW2021,2021,party_group_greens,8.4,reported,AI005
07135,BTW2021,2021,party_group_left,2.5,reported,AI005
07135,BTW2021,2021,party_group_afd,7.6,reported,AI005
07137,BTW2021,2021,party_group_cdu_csu,27.9,reported,AI005
07137,BTW2021,2021,party_group_spd,29.7,reported,AI005
07137,BTW2021,2021,party_group_fdp,11.6,reported,AI005
07137,BTW2021,2021,party_group_greens,11.1,reported,AI005
07137,BTW2021,2021,party_group_left,2.6,reported,AI005
07137,BTW2021,2021,party_group_afd,8.4,reported,AI005
07138,BTW2021,2021,party_group_cdu_csu,26.1,reported,AI005
07138,BTW2021,2021,party_group_spd,29.6,reported,AI005
07138,BTW2021,2021,party_group_fdp,11.4,reported,AI005
07138,BTW2021,2021,party_group_greens,11.5,reported,AI005
07138,BTW2021,2021,party_group_left,3.0,reported,AI005
07138,BTW2021,2021,party_group_afd,9.5,reported,AI005
07140,BTW2021,2021,party_group_cdu_csu,26.9,reported,AI005
07140,BTW2021,2021,party_group_spd,28.7,reported,AI005
07140,BTW2021,2021,party_group_fdp,12.9,reported,AI005
07140,BTW2021,2021,party_group_greens,9.8,reported,AI005
07140,BTW2021,2021,party_group_left,2.9,reported,AI005
07140,BTW2021,2021,party_group_afd,9.3,reported,AI005
07141,BTW2021,2021,party_group_cdu_csu,23.2,reported,AI005
07141,BTW2021,2021,party_group_spd,33.5,reported,AI005
07141,BTW2021,2021,party_group_fdp,10.7,reported,AI005
07141,BTW2021,2021,party_group_greens,11.0,reported,AI005
07141,BTW2021,2021,party_group_left,3.1,reported,AI005
07141,BTW2021,2021,party_group_afd,8.6,reported,AI005
07143,BTW2021,2021,party_group_cdu_csu,28.0,reported,AI005
07143,BTW2021,2021,party_group_spd,29.4,reported,AI005
07143,BTW2021,2021,party_group_fdp,11.9,reported,AI005
07143,BTW2021,2021,party_group_greens,10.1,reported,AI005
07143,BTW2021,2021,party_group_left,2.8,reported,AI005
07143,BTW2021,2021,party_group_afd,8.9,reported,AI005
07211,BTW2021,2021,party_group_cdu_csu,19.8,reported,AI005
07211,BTW2021,2021,party_group_spd,28.3,reported,AI005
07211,BTW2021,2021,party_group_fdp,10.9,reported,AI005
07211,BTW2021,2021,party_group_greens,21.7,reported,AI005
07211,BTW2021,2021,party_group_left,5.5,reported,AI005
07211,BTW2021,2021,party_group_afd,5.7,reported,AI005
07231,BTW2021,2021,party_group_cdu_csu,29.0,reported,AI005
07231,BTW2021,2021,party_group_spd,28.8,reported,AI005
07231,BTW2021,2021,party_group_fdp,12.0,reported,AI005
07231,BTW2021,2021,party_group_greens,9.4,reported,AI005
07231,BTW2021,2021,party_group_left,2.9,reported,AI005
07231,BTW2021,2021,party_group_afd,7.6,reported,AI005
07232,BTW2021,2021,party_group_cdu_csu,29.1,reported,AI005
07232,BTW2021,2021,party_group_spd,27.4,reported,AI005
07232,BTW2021,2021,party_group_fdp,11.0,reported,AI005
07232,BTW2021,2021,party_group_greens,9.2,reported,AI005
07232,BTW2021,2021,party_group_left,2.3,reported,AI005
07232,BTW2021,2021,party_group_afd,6.4,reported,AI005
07233,BTW2021,2021,party_group_cdu_csu,31.7,reported,AI005
07233,BTW2021,2021,party_group_spd,28.5,reported,AI005
07233,BTW2021,2021,party_group_fdp,12.0,reported,AI005
07233,BTW2021,2021,party_group_greens,8.8,reported,AI005
07233,BTW2021,2021,party_group_left,3.0,reported,AI005
07233,BTW2021,2021,party_group_afd,7.5,reported,AI005
07235,BTW2021,2021,party_group_cdu_csu,26.3,reported,AI005
07235,BTW2021,2021,party_group_spd,31.6,reported,AI005
07235,BTW2021,2021,party_group_fdp,11.3,reported,AI005
07235,BTW2021,2021,party_group_greens,11.6,reported,AI005
07235,BTW2021,2021,party_group_left,2.9,reported,AI005
07235,BTW2021,2021,party_group_afd,6.5,reported,AI005
07311,BTW2021,2021,party_group_cdu_csu,24.8,reported,AI005
07311,BTW2021,2021,party_group_spd,29.1,reported,AI005
07311,BTW2021,2021,party_group_fdp,11.3,reported,AI005
07311,BTW2021,2021,party_group_greens,10.7,reported,AI005
07311,BTW2021,2021,party_group_left,2.9,reported,AI005
07311,BTW2021,2021,party_group_afd,12.7,reported,AI005
07312,BTW2021,2021,party_group_cdu_csu,18.6,reported,AI005
07312,BTW2021,2021,party_group_spd,28.8,reported,AI005
07312,BTW2021,2021,party_group_fdp,11.2,reported,AI005
07312,BTW2021,2021,party_group_greens,15.1,reported,AI005
07312,BTW2021,2021,party_group_left,4.8,reported,AI005
07312,BTW2021,2021,party_group_afd,12.0,reported,AI005
07313,BTW2021,2021,party_group_cdu_csu,19.1,reported,AI005
07313,BTW2021,2021,party_group_spd,26.2,reported,AI005
07313,BTW2021,2021,party_group_fdp,11.5,reported,AI005
07313,BTW2021,2021,party_group_greens,22.1,reported,AI005
07313,BTW2021,2021,party_group_left,5.3,reported,AI005
07313,BTW2021,2021,party_group_afd,6.8,reported,AI005
07314,BTW2021,2021,party_group_cdu_csu,19.2,reported,AI005
07314,BTW2021,2021,party_group_spd,30.9,reported,AI005
07314,BTW2021,2021,party_group_fdp,11.4,reported,AI005
07314,BTW2021,2021,party_group_greens,12.1,reported,AI005
07314,BTW2021,2021,party_group_left,3.7,reported,AI005
07314,BTW2021,2021,party_group_afd,12.6,reported,AI005
07315,BTW2021,2021,party_group_cdu_csu,19.1,reported,AI005
07315,BTW2021,2021,party_group_spd,25.1,reported,AI005
07315,BTW2021,2021,party_group_fdp,11.1,reported,AI005
07315,BTW2021,2021,party_group_greens,27.4,reported,AI005
07315,BTW2021,2021,party_group_left,5.6,reported,AI005
07315,BTW2021,2021,party_group_afd,4.4,reported,AI005
07316,BTW2021,2021,party_group_cdu_csu,23.7,reported,AI005
07316,BTW2021,2021,party_group_spd,26.0,reported,AI005
07316,BTW2021,2021,party_group_fdp,11.9,reported,AI005
07316,BTW2021,2021,party_group_greens,15.9,reported,AI005
07316,BTW2021,2021,party_group_left,2.8,reported,AI005
07316,BTW2021,2021,party_group_afd,10.1,reported,AI005
07317,BTW2021,2021,party_group_cdu_csu,24.2,reported,AI005
07317,BTW2021,2021,party_group_spd,29.3,reported,AI005
07317,BTW2021,2021,party_group_fdp,11.3,reported,AI005
07317,BTW2021,2021,party_group_greens,6.3,reported,AI005
07317,BTW2021,2021,party_group_left,3.2,reported,AI005
07317,BTW2021,2021,party_group_afd,15.4,reported,AI005
07318,BTW2021,2021,party_group_cdu_csu,21.7,reported,AI005
07318,BTW2021,2021,party_group_spd,27.3,reported,AI005
07318,BTW2021,2021,party_group_fdp,12.3,reported,AI005
07318,BTW2021,2021,party_group_greens,16.5,reported,AI005
07318,BTW2021,2021,party_group_left,4.0,reported,AI005
07318,BTW2021,2021,party_group_afd,10.0,reported,AI005
07319,BTW2021,2021,party_group_cdu_csu,22.4,reported,AI005
07319,BTW2021,2021,party_group_spd,30.4,reported,AI005
07319,BTW2021,2021,party_group_fdp,11.0,reported,AI005
07319,BTW2021,2021,party_group_greens,12.0,reported,AI005
07319,BTW2021,2021,party_group_left,3.5,reported,AI005
07319,BTW2021,2021,party_group_afd,12.0,reported,AI005
07320,BTW2021,2021,party_group_cdu_csu,20.3,reported,AI005
07320,BTW2021,2021,party_group_spd,32.9,reported,AI005
07320,BTW2021,2021,party_group_fdp,11.1,reported,AI005
07320,BTW2021,2021,party_group_greens,9.5,reported,AI005
07320,BTW2021,2021,party_group_left,3.8,reported,AI005
07320,BTW2021,2021,party_group_afd,13.2,reported,AI005
07331,BTW2021,2021,party_group_cdu_csu,22.7,reported,AI005
07331,BTW2021,2021,party_group_spd,30.6,reported,AI005
07331,BTW2021,2021,party_group_fdp,12.5,reported,AI005
07331,BTW2021,2021,party_group_greens,11.2,reported,AI005
07331,BTW2021,2021,party_group_left,2.8,reported,AI005
07331,BTW2021,2021,party_group_afd,11.1,reported,AI005
07332,BTW2021,2021,party_group_cdu_csu,23.8,reported,AI005
07332,BTW2021,2021,party_group_spd,28.8,reported,AI005
07332,BTW2021,2021,party_group_fdp,13.0,reported,AI005
07332,BTW2021,2021,party_group_greens,12.5,reported,AI005
07332,BTW2021,2021,party_group_left,2.6,reported,AI005
07332,BTW2021,2021,party_group_afd,10.1,reported,AI005
07333,BTW2021,2021,party_group_cdu_csu,20.4,reported,AI005
07333,BTW2021,2021,party_group_spd,32.9,reported,AI005
07333,BTW2021,2021,party_group_fdp,10.6,reported,AI005
07333,BTW2021,2021,party_group_greens,9.5,reported,AI005
07333,BTW2021,2021,party_group_left,3.1,reported,AI005
07333,BTW2021,2021,party_group_afd,12.1,reported,AI005
07334,BTW2021,2021,party_group_cdu_csu,24.0,reported,AI005
07334,BTW2021,2021,party_group_spd,27.3,reported,AI005
07334,BTW2021,2021,party_group_fdp,12.8,reported,AI005
07334,BTW2021,2021,party_group_greens,10.8,reported,AI005
07334,BTW2021,2021,party_group_left,2.9,reported,AI005
07334,BTW2021,2021,party_group_afd,12.6,reported,AI005
07335,BTW2021,2021,party_group_cdu_csu,23.5,reported,AI005
07335,BTW2021,2021,party_group_spd,30.3,reported,AI005
07335,BTW2021,2021,party_group_fdp,10.2,reported,AI005
07335,BTW2021,2021,party_group_greens,8.6,reported,AI005
07335,BTW2021,2021,party_group_left,3.4,reported,AI005
07335,BTW2021,2021,party_group_afd,13.3,reported,AI005
07336,BTW2021,2021,party_group_cdu_csu,19.5,reported,AI005
07336,BTW2021,2021,party_group_spd,36.5,reported,AI005
07336,BTW2021,2021,party_group_fdp,8.8,reported,AI005
07336,BTW2021,2021,party_group_greens,7.4,reported,AI005
07336,BTW2021,2021,party_group_left,3.8,reported,AI005
07336,BTW2021,2021,party_group_afd,12.9,reported,AI005
07337,BTW2021,2021,party_group_cdu_csu,24.1,reported,AI005
07337,BTW2021,2021,party_group_spd,28.7,reported,AI005
07337,BTW2021,2021,party_group_fdp,12.4,reported,AI005
07337,BTW2021,2021,party_group_greens,12.8,reported,AI005
07337,BTW2021,2021,party_group_left,3.0,reported,AI005
07337,BTW2021,2021,party_group_afd,9.6,reported,AI005
07338,BTW2021,2021,party_group_cdu_csu,24.9,reported,AI005
07338,BTW2021,2021,party_group_spd,27.8,reported,AI005
07338,BTW2021,2021,party_group_fdp,12.9,reported,AI005
07338,BTW2021,2021,party_group_greens,12.4,reported,AI005
07338,BTW2021,2021,party_group_left,2.5,reported,AI005
07338,BTW2021,2021,party_group_afd,10.6,reported,AI005
07339,BTW2021,2021,party_group_cdu_csu,23.8,reported,AI005
07339,BTW2021,2021,party_group_spd,29.2,reported,AI005
07339,BTW2021,2021,party_group_fdp,12.3,reported,AI005
07339,BTW2021,2021,party_group_greens,16.1,reported,AI005
07339,BTW2021,2021,party_group_left,3.3,reported,AI005
07339,BTW2021,2021,party_group_afd,7.2,reported,AI005
07340,BTW2021,2021,party_group_cdu_csu,27.6,reported,AI005
07340,BTW2021,2021,party_group_spd,28.7,reported,AI005
07340,BTW2021,2021,party_group_fdp,11.4,reported,AI005
07340,BTW2021,2021,party_group_greens,7.2,reported,AI005
07340,BTW2021,2021,party_group_left,3.0,reported,AI005
07340,BTW2021,2021,party_group_afd,11.9,reported,AI005
08111,BTW2021,2021,party_group_cdu_csu,20.7,reported,AI005
08111,BTW2021,2021,party_group_spd,21.1,reported,AI005
08111,BTW2021,2021,party_group_fdp,16.0,reported,AI005
08111,BTW2021,2021,party_group_greens,25.1,reported,AI005
08111,BTW2021,2021,party_group_left,5.1,reported,AI005
08111,BTW2021,2021,party_group_afd,5.6,reported,AI005
08115,BTW2021,2021,party_group_cdu_csu,26.2,reported,AI005
08115,BTW2021,2021,party_group_spd,20.5,reported,AI005
08115,BTW2021,2021,party_group_fdp,18.1,reported,AI005
08115,BTW2021,2021,party_group_greens,16.8,reported,AI005
08115,BTW2021,2021,party_group_left,2.6,reported,AI005
08115,BTW2021,2021,party_group_afd,8.7,reported,AI005
08116,BTW2021,2021,party_group_cdu_csu,25.7,reported,AI005
08116,BTW2021,2021,party_group_spd,21.6,reported,AI005
08116,BTW2021,2021,party_group_fdp,16.8,reported,AI005
08116,BTW2021,2021,party_group_greens,17.5,reported,AI005
08116,BTW2021,2021,party_group_left,2.9,reported,AI005
08116,BTW2021,2021,party_group_afd,8.1,reported,AI005
08117,BTW2021,2021,party_group_cdu_csu,26.1,reported,AI005
08117,BTW2021,2021,party_group_spd,23.4,reported,AI005
08117,BTW2021,2021,party_group_fdp,16.2,reported,AI005
08117,BTW2021,2021,party_group_greens,12.6,reported,AI005
08117,BTW2021,2021,party_group_left,2.5,reported,AI005
08117,BTW2021,2021,party_group_afd,11.5,reported,AI005
08118,BTW2021,2021,party_group_cdu_csu,25.0,reported,AI005
08118,BTW2021,2021,party_group_spd,22.2,reported,AI005
08118,BTW2021,2021,party_group_fdp,16.0,reported,AI005
08118,BTW2021,2021,party_group_greens,17.6,reported,AI005
08118,BTW2021,2021,party_group_left,3.0,reported,AI005
08118,BTW2021,2021,party_group_afd,8.8,reported,AI005
08119,BTW2021,2021,party_group_cdu_csu,25.4,reported,AI005
08119,BTW2021,2021,party_group_spd,21.6,reported,AI005
08119,BTW2021,2021,party_group_fdp,17.4,reported,AI005
08119,BTW2021,2021,party_group_greens,15.0,reported,AI005
08119,BTW2021,2021,party_group_left,2.8,reported,AI005
08119,BTW2021,2021,party_group_afd,9.8,reported,AI005
08121,BTW2021,2021,party_group_cdu_csu,21.9,reported,AI005
08121,BTW2021,2021,party_group_spd,23.3,reported,AI005
08121,BTW2021,2021,party_group_fdp,16.2,reported,AI005
08121,BTW2021,2021,party_group_greens,15.2,reported,AI005
08121,BTW2021,2021,party_group_left,3.6,reported,AI005
08121,BTW2021,2021,party_group_afd,12.3,reported,AI005
08125,BTW2021,2021,party_group_cdu_csu,24.6,reported,AI005
08125,BTW2021,2021,party_group_spd,22.2,reported,AI005
08125,BTW2021,2021,party_group_fdp,16.8,reported,AI005
08125,BTW2021,2021,party_group_greens,12.7,reported,AI005
08125,BTW2021,2021,party_group_left,2.5,reported,AI005
08125,BTW2021,2021,party_group_afd,12.9,reported,AI005
08126,BTW2021,2021,party_group_cdu_csu,25.1,reported,AI005
08126,BTW2021,2021,party_group_spd,21.6,reported,AI005
08126,BTW2021,2021,party_group_fdp,16.4,reported,AI005
08126,BTW2021,2021,party_group_greens,12.5,reported,AI005
08126,BTW2021,2021,party_group_left,2.6,reported,AI005
08126,BTW2021,2021,party_group_afd,13.5,reported,AI005
08127,BTW2021,2021,party_group_cdu_csu,24.1,reported,AI005
08127,BTW2021,2021,party_group_spd,21.8,reported,AI005
08127,BTW2021,2021,party_group_fdp,16.2,reported,AI005
08127,BTW2021,2021,party_group_greens,13.8,reported,AI005
08127,BTW2021,2021,party_group_left,3.1,reported,AI005
08127,BTW2021,2021,party_group_afd,12.3,reported,AI005
08128,BTW2021,2021,party_group_cdu_csu,30.4,reported,AI005
08128,BTW2021,2021,party_group_spd,21.6,reported,AI005
08128,BTW2021,2021,party_group_fdp,12.5,reported,AI005
08128,BTW2021,2021,party_group_greens,11.9,reported,AI005
08128,BTW2021,2021,party_group_left,2.7,reported,AI005
08128,BTW2021,2021,party_group_afd,11.4,reported,AI005
08135,BTW2021,2021,party_group_cdu_csu,23.8,reported,AI005
08135,BTW2021,2021,party_group_spd,25.4,reported,AI005
08135,BTW2021,2021,party_group_fdp,14.2,reported,AI005
08135,BTW2021,2021,party_group_greens,12.4,reported,AI005
08135,BTW2021,2021,party_group_left,3.0,reported,AI005
08135,BTW2021,2021,party_group_afd,12.1,reported,AI005
08136,BTW2021,2021,party_group_cdu_csu,28.6,reported,AI005
08136,BTW2021,2021,party_group_spd,22.1,reported,AI005
08136,BTW2021,2021,party_group_fdp,15.2,reported,AI005
08136,BTW2021,2021,party_group_greens,13.3,reported,AI005
08136,BTW2021,2021,party_group_left,2.8,reported,AI005
08136,BTW2021,2021,party_group_afd,10.4,reported,AI005
08211,BTW2021,2021,party_group_cdu_csu,28.0,reported,AI005
08211,BTW2021,2021,party_group_spd,21.8,reported,AI005
08211,BTW2021,2021,party_group_fdp,15.3,reported,AI005
08211,BTW2021,2021,party_group_greens,17.2,reported,AI005
08211,BTW2021,2021,party_group_left,3.0,reported,AI005
08211,BTW2021,2021,party_group_afd,8.1,reported,AI005
08212,BTW2021,2021,party_group_cdu_csu,17.7,reported,AI005
08212,BTW2021,2021,party_group_spd,21.3,reported,AI005
08212,BTW2021,2021,party_group_fdp,13.0,reported,AI005
08212,BTW2021,2021,party_group_greens,27.8,reported,AI005
08212,BTW2021,2021,party_group_left,5.6,reported,AI005
08212,BTW2021,2021,party_group_afd,6.8,reported,AI005
08215,BTW2021,2021,party_group_cdu_csu,26.0,reported,AI005
08215,BTW2021,2021,party_group_spd,22.5,reported,AI005
08215,BTW2021,2021,party_group_fdp,14.7,reported,AI005
08215,BTW2021,2021,party_group_greens,15.2,reported,AI005
08215,BTW2021,2021,party_group_left,2.7,reported,AI005
08215,BTW2021,2021,party_group_afd,10.5,reported,AI005
08216,BTW2021,2021,party_group_cdu_csu,26.8,reported,AI005
08216,BTW2021,2021,party_group_spd,24.1,reported,AI005
08216,BTW2021,2021,party_group_fdp,13.5,reported,AI005
08216,BTW2021,2021,party_group_greens,13.6,reported,AI005
08216,BTW2021,2021,party_group_left,2.7,reported,AI005
08216,BTW2021,2021,party_group_afd,11.2,reported,AI005
08221,BTW2021,2021,party_group_cdu_csu,17.0,reported,AI005
08221,BTW2021,2021,party_group_spd,20.6,reported,AI005
08221,BTW2021,2021,party_group_fdp,12.2,reported,AI005
08221,BTW2021,2021,party_group_greens,32.9,reported,AI005
08221,BTW2021,2021,party_group_left,6.6,reported,AI005
08221,BTW2021,2021,party_group_afd,4.8,reported,AI005
08222,BTW2021,2021,party_group_cdu_csu,18.2,reported,AI005
08222,BTW2021,2021,party_group_spd,25.3,reported,AI005
08222,BTW2021,2021,party_group_fdp,13.1,reported,AI005
08222,BTW2021,2021,party_group_greens,21.1,reported,AI005
08222,BTW2021,2021,party_group_left,5.0,reported,AI005
08222,BTW2021,2021,party_group_afd,9.1,reported,AI005
08225,BTW2021,2021,party_group_cdu_csu,30.5,reported,AI005
08225,BTW2021,2021,party_group_spd,22.7,reported,AI005
08225,BTW2021,2021,party_group_fdp,13.5,reported,AI005
08225,BTW2021,2021,party_group_greens,10.3,reported,AI005
08225,BTW2021,2021,party_group_left,2.4,reported,AI005
08225,BTW2021,2021,party_group_afd,12.5,reported,AI005
08226,BTW2021,2021,party_group_cdu_csu,24.9,reported,AI005
08226,BTW2021,2021,party_group_spd,24.1,reported,AI005
08226,BTW2021,2021,party_group_fdp,14.3,reported,AI005
08226,BTW2021,2021,party_group_greens,16.6,reported,AI005
08226,BTW2021,2021,party_group_left,3.0,reported,AI005
08226,BTW2021,2021,party_group_afd,9.4,reported,AI005
08231,BTW2021,2021,party_group_cdu_csu,23.2,reported,AI005
08231,BTW2021,2021,party_group_spd,20.6,reported,AI005
08231,BTW2021,2021,party_group_fdp,15.3,reported,AI005
08231,BTW2021,2021,party_group_greens,12.4,reported,AI005
08231,BTW2021,2021,party_group_left,3.3,reported,AI005
08231,BTW2021,2021,party_group_afd,15.9,reported,AI005
08235,BTW2021,2021,party_group_cdu_csu,28.4,reported,AI005
08235,BTW2021,2021,party_group_spd,18.6,reported,AI005
08235,BTW2021,2021,party_group_fdp,16.8,reported,AI005
08235,BTW2021,2021,party_group_greens,11.8,reported,AI005
08235,BTW2021,2021,party_group_left,2.5,reported,AI005
08235,BTW2021,2021,party_group_afd,12.9,reported,AI005
08236,BTW2021,2021,party_group_cdu_csu,24.6,reported,AI005
08236,BTW2021,2021,party_group_spd,21.3,reported,AI005
08236,BTW2021,2021,party_group_fdp,16.7,reported,AI005
08236,BTW2021,2021,party_group_greens,13.3,reported,AI005
08236,BTW2021,2021,party_group_left,2.4,reported,AI005
08236,BTW2021,2021,party_group_afd,12.5,reported,AI005
08237,BTW2021,2021,party_group_cdu_csu,28.1,reported,AI005
08237,BTW2021,2021,party_group_spd,19.1,reported,AI005
08237,BTW2021,2021,party_group_fdp,18.8,reported,AI005
08237,BTW2021,2021,party_group_greens,10.9,reported,AI005
08237,BTW2021,2021,party_group_left,2.3,reported,AI005
08237,BTW2021,2021,party_group_afd,12.8,reported,AI005
08311,BTW2021,2021,party_group_cdu_csu,14.1,reported,AI005
08311,BTW2021,2021,party_group_spd,20.6,reported,AI005
08311,BTW2021,2021,party_group_fdp,9.5,reported,AI005
08311,BTW2021,2021,party_group_greens,36.0,reported,AI005
08311,BTW2021,2021,party_group_left,8.4,reported,AI005
08311,BTW2021,2021,party_group_afd,4.4,reported,AI005
08315,BTW2021,2021,party_group_cdu_csu,24.7,reported,AI005
08315,BTW2021,2021,party_group_spd,23.1,reported,AI005
08315,BTW2021,2021,party_group_fdp,13.2,reported,AI005
08315,BTW2021,2021,party_group_greens,20.8,reported,AI005
08315,BTW2021,2021,party_group_left,3.3,reported,AI005
08315,BTW2021,2021,party_group_afd,6.6,reported,AI005
08316,BTW2021,2021,party_group_cdu_csu,23.8,reported,AI005
08316,BTW2021,2021,party_group_spd,24.5,reported,AI005
08316,BTW2021,2021,party_group_fdp,12.8,reported,AI005
08316,BTW2021,2021,party_group_greens,19.4,reported,AI005
08316,BTW2021,2021,party_group_left,3.3,reported,AI005
08316,BTW2021,2021,party_group_afd,7.5,reported,AI005
08317,BTW2021,2021,party_group_cdu_csu,26.1,reported,AI005
08317,BTW2021,2021,party_group_spd,21.9,reported,AI005
08317,BTW2021,2021,party_group_fdp,14.5,reported,AI005
08317,BTW2021,2021,party_group_greens,14.6,reported,AI005
08317,BTW2021,2021,party_group_left,2.9,reported,AI005
08317,BTW2021,2021,party_group_afd,10.1,reported,AI005
08325,BTW2021,2021,party_group_cdu_csu,27.0,reported,AI005
08325,BTW2021,2021,party_group_spd,18.4,reported,AI005
08325,BTW2021,2021,party_group_fdp,18.9,reported,AI005
08325,BTW2021,2021,party_group_greens,10.6,reported,AI005
08325,BTW2021,2021,party_group_left,2.2,reported,AI005
08325,BTW2021,2021,party_group_afd,13.4,reported,AI005
08326,BTW2021,2021,party_group_cdu_csu,26.4,reported,AI005
08326,BTW2021,2021,party_group_spd,21.0,reported,AI005
08326,BTW2021,2021,party_group_fdp,16.3,reported,AI005
08326,BTW2021,2021,party_group_greens,13.3,reported,AI005
08326,BTW2021,2021,party_group_left,2.5,reported,AI005
08326,BTW2021,2021,party_group_afd,11.1,reported,AI005
08327,BTW2021,2021,party_group_cdu_csu,28.3,reported,AI005
08327,BTW2021,2021,party_group_spd,18.9,reported,AI005
08327,BTW2021,2021,party_group_fdp,17.2,reported,AI005
08327,BTW2021,2021,party_group_greens,11.1,reported,AI005
08327,BTW2021,2021,party_group_left,2.3,reported,AI005
08327,BTW2021,2021,party_group_afd,13.3,reported,AI005
08335,BTW2021,2021,party_group_cdu_csu,23.2,reported,AI005
08335,BTW2021,2021,party_group_spd,20.9,reported,AI005
08335,BTW2021,2021,party_group_fdp,15.0,reported,AI005
08335,BTW2021,2021,party_group_greens,21.0,reported,AI005
08335,BTW2021,2021,party_group_left,3.7,reported,AI005
08335,BTW2021,2021,party_group_afd,8.5,reported,AI005
08336,BTW2021,2021,party_group_cdu_csu,21.6,reported,AI005
08336,BTW2021,2021,party_group_spd,24.7,reported,AI005
08336,BTW2021,2021,party_group_fdp,14.7,reported,AI005
08336,BTW2021,2021,party_group_greens,18.4,reported,AI005
08336,BTW2021,2021,party_group_left,3.2,reported,AI005
08336,BTW2021,2021,party_group_afd,8.7,reported,AI005
08337,BTW2021,2021,party_group_cdu_csu,27.0,reported,AI005
08337,BTW2021,2021,party_group_spd,22.6,reported,AI005
08337,BTW2021,2021,party_group_fdp,14.0,reported,AI005
08337,BTW2021,2021,party_group_greens,15.4,reported,AI005
08337,BTW2021,2021,party_group_left,2.6,reported,AI005
08337,BTW2021,2021,party_group_afd,9.4,reported,AI005
08415,BTW2021,2021,party_group_cdu_csu,25.9,reported,AI005
08415,BTW2021,2021,party_group_spd,20.7,reported,AI005
08415,BTW2021,2021,party_group_fdp,16.6,reported,AI005
08415,BTW2021,2021,party_group_greens,15.9,reported,AI005
08415,BTW2021,2021,party_group_left,3.3,reported,AI005
08415,BTW2021,2021,party_group_afd,10.3,reported,AI005
08416,BTW2021,2021,party_group_cdu_csu,21.0,reported,AI005
08416,BTW2021,2021,party_group_spd,20.4,reported,AI005
08416,BTW2021,2021,party_group_fdp,13.3,reported,AI005
08416,BTW2021,2021,party_group_greens,25.9,reported,AI005
08416,BTW2021,2021,party_group_left,5.6,reported,AI005
08416,BTW2021,2021,party_group_afd,6.6,reported,AI005
08417,BTW2021,2021,party_group_cdu_csu,26.9,reported,AI005
08417,BTW2021,2021,party_group_spd,20.0,reported,AI005
08417,BTW2021,2021,party_group_fdp,18.0,reported,AI005
08417,BTW2021,2021,party_group_greens,11.0,reported,AI005
08417,BTW2021,2021,party_group_left,2.7,reported,AI005
08417,BTW2021,2021,party_group_afd,13.0,reported,AI005
08421,BTW2021,2021,party_group_cdu_csu,20.1,reported,AI005
08421,BTW2021,2021,party_group_spd,22.1,reported,AI005
08421,BTW2021,2021,party_group_fdp,13.7,reported,AI005
08421,BTW2021,2021,party_group_greens,24.6,reported,AI005
08421,BTW2021,2021,party_group_left,4.3,reported,AI005
08421,BTW2021,2021,party_group_afd,6.9,reported,AI005
08425,BTW2021,2021,party_group_cdu_csu,30.3,reported,AI005
08425,BTW2021,2021,party_group_spd,19.9,reported,AI005
08425,BTW2021,2021,party_group_fdp,14.8,reported,AI005
08425,BTW2021,2021,party_group_greens,13.8,reported,AI005
08425,BTW2021,2021,party_group_left,2.3,reported,AI005
08425,BTW2021,2021,party_group_afd,10.4,reported,AI005
08426,BTW2021,2021,party_group_cdu_csu,30.5,reported,AI005
08426,BTW2021,2021,party_group_spd,17.6,reported,AI005
08426,BTW2021,2021,party_group_fdp,14.5,reported,AI005
08426,BTW2021,2021,party_group_greens,13.6,reported,AI005
08426,BTW2021,2021,party_group_left,2.2,reported,AI005
08426,BTW2021,2021,party_group_afd,11.0,reported,AI005
08435,BTW2021,2021,party_group_cdu_csu,26.5,reported,AI005
08435,BTW2021,2021,party_group_spd,19.9,reported,AI005
08435,BTW2021,2021,party_group_fdp,15.8,reported,AI005
08435,BTW2021,2021,party_group_greens,17.6,reported,AI005
08435,BTW2021,2021,party_group_left,2.9,reported,AI005
08435,BTW2021,2021,party_group_afd,8.5,reported,AI005
08436,BTW2021,2021,party_group_cdu_csu,27.1,reported,AI005
08436,BTW2021,2021,party_group_spd,18.8,reported,AI005
08436,BTW2021,2021,party_group_fdp,14.9,reported,AI005
08436,BTW2021,2021,party_group_greens,17.1,reported,AI005
08436,BTW2021,2021,party_group_left,3.1,reported,AI005
08436,BTW2021,2021,party_group_afd,8.8,reported,AI005
08437,BTW2021,2021,party_group_cdu_csu,30.2,reported,AI005
08437,BTW2021,2021,party_group_spd,18.9,reported,AI005
08437,BTW2021,2021,party_group_fdp,15.8,reported,AI005
08437,BTW2021,2021,party_group_greens,12.1,reported,AI005
08437,BTW2021,2021,party_group_left,2.6,reported,AI005
08437,BTW2021,2021,party_group_afd,11.4,reported,AI005
09161,BTW2021,2021,party_group_cdu_csu,30.5,reported,AI005
09161,BTW2021,2021,party_group_spd,18.6,reported,AI005
09161,BTW2021,2021,party_group_fdp,12.2,reported,AI005
09161,BTW2021,2021,party_group_greens,13.8,reported,AI005
09161,BTW2021,2021,party_group_left,3.2,reported,AI005
09161,BTW2021,2021,party_group_afd,10.1,reported,AI005
09162,BTW2021,2021,party_group_cdu_csu,23.8,reported,AI005
09162,BTW2021,2021,party_group_spd,19.0,reported,AI005
09162,BTW2021,2021,party_group_fdp,13.7,reported,AI005
09162,BTW2021,2021,party_group_greens,26.1,reported,AI005
09162,BTW2021,2021,party_group_left,4.1,reported,AI005
09162,BTW2021,2021,party_group_afd,4.5,reported,AI005
09163,BTW2021,2021,party_group_cdu_csu,27.2,reported,AI005
09163,BTW2021,2021,party_group_spd,17.0,reported,AI005
09163,BTW2021,2021,party_group_fdp,12.5,reported,AI005
09163,BTW2021,2021,party_group_greens,17.0,reported,AI005
09163,BTW2021,2021,party_group_left,3.3,reported,AI005
09163,BTW2021,2021,party_group_afd,8.7,reported,AI005
09171,BTW2021,2021,party_group_cdu_csu,34.4,reported,AI005
09171,BTW2021,2021,party_group_spd,15.4,reported,AI005
09171,BTW2021,2021,party_group_fdp,9.6,reported,AI005
09171,BTW2021,2021,party_group_greens,10.0,reported,AI005
09171,BTW2021,2021,party_group_left,2.3,reported,AI005
09171,BTW2021,2021,party_group_afd,10.4,reported,AI005
09172,BTW2021,2021,party_group_cdu_csu,31.1,reported,AI005
09172,BTW2021,2021,party_group_spd,15.5,reported,AI005
09172,BTW2021,2021,party_group_fdp,9.8,reported,AI005
09172,BTW2021,2021,party_group_greens,11.4,reported,AI005
09172,BTW2021,2021,party_group_left,2.4,reported,AI005
09172,BTW2021,2021,party_group_afd,8.9,reported,AI005
09173,BTW2021,2021,party_group_cdu_csu,34.0,reported,AI005
09173,BTW2021,2021,party_group_spd,13.6,reported,AI005
09173,BTW2021,2021,party_group_fdp,11.9,reported,AI005
09173,BTW2021,2021,party_group_greens,13.8,reported,AI005
09173,BTW2021,2021,party_group_left,2.3,reported,AI005
09173,BTW2021,2021,party_group_afd,8.3,reported,AI005
09174,BTW2021,2021,party_group_cdu_csu,34.5,reported,AI005
09174,BTW2021,2021,party_group_spd,15.3,reported,AI005
09174,BTW2021,2021,party_group_fdp,11.9,reported,AI005
09174,BTW2021,2021,party_group_greens,14.4,reported,AI005
09174,BTW2021,2021,party_group_left,2.0,reported,AI005
09174,BTW2021,2021,party_group_afd,7.6,reported,AI005
09175,BTW2021,2021,party_group_cdu_csu,32.7,reported,AI005
09175,BTW2021,2021,party_group_spd,16.0,reported,AI005
09175,BTW2021,2021,party_group_fdp,12.8,reported,AI005
09175,BTW2021,2021,party_group_greens,17.1,reported,AI005
09175,BTW2021,2021,party_group_left,2.3,reported,AI005
09175,BTW2021,2021,party_group_afd,6.3,reported,AI005
09176,BTW2021,2021,party_group_cdu_csu,37.4,reported,AI005
09176,BTW2021,2021,party_group_spd,16.5,reported,AI005
09176,BTW2021,2021,party_group_fdp,9.6,reported,AI005
09176,BTW2021,2021,party_group_greens,10.0,reported,AI005
09176,BTW2021,2021,party_group_left,2.0,reported,AI005
09176,BTW2021,2021,party_group_afd,9.4,reported,AI005
09177,BTW2021,2021,party_group_cdu_csu,34.2,reported,AI005
09177,BTW2021,2021,party_group_spd,14.7,reported,AI005
09177,BTW2021,2021,party_group_fdp,11.3,reported,AI005
09177,BTW2021,2021,party_group_greens,12.2,reported,AI005
09177,BTW2021,2021,party_group_left,2.1,reported,AI005
09177,BTW2021,2021,party_group_afd,8.4,reported,AI005
09178,BTW2021,2021,party_group_cdu_csu,30.4,reported,AI005
09178,BTW2021,2021,party_group_spd,15.4,reported,AI005
09178,BTW2021,2021,party_group_fdp,11.6,reported,AI005
09178,BTW2021,2021,party_group_greens,16.2,reported,AI005
09178,BTW2021,2021,party_group_left,2.7,reported,AI005
09178,BTW2021,2021,party_group_afd,7.9,reported,AI005
09179,BTW2021,2021,party_group_cdu_csu,32.2,reported,AI005
09179,BTW2021,2021,party_group_spd,17.4,reported,AI005
09179,BTW2021,2021,party_group_fdp,12.1,reported,AI005
09179,BTW2021,2021,party_group_greens,17.2,reported,AI005
09179,BTW2021,2021,party_group_left,2.4,reported,AI005
09179,BTW2021,2021,party_group_afd,6.2,reported,AI005
09180,BTW2021,2021,party_group_cdu_csu,39.0,reported,AI005
09180,BTW2021,2021,party_group_spd,12.7,reported,AI005
09180,BTW2021,2021,party_group_fdp,10.7,reported,AI005
09180,BTW2021,2021,party_group_greens,12.4,reported,AI005
09180,BTW2021,2021,party_group_left,2.0,reported,AI005
09180,BTW2021,2021,party_group_afd,7.8,reported,AI005
09181,BTW2021,2021,party_group_cdu_csu,31.3,reported,AI005
09181,BTW2021,2021,party_group_spd,15.3,reported,AI005
09181,BTW2021,2021,party_group_fdp,11.4,reported,AI005
09181,BTW2021,2021,party_group_greens,17.3,reported,AI005
09181,BTW2021,2021,party_group_left,2.7,reported,AI005
09181,BTW2021,2021,party_group_afd,7.4,reported,AI005
09182,BTW2021,2021,party_group_cdu_csu,34.4,reported,AI005
09182,BTW2021,2021,party_group_spd,13.4,reported,AI005
09182,BTW2021,2021,party_group_fdp,13.4,reported,AI005
09182,BTW2021,2021,party_group_greens,12.8,reported,AI005
09182,BTW2021,2021,party_group_left,2.0,reported,AI005
09182,BTW2021,2021,party_group_afd,7.6,reported,AI005
09183,BTW2021,2021,party_group_cdu_csu,34.1,reported,AI005
09183,BTW2021,2021,party_group_spd,13.1,reported,AI005
09183,BTW2021,2021,party_group_fdp,11.0,reported,AI005
09183,BTW2021,2021,party_group_greens,9.1,reported,AI005
09183,BTW2021,2021,party_group_left,2.0,reported,AI005
09183,BTW2021,2021,party_group_afd,11.2,reported,AI005
09184,BTW2021,2021,party_group_cdu_csu,32.6,reported,AI005
09184,BTW2021,2021,party_group_spd,17.2,reported,AI005
09184,BTW2021,2021,party_group_fdp,14.4,reported,AI005
09184,BTW2021,2021,party_group_greens,18.5,reported,AI005
09184,BTW2021,2021,party_group_left,2.2,reported,AI005
09184,BTW2021,2021,party_group_afd,5.3,reported,AI005
09185,BTW2021,2021,party_group_cdu_csu,35.6,reported,AI005
09185,BTW2021,2021,party_group_spd,14.7,reported,AI005
09185,BTW2021,2021,party_group_fdp,10.0,reported,AI005
09185,BTW2021,2021,party_group_greens,9.4,reported,AI005
09185,BTW2021,2021,party_group_left,1.7,reported,AI005
09185,BTW2021,2021,party_group_afd,10.8,reported,AI005
09186,BTW2021,2021,party_group_cdu_csu,34.7,reported,AI005
09186,BTW2021,2021,party_group_spd,15.0,reported,AI005
09186,BTW2021,2021,party_group_fdp,11.1,reported,AI005
09186,BTW2021,2021,party_group_greens,10.9,reported,AI005
09186,BTW2021,2021,party_group_left,2.0,reported,AI005
09186,BTW2021,2021,party_group_afd,10.4,reported,AI005
09187,BTW2021,2021,party_group_cdu_csu,31.8,reported,AI005
09187,BTW2021,2021,party_group_spd,13.9,reported,AI005
09187,BTW2021,2021,party_group_fdp,12.0,reported,AI005
09187,BTW2021,2021,party_group_greens,13.0,reported,AI005
09187,BTW2021,2021,party_group_left,2.3,reported,AI005
09187,BTW2021,2021,party_group_afd,8.7,reported,AI005
09188,BTW2021,2021,party_group_cdu_csu,33.1,reported,AI005
09188,BTW2021,2021,party_group_spd,15.3,reported,AI005
09188,BTW2021,2021,party_group_fdp,15.2,reported,AI005
09188,BTW2021,2021,party_group_greens,19.1,reported,AI005
09188,BTW2021,2021,party_group_left,2.2,reported,AI005
09188,BTW2021,2021,party_group_afd,5.0,reported,AI005
09189,BTW2021,2021,party_group_cdu_csu,31.8,reported,AI005
09189,BTW2021,2021,party_group_spd,15.4,reported,AI005
09189,BTW2021,2021,party_group_fdp,9.6,reported,AI005
09189,BTW2021,2021,party_group_greens,12.7,reported,AI005
09189,BTW2021,2021,party_group_left,2.4,reported,AI005
09189,BTW2021,2021,party_group_afd,8.4,reported,AI005
09190,BTW2021,2021,party_group_cdu_csu,32.7,reported,AI005
09190,BTW2021,2021,party_group_spd,15.7,reported,AI005
09190,BTW2021,2021,party_group_fdp,10.3,reported,AI005
09190,BTW2021,2021,party_group_greens,14.0,reported,AI005
09190,BTW2021,2021,party_group_left,2.4,reported,AI005
09190,BTW2021,2021,party_group_afd,8.0,reported,AI005
09261,BTW2021,2021,party_group_cdu_csu,29.5,reported,AI005
09261,BTW2021,2021,party_group_spd,17.9,reported,AI005
09261,BTW2021,2021,party_group_fdp,12.2,reported,AI005
09261,BTW2021,2021,party_group_greens,15.9,reported,AI005
09261,BTW2021,2021,party_group_left,3.3,reported,AI005
09261,BTW2021,2021,party_group_afd,8.2,reported,AI005
09262,BTW2021,2021,party_group_cdu_csu,29.5,reported,AI005
09262,BTW2021,2021,party_group_spd,18.7,reported,AI005
09262,BTW2021,2021,party_group_fdp,11.0,reported,AI005
09262,BTW2021,2021,party_group_greens,17.5,reported,AI005
09262,BTW2021,2021,party_group_left,3.6,reported,AI005
09262,BTW2021,2021,party_group_afd,8.1,reported,AI005
09263,BTW2021,2021,party_group_cdu_csu,34.6,reported,AI005
09263,BTW2021,2021,party_group_spd,17.4,reported,AI005
09263,BTW2021,2021,party_group_fdp,10.0,reported,AI005
09263,BTW2021,2021,party_group_greens,9.6,reported,AI005
09263,BTW2021,2021,party_group_left,2.9,reported,AI005
09263,BTW2021,2021,party_group_afd,11.6,reported,AI005
09271,BTW2021,2021,party_group_cdu_csu,34.2,reported,AI005
09271,BTW2021,2021,party_group_spd,15.6,reported,AI005
09271,BTW2021,2021,party_group_fdp,9.4,reported,AI005
09271,BTW2021,2021,party_group_greens,7.5,reported,AI005
09271,BTW2021,2021,party_group_left,1.9,reported,AI005
09271,BTW2021,2021,party_group_afd,13.3,reported,AI005
09272,BTW2021,2021,party_group_cdu_csu,32.4,reported,AI005
09272,BTW2021,2021,party_group_spd,15.6,reported,AI005
09272,BTW2021,2021,party_group_fdp,7.3,reported,AI005
09272,BTW2021,2021,party_group_greens,5.7,reported,AI005
09272,BTW2021,2021,party_group_left,1.7,reported,AI005
09272,BTW2021,2021,party_group_afd,15.1,reported,AI005
09273,BTW2021,2021,party_group_cdu_csu,34.7,reported,AI005
09273,BTW2021,2021,party_group_spd,16.6,reported,AI005
09273,BTW2021,2021,party_group_fdp,9.4,reported,AI005
09273,BTW2021,2021,party_group_greens,8.7,reported,AI005
09273,BTW2021,2021,party_group_left,1.9,reported,AI005
09273,BTW2021,2021,party_group_afd,11.3,reported,AI005
09274,BTW2021,2021,party_group_cdu_csu,33.3,reported,AI005
09274,BTW2021,2021,party_group_spd,14.3,reported,AI005
09274,BTW2021,2021,party_group_fdp,10.4,reported,AI005
09274,BTW2021,2021,party_group_greens,9.2,reported,AI005
09274,BTW2021,2021,party_group_left,1.9,reported,AI005
09274,BTW2021,2021,party_group_afd,10.3,reported,AI005
09275,BTW2021,2021,party_group_cdu_csu,33.1,reported,AI005
09275,BTW2021,2021,party_group_spd,17.3,reported,AI005
09275,BTW2021,2021,party_group_fdp,8.9,reported,AI005
09275,BTW2021,2021,party_group_greens,7.1,reported,AI005
09275,BTW2021,2021,party_group_left,1.9,reported,AI005
09275,BTW2021,2021,party_group_afd,12.9,reported,AI005
09276,BTW2021,2021,party_group_cdu_csu,32.6,reported,AI005
09276,BTW2021,2021,party_group_spd,15.3,reported,AI005
09276,BTW2021,2021,party_group_fdp,7.9,reported,AI005
09276,BTW2021,2021,party_group_greens,5.6,reported,AI005
09276,BTW2021,2021,party_group_left,1.8,reported,AI005
09276,BTW2021,2021,party_group_afd,15.9,reported,AI005
09277,BTW2021,2021,party_group_cdu_csu,33.7,reported,AI005
09277,BTW2021,2021,party_group_spd,14.2,reported,AI005
09277,BTW2021,2021,party_group_fdp,9.4,reported,AI005
09277,BTW2021,2021,party_group_greens,7.5,reported,AI005
09277,BTW2021,2021,party_group_left,1.9,reported,AI005
09277,BTW2021,2021,party_group_afd,11.4,reported,AI005
09278,BTW2021,2021,party_group_cdu_csu,37.6,reported,AI005
09278,BTW2021,2021,party_group_spd,14.1,reported,AI005
09278,BTW2021,2021,party_group_fdp,9.0,reported,AI005
09278,BTW2021,2021,party_group_greens,6.6,reported,AI005
09278,BTW2021,2021,party_group_left,1.6,reported,AI005
09278,BTW2021,2021,party_group_afd,11.8,reported,AI005
09279,BTW2021,2021,party_group_cdu_csu,35.0,reported,AI005
09279,BTW2021,2021,party_group_spd,14.8,reported,AI005
09279,BTW2021,2021,party_group_fdp,10.1,reported,AI005
09279,BTW2021,2021,party_group_greens,6.6,reported,AI005
09279,BTW2021,2021,party_group_left,1.8,reported,AI005
09279,BTW2021,2021,party_group_afd,13.7,reported,AI005
09361,BTW2021,2021,party_group_cdu_csu,31.4,reported,AI005
09361,BTW2021,2021,party_group_spd,21.3,reported,AI005
09361,BTW2021,2021,party_group_fdp,9.4,reported,AI005
09361,BTW2021,2021,party_group_greens,11.6,reported,AI005
09361,BTW2021,2021,party_group_left,3.0,reported,AI005
09361,BTW2021,2021,party_group_afd,11.6,reported,AI005
09362,BTW2021,2021,party_group_cdu_csu,25.2,reported,AI005
09362,BTW2021,2021,party_group_spd,18.1,reported,AI005
09362,BTW2021,2021,party_group_fdp,10.4,reported,AI005
09362,BTW2021,2021,party_group_greens,23.8,reported,AI005
09362,BTW2021,2021,party_group_left,5.1,reported,AI005
09362,BTW2021,2021,party_group_afd,7.0,reported,AI005
09363,BTW2021,2021,party_group_cdu_csu,31.7,reported,AI005
09363,BTW2021,2021,party_group_spd,24.6,reported,AI005
09363,BTW2021,2021,party_group_fdp,8.9,reported,AI005
09363,BTW2021,2021,party_group_greens,9.6,reported,AI005
09363,BTW2021,2021,party_group_left,3.1,reported,AI005
09363,BTW2021,2021,party_group_afd,11.5,reported,AI005
09371,BTW2021,2021,party_group_cdu_csu,34.1,reported,AI005
09371,BTW2021,2021,party_group_spd,21.2,reported,AI005
09371,BTW2021,2021,party_group_fdp,8.0,reported,AI005
09371,BTW2021,2021,party_group_greens,8.3,reported,AI005
09371,BTW2021,2021,party_group_left,2.3,reported,AI005
09371,BTW2021,2021,party_group_afd,10.8,reported,AI005
09372,BTW2021,2021,party_group_cdu_csu,34.2,reported,AI005
09372,BTW2021,2021,party_group_spd,15.3,reported,AI005
09372,BTW2021,2021,party_group_fdp,6.8,reported,AI005
09372,BTW2021,2021,party_group_greens,6.0,reported,AI005
09372,BTW2021,2021,party_group_left,1.7,reported,AI005
09372,BTW2021,2021,party_group_afd,13.8,reported,AI005
09373,BTW2021,2021,party_group_cdu_csu,36.8,reported,AI005
09373,BTW2021,2021,party_group_spd,15.2,reported,AI005
09373,BTW2021,2021,party_group_fdp,9.1,reported,AI005
09373,BTW2021,2021,party_group_greens,9.7,reported,AI005
09373,BTW2021,2021,party_group_left,2.2,reported,AI005
09373,BTW2021,2021,party_group_afd,9.8,reported,AI005
09374,BTW2021,2021,party_group_cdu_csu,35.5,reported,AI005
09374,BTW2021,2021,party_group_spd,22.7,reported,AI005
09374,BTW2021,2021,party_group_fdp,7.2,reported,AI005
09374,BTW2021,2021,party_group_greens,6.6,reported,AI005
09374,BTW2021,2021,party_group_left,1.9,reported,AI005
09374,BTW2021,2021,party_group_afd,11.6,reported,AI005
09375,BTW2021,2021,party_group_cdu_csu,34.8,reported,AI005
09375,BTW2021,2021,party_group_spd,16.9,reported,AI005
09375,BTW2021,2021,party_group_fdp,8.8,reported,AI005
09375,BTW2021,2021,party_group_greens,10.8,reported,AI005
09375,BTW2021,2021,party_group_left,2.3,reported,AI005
09375,BTW2021,2021,party_group_afd,10.1,reported,AI005
09376,BTW2021,2021,party_group_cdu_csu,34.0,reported,AI005
09376,BTW2021,2021,party_group_spd,20.3,reported,AI005
09376,BTW2021,2021,party_group_fdp,7.6,reported,AI005
09376,BTW2021,2021,party_group_greens,6.7,reported,AI005
09376,BTW2021,2021,party_group_left,2.2,reported,AI005
09376,BTW2021,2021,party_group_afd,13.2,reported,AI005
09377,BTW2021,2021,party_group_cdu_csu,37.0,reported,AI005
09377,BTW2021,2021,party_group_spd,21.0,reported,AI005
09377,BTW2021,2021,party_group_fdp,6.7,reported,AI005
09377,BTW2021,2021,party_group_greens,6.2,reported,AI005
09377,BTW2021,2021,party_group_left,2.0,reported,AI005
09377,BTW2021,2021,party_group_afd,10.9,reported,AI005
09461,BTW2021,2021,party_group_cdu_csu,26.0,reported,AI005
09461,BTW2021,2021,party_group_spd,18.9,reported,AI005
09461,BTW2021,2021,party_group_fdp,9.9,reported,AI005
09461,BTW2021,2021,party_group_greens,22.9,reported,AI005
09461,BTW2021,2021,party_group_left,5.3,reported,AI005
09461,BTW2021,2021,party_group_afd,7.8,reported,AI005
09462,BTW2021,2021,party_group_cdu_csu,27.6,reported,AI005
09462,BTW2021,2021,party_group_spd,21.8,reported,AI005
09462,BTW2021,2021,party_group_fdp,11.7,reported,AI005
09462,BTW2021,2021,party_group_greens,18.7,reported,AI005
09462,BTW2021,2021,party_group_left,3.8,reported,AI005
09462,BTW2021,2021,party_group_afd,7.3,reported,AI005
09463,BTW2021,2021,party_group_cdu_csu,26.3,reported,AI005
09463,BTW2021,2021,party_group_spd,25.3,reported,AI005
09463,BTW2021,2021,party_group_fdp,10.6,reported,AI005
09463,BTW2021,2021,party_group_greens,15.9,reported,AI005
09463,BTW2021,2021,party_group_left,3.8,reported,AI005
09463,BTW2021,2021,party_group_afd,7.9,reported,AI005
09464,BTW2021,2021,party_group_cdu_csu,31.8,reported,AI005
09464,BTW2021,2021,party_group_spd,23.4,reported,AI005
09464,BTW2021,2021,party_group_fdp,9.7,reported,AI005
09464,BTW2021,2021,party_group_greens,9.9,reported,AI005
09464,BTW2021,2021,party_group_left,3.1,reported,AI005
09464,BTW2021,2021,party_group_afd,11.3,reported,AI005
09471,BTW2021,2021,party_group_cdu_csu,37.5,reported,AI005
09471,BTW2021,2021,party_group_spd,16.1,reported,AI005
09471,BTW2021,2021,party_group_fdp,9.2,reported,AI005
09471,BTW2021,2021,party_group_greens,9.0,reported,AI005
09471,BTW2021,2021,party_group_left,2.1,reported,AI005
09471,BTW2021,2021,party_group_afd,12.7,reported,AI005
09472,BTW2021,2021,party_group_cdu_csu,37.0,reported,AI005
09472,BTW2021,2021,party_group_spd,21.3,reported,AI005
09472,BTW2021,2021,party_group_fdp,8.3,reported,AI005
09472,BTW2021,2021,party_group_greens,8.8,reported,AI005
09472,BTW2021,2021,party_group_left,1.9,reported,AI005
09472,BTW2021,2021,party_group_afd,9.7,reported,AI005
09473,BTW2021,2021,party_group_cdu_csu,30.8,reported,AI005
09473,BTW2021,2021,party_group_spd,25.4,reported,AI005
09473,BTW2021,2021,party_group_fdp,8.7,reported,AI005
09473,BTW2021,2021,party_group_greens,9.0,reported,AI005
09473,BTW2021,2021,party_group_left,2.4,reported,AI005
09473,BTW2021,2021,party_group_afd,10.9,reported,AI005
09474,BTW2021,2021,party_group_cdu_csu,36.4,reported,AI005
09474,BTW2021,2021,party_group_spd,17.3,reported,AI005
09474,BTW2021,2021,party_group_fdp,9.2,reported,AI005
09474,BTW2021,2021,party_group_greens,12.5,reported,AI005
09474,BTW2021,2021,party_group_left,2.4,reported,AI005
09474,BTW2021,2021,party_group_afd,9.0,reported,AI005
09475,BTW2021,2021,party_group_cdu_csu,34.5,reported,AI005
09475,BTW2021,2021,party_group_spd,24.0,reported,AI005
09475,BTW2021,2021,party_group_fdp,8.3,reported,AI005
09475,BTW2021,2021,party_group_greens,7.3,reported,AI005
09475,BTW2021,2021,party_group_left,2.1,reported,AI005
09475,BTW2021,2021,party_group_afd,11.5,reported,AI005
09476,BTW2021,2021,party_group_cdu_csu,36.2,reported,AI005
09476,BTW2021,2021,party_group_spd,24.9,reported,AI005
09476,BTW2021,2021,party_group_fdp,7.7,reported,AI005
09476,BTW2021,2021,party_group_greens,6.3,reported,AI005
09476,BTW2021,2021,party_group_left,2.0,reported,AI005
09476,BTW2021,2021,party_group_afd,11.3,reported,AI005
09477,BTW2021,2021,party_group_cdu_csu,33.7,reported,AI005
09477,BTW2021,2021,party_group_spd,23.1,reported,AI005
09477,BTW2021,2021,party_group_fdp,8.0,reported,AI005
09477,BTW2021,2021,party_group_greens,9.4,reported,AI005
09477,BTW2021,2021,party_group_left,2.3,reported,AI005
09477,BTW2021,2021,party_group_afd,10.3,reported,AI005
09478,BTW2021,2021,party_group_cdu_csu,36.7,reported,AI005
09478,BTW2021,2021,party_group_spd,19.8,reported,AI005
09478,BTW2021,2021,party_group_fdp,8.2,reported,AI005
09478,BTW2021,2021,party_group_greens,8.3,reported,AI005
09478,BTW2021,2021,party_group_left,2.1,reported,AI005
09478,BTW2021,2021,party_group_afd,11.5,reported,AI005
09479,BTW2021,2021,party_group_cdu_csu,32.1,reported,AI005
09479,BTW2021,2021,party_group_spd,25.8,reported,AI005
09479,BTW2021,2021,party_group_fdp,7.9,reported,AI005
09479,BTW2021,2021,party_group_greens,7.1,reported,AI005
09479,BTW2021,2021,party_group_left,2.4,reported,AI005
09479,BTW2021,2021,party_group_afd,12.1,reported,AI005
09561,BTW2021,2021,party_group_cdu_csu,28.7,reported,AI005
09561,BTW2021,2021,party_group_spd,21.9,reported,AI005
09561,BTW2021,2021,party_group_fdp,8.4,reported,AI005
09561,BTW2021,2021,party_group_greens,13.9,reported,AI005
09561,BTW2021,2021,party_group_left,3.7,reported,AI005
09561,BTW2021,2021,party_group_afd,11.3,reported,AI005
09562,BTW2021,2021,party_group_cdu_csu,23.8,reported,AI005
09562,BTW2021,2021,party_group_spd,20.1,reported,AI005
09562,BTW2021,2021,party_group_fdp,10.5,reported,AI005
09562,BTW2021,2021,party_group_greens,26.2,reported,AI005
09562,BTW2021,2021,party_group_left,5.2,reported,AI005
09562,BTW2021,2021,party_group_afd,5.4,reported,AI005
09563,BTW2021,2021,party_group_cdu_csu,24.1,reported,AI005
09563,BTW2021,2021,party_group_spd,23.1,reported,AI005
09563,BTW2021,2021,party_group_fdp,9.8,reported,AI005
09563,BTW2021,2021,party_group_greens,18.9,reported,AI005
09563,BTW2021,2021,party_group_left,5.2,reported,AI005
09563,BTW2021,2021,party_group_afd,8.7,reported,AI005
09564,BTW2021,2021,party_group_cdu_csu,26.5,reported,AI005
09564,BTW2021,2021,party_group_spd,21.7,reported,AI005
09564,BTW2021,2021,party_group_fdp,9.6,reported,AI005
09564,BTW2021,2021,party_group_greens,19.3,reported,AI005
09564,BTW2021,2021,party_group_left,5.1,reported,AI005
09564,BTW2021,2021,party_group_afd,7.9,reported,AI005
09565,BTW2021,2021,party_group_cdu_csu,29.6,reported,AI005
09565,BTW2021,2021,party_group_spd,21.9,reported,AI005
09565,BTW2021,2021,party_group_fdp,9.9,reported,AI005
09565,BTW2021,2021,party_group_greens,15.1,reported,AI005
09565,BTW2021,2021,party_group_left,3.1,reported,AI005
09565,BTW2021,2021,party_group_afd,8.9,reported,AI005
09571,BTW2021,2021,party_group_cdu_csu,33.6,reported,AI005
09571,BTW2021,2021,party_group_spd,18.9,reported,AI005
09571,BTW2021,2021,party_group_fdp,8.6,reported,AI005
09571,BTW2021,2021,party_group_greens,11.5,reported,AI005
09571,BTW2021,2021,party_group_left,2.5,reported,AI005
09571,BTW2021,2021,party_group_afd,10.1,reported,AI005
09572,BTW2021,2021,party_group_cdu_csu,32.2,reported,AI005
09572,BTW2021,2021,party_group_spd,19.3,reported,AI005
09572,BTW2021,2021,party_group_fdp,10.3,reported,AI005
09572,BTW2021,2021,party_group_greens,16.4,reported,AI005
09572,BTW2021,2021,party_group_left,2.8,reported,AI005
09572,BTW2021,2021,party_group_afd,8.0,reported,AI005
09573,BTW2021,2021,party_group_cdu_csu,31.6,reported,AI005
09573,BTW2021,2021,party_group_spd,21.4,reported,AI005
09573,BTW2021,2021,party_group_fdp,9.9,reported,AI005
09573,BTW2021,2021,party_group_greens,14.5,reported,AI005
09573,BTW2021,2021,party_group_left,2.7,reported,AI005
09573,BTW2021,2021,party_group_afd,8.9,reported,AI005
09574,BTW2021,2021,party_group_cdu_csu,31.0,reported,AI005
09574,BTW2021,2021,party_group_spd,21.4,reported,AI005
09574,BTW2021,2021,party_group_fdp,8.9,reported,AI005
09574,BTW2021,2021,party_group_greens,15.1,reported,AI005
09574,BTW2021,2021,party_group_left,2.8,reported,AI005
09574,BTW2021,2021,party_group_afd,8.1,reported,AI005
09575,BTW2021,2021,party_group_cdu_csu,34.3,reported,AI005
09575,BTW2021,2021,party_group_spd,19.5,reported,AI005
09575,BTW2021,2021,party_group_fdp,8.8,reported,AI005
09575,BTW2021,2021,party_group_greens,11.6,reported,AI005
09575,BTW2021,2021,party_group_left,2.7,reported,AI005
09575,BTW2021,2021,party_group_afd,9.6,reported,AI005
09576,BTW2021,2021,party_group_cdu_csu,34.0,reported,AI005
09576,BTW2021,2021,party_group_spd,19.4,reported,AI005
09576,BTW2021,2021,party_group_fdp,9.1,reported,AI005
09576,BTW2021,2021,party_group_greens,12.2,reported,AI005
09576,BTW2021,2021,party_group_left,2.4,reported,AI005
09576,BTW2021,2021,party_group_afd,9.1,reported,AI005
09577,BTW2021,2021,party_group_cdu_csu,33.8,reported,AI005
09577,BTW2021,2021,party_group_spd,20.2,reported,AI005
09577,BTW2021,2021,party_group_fdp,8.3,reported,AI005
09577,BTW2021,2021,party_group_greens,11.2,reported,AI005
09577,BTW2021,2021,party_group_left,2.3,reported,AI005
09577,BTW2021,2021,party_group_afd,9.3,reported,AI005
09661,BTW2021,2021,party_group_cdu_csu,26.6,reported,AI005
09661,BTW2021,2021,party_group_spd,21.4,reported,AI005
09661,BTW2021,2021,party_group_fdp,11.8,reported,AI005
09661,BTW2021,2021,party_group_greens,17.4,reported,AI005
09661,BTW2021,2021,party_group_left,3.7,reported,AI005
09661,BTW2021,2021,party_group_afd,9.3,reported,AI005
09662,BTW2021,2021,party_group_cdu_csu,28.0,reported,AI005
09662,BTW2021,2021,party_group_spd,22.9,reported,AI005
09662,BTW2021,2021,party_group_fdp,10.1,reported,AI005
09662,BTW2021,2021,party_group_greens,11.6,reported,AI005
09662,BTW2021,2021,party_group_left,5.1,reported,AI005
09662,BTW2021,2021,party_group_afd,12.3,reported,AI005
09663,BTW2021,2021,party_group_cdu_csu,24.5,reported,AI005
09663,BTW2021,2021,party_group_spd,19.0,reported,AI005
09663,BTW2021,2021,party_group_fdp,11.1,reported,AI005
09663,BTW2021,2021,party_group_greens,25.6,reported,AI005
09663,BTW2021,2021,party_group_left,5.4,reported,AI005
09663,BTW2021,2021,party_group_afd,5.9,reported,AI005
09671,BTW2021,2021,party_group_cdu_csu,33.0,reported,AI005
09671,BTW2021,2021,party_group_spd,20.5,reported,AI005
09671,BTW2021,2021,party_group_fdp,10.9,reported,AI005
09671,BTW2021,2021,party_group_greens,13.1,reported,AI005
09671,BTW2021,2021,party_group_left,2.5,reported,AI005
09671,BTW2021,2021,party_group_afd,9.5,reported,AI005
09672,BTW2021,2021,party_group_cdu_csu,38.3,reported,AI005
09672,BTW2021,2021,party_group_spd,17.9,reported,AI005
09672,BTW2021,2021,party_group_fdp,9.1,reported,AI005
09672,BTW2021,2021,party_group_greens,9.3,reported,AI005
09672,BTW2021,2021,party_group_left,2.8,reported,AI005
09672,BTW2021,2021,party_group_afd,10.2,reported,AI005
09673,BTW2021,2021,party_group_cdu_csu,39.2,reported,AI005
09673,BTW2021,2021,party_group_spd,16.1,reported,AI005
09673,BTW2021,2021,party_group_fdp,8.9,reported,AI005
09673,BTW2021,2021,party_group_greens,9.4,reported,AI005
09673,BTW2021,2021,party_group_left,2.9,reported,AI005
09673,BTW2021,2021,party_group_afd,10.1,reported,AI005
09674,BTW2021,2021,party_group_cdu_csu,35.2,reported,AI005
09674,BTW2021,2021,party_group_spd,18.8,reported,AI005
09674,BTW2021,2021,party_group_fdp,8.3,reported,AI005
09674,BTW2021,2021,party_group_greens,8.8,reported,AI005
09674,BTW2021,2021,party_group_left,2.6,reported,AI005
09674,BTW2021,2021,party_group_afd,11.7,reported,AI005
09675,BTW2021,2021,party_group_cdu_csu,35.2,reported,AI005
09675,BTW2021,2021,party_group_spd,19.6,reported,AI005
09675,BTW2021,2021,party_group_fdp,9.4,reported,AI005
09675,BTW2021,2021,party_group_greens,11.5,reported,AI005
09675,BTW2021,2021,party_group_left,2.7,reported,AI005
09675,BTW2021,2021,party_group_afd,8.8,reported,AI005
09676,BTW2021,2021,party_group_cdu_csu,32.9,reported,AI005
09676,BTW2021,2021,party_group_spd,20.2,reported,AI005
09676,BTW2021,2021,party_group_fdp,10.0,reported,AI005
09676,BTW2021,2021,party_group_greens,11.3,reported,AI005
09676,BTW2021,2021,party_group_left,2.3,reported,AI005
09676,BTW2021,2021,party_group_afd,9.3,reported,AI005
09677,BTW2021,2021,party_group_cdu_csu,35.8,reported,AI005
09677,BTW2021,2021,party_group_spd,21.4,reported,AI005
09677,BTW2021,2021,party_group_fdp,8.1,reported,AI005
09677,BTW2021,2021,party_group_greens,11.4,reported,AI005
09677,BTW2021,2021,party_group_left,2.4,reported,AI005
09677,BTW2021,2021,party_group_afd,8.5,reported,AI005
09678,BTW2021,2021,party_group_cdu_csu,36.8,reported,AI005
09678,BTW2021,2021,party_group_spd,18.3,reported,AI005
09678,BTW2021,2021,party_group_fdp,9.6,reported,AI005
09678,BTW2021,2021,party_group_greens,10.3,reported,AI005
09678,BTW2021,2021,party_group_left,2.8,reported,AI005
09678,BTW2021,2021,party_group_afd,10.2,reported,AI005
09679,BTW2021,2021,party_group_cdu_csu,34.4,reported,AI005
09679,BTW2021,2021,party_group_spd,20.9,reported,AI005
09679,BTW2021,2021,party_group_fdp,9.9,reported,AI005
09679,BTW2021,2021,party_group_greens,14.8,reported,AI005
09679,BTW2021,2021,party_group_left,2.7,reported,AI005
09679,BTW2021,2021,party_group_afd,7.1,reported,AI005
09761,BTW2021,2021,party_group_cdu_csu,24.7,reported,AI005
09761,BTW2021,2021,party_group_spd,19.2,reported,AI005
09761,BTW2021,2021,party_group_fdp,11.2,reported,AI005
09761,BTW2021,2021,party_group_greens,19.8,reported,AI005
09761,BTW2021,2021,party_group_left,4.8,reported,AI005
09761,BTW2021,2021,party_group_afd,8.9,reported,AI005
09762,BTW2021,2021,party_group_cdu_csu,28.3,reported,AI005
09762,BTW2021,2021,party_group_spd,18.5,reported,AI005
09762,BTW2021,2021,party_group_fdp,10.9,reported,AI005
09762,BTW2021,2021,party_group_greens,13.7,reported,AI005
09762,BTW2021,2021,party_group_left,3.6,reported,AI005
09762,BTW2021,2021,party_group_afd,11.1,reported,AI005
09763,BTW2021,2021,party_group_cdu_csu,25.8,reported,AI005
09763,BTW2021,2021,party_group_spd,17.9,reported,AI005
09763,BTW2021,2021,party_group_fdp,12.4,reported,AI005
09763,BTW2021,2021,party_group_greens,16.8,reported,AI005
09763,BTW2021,2021,party_group_left,3.7,reported,AI005
09763,BTW2021,2021,party_group_afd,9.6,reported,AI005
09764,BTW2021,2021,party_group_cdu_csu,27.6,reported,AI005
09764,BTW2021,2021,party_group_spd,19.2,reported,AI005
09764,BTW2021,2021,party_group_fdp,12.1,reported,AI005
09764,BTW2021,2021,party_group_greens,13.2,reported,AI005
09764,BTW2021,2021,party_group_left,3.1,reported,AI005
09764,BTW2021,2021,party_group_afd,11.3,reported,AI005
09771,BTW2021,2021,party_group_cdu_csu,34.8,reported,AI005
09771,BTW2021,2021,party_group_spd,14.8,reported,AI005
09771,BTW2021,2021,party_group_fdp,10.9,reported,AI005
09771,BTW2021,2021,party_group_greens,12.3,reported,AI005
09771,BTW2021,2021,party_group_left,1.8,reported,AI005
09771,BTW2021,2021,party_group_afd,9.8,reported,AI005
09772,BTW2021,2021,party_group_cdu_csu,32.8,reported,AI005
09772,BTW2021,2021,party_group_spd,17.0,reported,AI005
09772,BTW2021,2021,party_group_fdp,10.8,reported,AI005
09772,BTW2021,2021,party_group_greens,12.6,reported,AI005
09772,BTW2021,2021,party_group_left,2.2,reported,AI005
09772,BTW2021,2021,party_group_afd,9.9,reported,AI005
09773,BTW2021,2021,party_group_cdu_csu,34.1,reported,AI005
09773,BTW2021,2021,party_group_spd,16.1,reported,AI005
09773,BTW2021,2021,party_group_fdp,10.9,reported,AI005
09773,BTW2021,2021,party_group_greens,8.9,reported,AI005
09773,BTW2021,2021,party_group_left,1.9,reported,AI005
09773,BTW2021,2021,party_group_afd,12.8,reported,AI005
09774,BTW2021,2021,party_group_cdu_csu,31.7,reported,AI005
09774,BTW2021,2021,party_group_spd,16.5,reported,AI005
09774,BTW2021,2021,party_group_fdp,11.3,reported,AI005
09774,BTW2021,2021,party_group_greens,9.3,reported,AI005
09774,BTW2021,2021,party_group_left,2.1,reported,AI005
09774,BTW2021,2021,party_group_afd,12.7,reported,AI005
09775,BTW2021,2021,party_group_cdu_csu,30.8,reported,AI005
09775,BTW2021,2021,party_group_spd,18.5,reported,AI005
09775,BTW2021,2021,party_group_fdp,12.1,reported,AI005
09775,BTW2021,2021,party_group_greens,12.9,reported,AI005
09775,BTW2021,2021,party_group_left,2.7,reported,AI005
09775,BTW2021,2021,party_group_afd,11.0,reported,AI005
09776,BTW2021,2021,party_group_cdu_csu,29.5,reported,AI005
09776,BTW2021,2021,party_group_spd,18.5,reported,AI005
09776,BTW2021,2021,party_group_fdp,11.5,reported,AI005
09776,BTW2021,2021,party_group_greens,16.6,reported,AI005
09776,BTW2021,2021,party_group_left,3.3,reported,AI005
09776,BTW2021,2021,party_group_afd,7.1,reported,AI005
09777,BTW2021,2021,party_group_cdu_csu,33.0,reported,AI005
09777,BTW2021,2021,party_group_spd,15.0,reported,AI005
09777,BTW2021,2021,party_group_fdp,10.5,reported,AI005
09777,BTW2021,2021,party_group_greens,12.7,reported,AI005
09777,BTW2021,2021,party_group_left,2.4,reported,AI005
09777,BTW2021,2021,party_group_afd,8.5,reported,AI005
09778,BTW2021,2021,party_group_cdu_csu,32.7,reported,AI005
09778,BTW2021,2021,party_group_spd,13.8,reported,AI005
09778,BTW2021,2021,party_group_fdp,11.2,reported,AI005
09778,BTW2021,2021,party_group_greens,9.7,reported,AI005
09778,BTW2021,2021,party_group_left,2.1,reported,AI005
09778,BTW2021,2021,party_group_afd,11.8,reported,AI005
09779,BTW2021,2021,party_group_cdu_csu,35.4,reported,AI005
09779,BTW2021,2021,party_group_spd,17.8,reported,AI005
09779,BTW2021,2021,party_group_fdp,9.5,reported,AI005
09779,BTW2021,2021,party_group_greens,10.1,reported,AI005
09779,BTW2021,2021,party_group_left,1.9,reported,AI005
09779,BTW2021,2021,party_group_afd,9.6,reported,AI005
09780,BTW2021,2021,party_group_cdu_csu,32.6,reported,AI005
09780,BTW2021,2021,party_group_spd,15.1,reported,AI005
09780,BTW2021,2021,party_group_fdp,11.3,reported,AI005
09780,BTW2021,2021,party_group_greens,13.9,reported,AI005
09780,BTW2021,2021,party_group_left,2.2,reported,AI005
09780,BTW2021,2021,party_group_afd,7.7,reported,AI005
10041,BTW2021,2021,party_group_cdu_csu,21.0,reported,AI005
10041,BTW2021,2021,party_group_spd,38.1,reported,AI005
10041,BTW2021,2021,party_group_fdp,11.6,reported,AI005
10041,BTW2021,2021,party_group_greens,,not_available,AI005
10041,BTW2021,2021,party_group_left,8.9,reported,AI005
10041,BTW2021,2021,party_group_afd,9.7,reported,AI005
10042,BTW2021,2021,party_group_cdu_csu,25.2,reported,AI005
10042,BTW2021,2021,party_group_spd,35.8,reported,AI005
10042,BTW2021,2021,party_group_fdp,12.4,reported,AI005
10042,BTW2021,2021,party_group_greens,,not_available,AI005
10042,BTW2021,2021,party_group_left,6.6,reported,AI005
10042,BTW2021,2021,party_group_afd,9.7,reported,AI005
10043,BTW2021,2021,party_group_cdu_csu,22.5,reported,AI005
10043,BTW2021,2021,party_group_spd,39.4,reported,AI005
10043,BTW2021,2021,party_group_fdp,10.3,reported,AI005
10043,BTW2021,2021,party_group_greens,,not_available,AI005
10043,BTW2021,2021,party_group_left,6.4,reported,AI005
10043,BTW2021,2021,party_group_afd,11.3,reported,AI005
10044,BTW2021,2021,party_group_cdu_csu,24.3,reported,AI005
10044,BTW2021,2021,party_group_spd,36.5,reported,AI005
10044,BTW2021,2021,party_group_fdp,11.9,reported,AI005
10044,BTW2021,2021,party_group_greens,,not_available,AI005
10044,BTW2021,2021,party_group_left,6.7,reported,AI005
10044,BTW2021,2021,party_group_afd,10.2,reported,AI005
10045,BTW2021,2021,party_group_cdu_csu,24.0,reported,AI005
10045,BTW2021,2021,party_group_spd,36.1,reported,AI005
10045,BTW2021,2021,party_group_fdp,11.9,reported,AI005
10045,BTW2021,2021,party_group_greens,,not_available,AI005
10045,BTW2021,2021,party_group_left,6.6,reported,AI005
10045,BTW2021,2021,party_group_afd,10.7,reported,AI005
10046,BTW2021,2021,party_group_cdu_csu,28.7,reported,AI005
10046,BTW2021,2021,party_group_spd,36.8,reported,AI005
10046,BTW2021,2021,party_group_fdp,10.4,reported,AI005
10046,BTW2021,2021,party_group_greens,,not_available,AI005
10046,BTW2021,2021,party_group_left,5.3,reported,AI005
10046,BTW2021,2021,party_group_afd,8.6,reported,AI005
11000,BTW2021,2021,party_group_cdu_csu,15.9,reported,AI005
11000,BTW2021,2021,party_group_spd,23.4,reported,AI005
11000,BTW2021,2021,party_group_fdp,9.1,reported,AI005
11000,BTW2021,2021,party_group_greens,22.4,reported,AI005
11000,BTW2021,2021,party_group_left,11.4,reported,AI005
11000,BTW2021,2021,party_group_afd,8.4,reported,AI005
12051,BTW2021,2021,party_group_cdu_csu,14.9,reported,AI005
12051,BTW2021,2021,party_group_spd,33.7,reported,AI005
12051,BTW2021,2021,party_group_fdp,7.5,reported,AI005
12051,BTW2021,2021,party_group_greens,9.6,reported,AI005
12051,BTW2021,2021,party_group_left,8.3,reported,AI005
12051,BTW2021,2021,party_group_afd,15.8,reported,AI005
12052,BTW2021,2021,party_group_cdu_csu,13.1,reported,AI005
12052,BTW2021,2021,party_group_spd,29.3,reported,AI005
12052,BTW2021,2021,party_group_fdp,11.0,reported,AI005
12052,BTW2021,2021,party_group_greens,7.4,reported,AI005
12052,BTW2021,2021,party_group_left,8.8,reported,AI005
12052,BTW2021,2021,party_group_afd,20.3,reported,AI005
12053,BTW2021,2021,party_group_cdu_csu,13.8,reported,AI005
12053,BTW2021,2021,party_group_spd,31.3,reported,AI005
12053,BTW2021,2021,party_group_fdp,8.2,reported,AI005
12053,BTW2021,2021,party_group_greens,7.8,reported,AI005
12053,BTW2021,2021,party_group_left,12.0,reported,AI005
12053,BTW2021,2021,party_group_afd,18.3,reported,AI005
12054,BTW2021,2021,party_group_cdu_csu,11.8,reported,AI005
12054,BTW2021,2021,party_group_spd,26.6,reported,AI005
12054,BTW2021,2021,party_group_fdp,9.5,reported,AI005
12054,BTW2021,2021,party_group_greens,21.4,reported,AI005
12054,BTW2021,2021,party_group_left,12.0,reported,AI005
12054,BTW2021,2021,party_group_afd,9.2,reported,AI005
12060,BTW2021,2021,party_group_cdu_csu,15.0,reported,AI005
12060,BTW2021,2021,party_group_spd,27.5,reported,AI005
12060,BTW2021,2021,party_group_fdp,9.0,reported,AI005
12060,BTW2021,2021,party_group_greens,9.0,reported,AI005
12060,BTW2021,2021,party_group_left,10.1,reported,AI005
12060,BTW2021,2021,party_group_afd,17.4,reported,AI005
12061,BTW2021,2021,party_group_cdu_csu,16.0,reported,AI005
12061,BTW2021,2021,party_group_spd,28.2,reported,AI005
12061,BTW2021,2021,party_group_fdp,10.1,reported,AI005
12061,BTW2021,2021,party_group_greens,8.6,reported,AI005
12061,BTW2021,2021,party_group_left,8.0,reported,AI005
12061,BTW2021,2021,party_group_afd,18.1,reported,AI005
12062,BTW2021,2021,party_group_cdu_csu,16.1,reported,AI005
12062,BTW2021,2021,party_group_spd,28.4,reported,AI005
12062,BTW2021,2021,party_group_fdp,8.9,reported,AI005
12062,BTW2021,2021,party_group_greens,4.2,reported,AI005
12062,BTW2021,2021,party_group_left,7.0,reported,AI005
12062,BTW2021,2021,party_group_afd,24.6,reported,AI005
12063,BTW2021,2021,party_group_cdu_csu,16.9,reported,AI005
12063,BTW2021,2021,party_group_spd,29.8,reported,AI005
12063,BTW2021,2021,party_group_fdp,9.9,reported,AI005
12063,BTW2021,2021,party_group_greens,10.3,reported,AI005
12063,BTW2021,2021,party_group_left,6.9,reported,AI005
12063,BTW2021,2021,party_group_afd,16.3,reported,AI005
12064,BTW2021,2021,party_group_cdu_csu,14.9,reported,AI005
12064,BTW2021,2021,party_group_spd,28.7,reported,AI005
12064,BTW2021,2021,party_group_fdp,8.5,reported,AI005
12064,BTW2021,2021,party_group_greens,7.5,reported,AI005
12064,BTW2021,2021,party_group_left,10.2,reported,AI005
12064,BTW2021,2021,party_group_afd,19.1,reported,AI005
12065,BTW2021,2021,party_group_cdu_csu,16.7,reported,AI005
12065,BTW2021,2021,party_group_spd,28.9,reported,AI005
12065,BTW2021,2021,party_group_fdp,9.8,reported,AI005
12065,BTW2021,2021,party_group_greens,9.6,reported,AI005
12065,BTW2021,2021,party_group_left,7.0,reported,AI005
12065,BTW2021,2021,party_group_afd,17.0,reported,AI005
12066,BTW2021,2021,party_group_cdu_csu,14.1,reported,AI005
12066,BTW2021,2021,party_group_spd,28.8,reported,AI005
12066,BTW2021,2021,party_group_fdp,9.7,reported,AI005
12066,BTW2021,2021,party_group_greens,4.2,reported,AI005
12066,BTW2021,2021,party_group_left,7.5,reported,AI005
12066,BTW2021,2021,party_group_afd,25.1,reported,AI005
12067,BTW2021,2021,party_group_cdu_csu,14.3,reported,AI005
12067,BTW2021,2021,party_group_spd,29.0,reported,AI005
12067,BTW2021,2021,party_group_fdp,9.0,reported,AI005
12067,BTW2021,2021,party_group_greens,6.9,reported,AI005
12067,BTW2021,2021,party_group_left,8.9,reported,AI005
12067,BTW2021,2021,party_group_afd,20.7,reported,AI005
12068,BTW2021,2021,party_group_cdu_csu,16.2,reported,AI005
12068,BTW2021,2021,party_group_spd,34.4,reported,AI005
12068,BTW2021,2021,party_group_fdp,7.3,reported,AI005
12068,BTW2021,2021,party_group_greens,7.1,reported,AI005
12068,BTW2021,2021,party_group_left,8.2,reported,AI005
12068,BTW2021,2021,party_group_afd,18.2,reported,AI005
12069,BTW2021,2021,party_group_cdu_csu,16.7,reported,AI005
12069,BTW2021,2021,party_group_spd,29.9,reported,AI005
12069,BTW2021,2021,party_group_fdp,10.7,reported,AI005
12069,BTW2021,2021,party_group_greens,12.7,reported,AI005
12069,BTW2021,2021,party_group_left,7.4,reported,AI005
12069,BTW2021,2021,party_group_afd,13.1,reported,AI005
12070,BTW2021,2021,party_group_cdu_csu,16.5,reported,AI005
12070,BTW2021,2021,party_group_spd,34.6,reported,AI005
12070,BTW2021,2021,party_group_fdp,7.6,reported,AI005
12070,BTW2021,2021,party_group_greens,5.2,reported,AI005
12070,BTW2021,2021,party_group_left,8.1,reported,AI005
12070,BTW2021,2021,party_group_afd,19.2,reported,AI005
12071,BTW2021,2021,party_group_cdu_csu,14.4,reported,AI005
12071,BTW2021,2021,party_group_spd,27.9,reported,AI005
12071,BTW2021,2021,party_group_fdp,10.5,reported,AI005
12071,BTW2021,2021,party_group_greens,4.0,reported,AI005
12071,BTW2021,2021,party_group_left,6.7,reported,AI005
12071,BTW2021,2021,party_group_afd,27.4,reported,AI005
12072,BTW2021,2021,party_group_cdu_csu,16.0,reported,AI005
12072,BTW2021,2021,party_group_spd,29.5,reported,AI005
12072,BTW2021,2021,party_group_fdp,9.5,reported,AI005
12072,BTW2021,2021,party_group_greens,8.5,reported,AI005
12072,BTW2021,2021,party_group_left,7.9,reported,AI005
12072,BTW2021,2021,party_group_afd,17.1,reported,AI005
12073,BTW2021,2021,party_group_cdu_csu,15.9,reported,AI005
12073,BTW2021,2021,party_group_spd,33.8,reported,AI005
12073,BTW2021,2021,party_group_fdp,7.1,reported,AI005
12073,BTW2021,2021,party_group_greens,5.4,reported,AI005
12073,BTW2021,2021,party_group_left,8.3,reported,AI005
12073,BTW2021,2021,party_group_afd,21.2,reported,AI005
13003,BTW2021,2021,party_group_cdu_csu,12.5,reported,AI005
13003,BTW2021,2021,party_group_spd,29.3,reported,AI005
13003,BTW2021,2021,party_group_fdp,8.8,reported,AI005
13003,BTW2021,2021,party_group_greens,14.6,reported,AI005
13003,BTW2021,2021,party_group_left,14.2,reported,AI005
13003,BTW2021,2021,party_group_afd,11.4,reported,AI005
13004,BTW2021,2021,party_group_cdu_csu,14.5,reported,AI005
13004,BTW2021,2021,party_group_spd,31.3,reported,AI005
13004,BTW2021,2021,party_group_fdp,8.9,reported,AI005
13004,BTW2021,2021,party_group_greens,11.1,reported,AI005
13004,BTW2021,2021,party_group_left,12.3,reported,AI005
13004,BTW2021,2021,party_group_afd,13.7,reported,AI005
13071,BTW2021,2021,party_group_cdu_csu,18.2,reported,AI005
13071,BTW2021,2021,party_group_spd,29.4,reported,AI005
13071,BTW2021,2021,party_group_fdp,7.5,reported,AI005
13071,BTW2021,2021,party_group_greens,5.2,reported,AI005
13071,BTW2021,2021,party_group_left,11.3,reported,AI005
13071,BTW2021,2021,party_group_afd,20.7,reported,AI005
13072,BTW2021,2021,party_group_cdu_csu,18.4,reported,AI005
13072,BTW2021,2021,party_group_spd,29.6,reported,AI005
13072,BTW2021,2021,party_group_fdp,9.0,reported,AI005
13072,BTW2021,2021,party_group_greens,6.7,reported,AI005
13072,BTW2021,2021,party_group_left,10.0,reported,AI005
13072,BTW2021,2021,party_group_afd,18.0,reported,AI005
13073,BTW2021,2021,party_group_cdu_csu,19.3,reported,AI005
13073,BTW2021,2021,party_group_spd,25.6,reported,AI005
13073,BTW2021,2021,party_group_fdp,8.0,reported,AI005
13073,BTW2021,2021,party_group_greens,6.6,reported,AI005
13073,BTW2021,2021,party_group_left,11.5,reported,AI005
13073,BTW2021,2021,party_group_afd,20.3,reported,AI005
13074,BTW2021,2021,party_group_cdu_csu,16.9,reported,AI005
13074,BTW2021,2021,party_group_spd,33.2,reported,AI005
13074,BTW2021,2021,party_group_fdp,7.9,reported,AI005
13074,BTW2021,2021,party_group_greens,8.6,reported,AI005
13074,BTW2021,2021,party_group_left,10.2,reported,AI005
13074,BTW2021,2021,party_group_afd,16.0,reported,AI005
13075,BTW2021,2021,party_group_cdu_csu,19.2,reported,AI005
13075,BTW2021,2021,party_group_spd,24.7,reported,AI005
13075,BTW2021,2021,party_group_fdp,8.0,reported,AI005
13075,BTW2021,2021,party_group_greens,7.4,reported,AI005
13075,BTW2021,2021,party_group_left,9.5,reported,AI005
13075,BTW2021,2021,party_group_afd,22.0,reported,AI005
13076,BTW2021,2021,party_group_cdu_csu,18.2,reported,AI005
13076,BTW2021,2021,party_group_spd,32.4,reported,AI005
13076,BTW2021,2021,party_group_fdp,8.2,reported,AI005
13076,BTW2021,2021,party_group_greens,5.3,reported,AI005
13076,BTW2021,2021,party_group_left,10.3,reported,AI005
13076,BTW2021,2021,party_group_afd,17.9,reported,AI005
14511,BTW2021,2021,party_group_cdu_csu,14.8,reported,AI005
14511,BTW2021,2021,party_group_spd,23.4,reported,AI005
14511,BTW2021,2021,party_group_fdp,11.3,reported,AI005
14511,BTW2021,2021,party_group_greens,9.1,reported,AI005
14511,BTW2021,2021,party_group_left,10.8,reported,AI005
14511,BTW2021,2021,party_group_afd,21.6,reported,AI005
14521,BTW2021,2021,party_group_cdu_csu,19.2,reported,AI005
14521,BTW2021,2021,party_group_spd,18.4,reported,AI005
14521,BTW2021,2021,party_group_fdp,10.3,reported,AI005
14521,BTW2021,2021,party_group_greens,3.5,reported,AI005
14521,BTW2021,2021,party_group_left,7.7,reported,AI005
14521,BTW2021,2021,party_group_afd,30.2,reported,AI005
14522,BTW2021,2021,party_group_cdu_csu,17.9,reported,AI005
14522,BTW2021,2021,party_group_spd,18.9,reported,AI005
14522,BTW2021,2021,party_group_fdp,11.5,reported,AI005
14522,BTW2021,2021,party_group_greens,4.6,reported,AI005
14522,BTW2021,2021,party_group_left,8.0,reported,AI005
14522,BTW2021,2021,party_group_afd,29.4,reported,AI005
14523,BTW2021,2021,party_group_cdu_csu,19.7,reported,AI005
14523,BTW2021,2021,party_group_spd,22.4,reported,AI005
14523,BTW2021,2021,party_group_fdp,10.1,reported,AI005
14523,BTW2021,2021,party_group_greens,4.6,reported,AI005
14523,BTW2021,2021,party_group_left,8.9,reported,AI005
14523,BTW2021,2021,party_group_afd,25.1,reported,AI005
14524,BTW2021,2021,party_group_cdu_csu,18.3,reported,AI005
14524,BTW2021,2021,party_group_spd,21.1,reported,AI005
14524,BTW2021,2021,party_group_fdp,10.8,reported,AI005
14524,BTW2021,2021,party_group_greens,4.9,reported,AI005
14524,BTW2021,2021,party_group_left,9.2,reported,AI005
14524,BTW2021,2021,party_group_afd,25.3,reported,AI005
14612,BTW2021,2021,party_group_cdu_csu,14.5,reported,AI005
14612,BTW2021,2021,party_group_spd,17.7,reported,AI005
14612,BTW2021,2021,party_group_fdp,12.0,reported,AI005
14612,BTW2021,2021,party_group_greens,16.8,reported,AI005
14612,BTW2021,2021,party_group_left,11.1,reported,AI005
14612,BTW2021,2021,party_group_afd,17.6,reported,AI005
14625,BTW2021,2021,party_group_cdu_csu,18.3,reported,AI005
14625,BTW2021,2021,party_group_spd,16.9,reported,AI005
14625,BTW2021,2021,party_group_fdp,11.5,reported,AI005
14625,BTW2021,2021,party_group_greens,4.3,reported,AI005
14625,BTW2021,2021,party_group_left,7.7,reported,AI005
14625,BTW2021,2021,party_group_afd,31.4,reported,AI005
14626,BTW2021,2021,party_group_cdu_csu,18.3,reported,AI005
14626,BTW2021,2021,party_group_spd,16.8,reported,AI005
14626,BTW2021,2021,party_group_fdp,10.0,reported,AI005
14626,BTW2021,2021,party_group_greens,4.9,reported,AI005
14626,BTW2021,2021,party_group_left,7.5,reported,AI005
14626,BTW2021,2021,party_group_afd,32.5,reported,AI005
14627,BTW2021,2021,party_group_cdu_csu,17.6,reported,AI005
14627,BTW2021,2021,party_group_spd,17.6,reported,AI005
14627,BTW2021,2021,party_group_fdp,11.7,reported,AI005
14627,BTW2021,2021,party_group_greens,6.0,reported,AI005
14627,BTW2021,2021,party_group_left,7.3,reported,AI005
14627,BTW2021,2021,party_group_afd,29.8,reported,AI005
14628,BTW2021,2021,party_group_cdu_csu,17.1,reported,AI005
14628,BTW2021,2021,party_group_spd,15.5,reported,AI005
14628,BTW2021,2021,party_group_fdp,11.7,reported,AI005
14628,BTW2021,2021,party_group_greens,5.3,reported,AI005
14628,BTW2021,2021,party_group_left,7.7,reported,AI005
14628,BTW2021,2021,party_group_afd,31.9,reported,AI005
14713,BTW2021,2021,party_group_cdu_csu,14.0,reported,AI005
14713,BTW2021,2021,party_group_spd,20.9,reported,AI005
14713,BTW2021,2021,party_group_fdp,10.1,reported,AI005
14713,BTW2021,2021,party_group_greens,18.5,reported,AI005
14713,BTW2021,2021,party_group_left,13.7,reported,AI005
14713,BTW2021,2021,party_group_afd,13.3,reported,AI005
14729,BTW2021,2021,party_group_cdu_csu,20.4,reported,AI005
14729,BTW2021,2021,party_group_spd,21.3,reported,AI005
14729,BTW2021,2021,party_group_fdp,11.4,reported,AI005
14729,BTW2021,2021,party_group_greens,5.8,reported,AI005
14729,BTW2021,2021,party_group_left,7.7,reported,AI005
14729,BTW2021,2021,party_group_afd,24.0,reported,AI005
14730,BTW2021,2021,party_group_cdu_csu,19.5,reported,AI005
14730,BTW2021,2021,party_group_spd,21.0,reported,AI005
14730,BTW2021,2021,party_group_fdp,10.6,reported,AI005
14730,BTW2021,2021,party_group_greens,4.6,reported,AI005
14730,BTW2021,2021,party_group_left,7.5,reported,AI005
14730,BTW2021,2021,party_group_afd,27.2,reported,AI005
15001,BTW2021,2021,party_group_cdu_csu,20.6,reported,AI005
15001,BTW2021,2021,party_group_spd,28.1,reported,AI005
15001,BTW2021,2021,party_group_fdp,9.9,reported,AI005
15001,BTW2021,2021,party_group_greens,7.3,reported,AI005
15001,BTW2021,2021,party_group_left,9.1,reported,AI005
15001,BTW2021,2021,party_group_afd,17.5,reported,AI005
15002,BTW2021,2021,party_group_cdu_csu,16.9,reported,AI005
15002,BTW2021,2021,party_group_spd,23.9,reported,AI005
15002,BTW2021,2021,party_group_fdp,10.0,reported,AI005
15002,BTW2021,2021,party_group_greens,14.8,reported,AI005
15002,BTW2021,2021,party_group_left,12.3,reported,AI005
15002,BTW2021,2021,party_group_afd,13.8,reported,AI005
15003,BTW2021,2021,party_group_cdu_csu,17.6,reported,AI005
15003,BTW2021,2021,party_group_spd,26.2,reported,AI005
15003,BTW2021,2021,party_group_fdp,9.6,reported,AI005
15003,BTW2021,2021,party_group_greens,11.9,reported,AI005
15003,BTW2021,2021,party_group_left,11.0,reported,AI005
15003,BTW2021,2021,party_group_afd,14.0,reported,AI005
15081,BTW2021,2021,party_group_cdu_csu,21.3,reported,AI005
15081,BTW2021,2021,party_group_spd,27.6,reported,AI005
15081,BTW2021,2021,party_group_fdp,8.6,reported,AI005
15081,BTW2021,2021,party_group_greens,5.6,reported,AI005
15081,BTW2021,2021,party_group_left,10.2,reported,AI005
15081,BTW2021,2021,party_group_afd,17.7,reported,AI005
15082,BTW2021,2021,party_group_cdu_csu,21.7,reported,AI005
15082,BTW2021,2021,party_group_spd,24.4,reported,AI005
15082,BTW2021,2021,party_group_fdp,9.1,reported,AI005
15082,BTW2021,2021,party_group_greens,4.2,reported,AI005
15082,BTW2021,2021,party_group_left,10.1,reported,AI005
15082,BTW2021,2021,party_group_afd,22.1,reported,AI005
15083,BTW2021,2021,party_group_cdu_csu,22.1,reported,AI005
15083,BTW2021,2021,party_group_spd,26.2,reported,AI005
15083,BTW2021,2021,party_group_fdp,9.4,reported,AI005
15083,BTW2021,2021,party_group_greens,4.8,reported,AI005
15083,BTW2021,2021,party_group_left,8.3,reported,AI005
15083,BTW2021,2021,party_group_afd,20.7,reported,AI005
15084,BTW2021,2021,party_group_cdu_csu,21.2,reported,AI005
15084,BTW2021,2021,party_group_spd,22.9,reported,AI005
15084,BTW2021,2021,party_group_fdp,10.2,reported,AI005
15084,BTW2021,2021,party_group_greens,4.0,reported,AI005
15084,BTW2021,2021,party_group_left,8.7,reported,AI005
15084,BTW2021,2021,party_group_afd,25.0,reported,AI005
15085,BTW2021,2021,party_group_cdu_csu,22.3,reported,AI005
15085,BTW2021,2021,party_group_spd,27.3,reported,AI005
15085,BTW2021,2021,party_group_fdp,9.2,reported,AI005
15085,BTW2021,2021,party_group_greens,5.7,reported,AI005
15085,BTW2021,2021,party_group_left,9.2,reported,AI005
15085,BTW2021,2021,party_group_afd,17.8,reported,AI005
15086,BTW2021,2021,party_group_cdu_csu,22.5,reported,AI005
15086,BTW2021,2021,party_group_spd,27.2,reported,AI005
15086,BTW2021,2021,party_group_fdp,8.9,reported,AI005
15086,BTW2021,2021,party_group_greens,5.2,reported,AI005
15086,BTW2021,2021,party_group_left,8.8,reported,AI005
15086,BTW2021,2021,party_group_afd,19.1,reported,AI005
15087,BTW2021,2021,party_group_cdu_csu,21.5,reported,AI005
15087,BTW2021,2021,party_group_spd,25.8,reported,AI005
15087,BTW2021,2021,party_group_fdp,9.2,reported,AI005
15087,BTW2021,2021,party_group_greens,3.0,reported,AI005
15087,BTW2021,2021,party_group_left,9.1,reported,AI005
15087,BTW2021,2021,party_group_afd,24.0,reported,AI005
15088,BTW2021,2021,party_group_cdu_csu,22.1,reported,AI005
15088,BTW2021,2021,party_group_spd,22.4,reported,AI005
15088,BTW2021,2021,party_group_fdp,10.8,reported,AI005
15088,BTW2021,2021,party_group_greens,4.6,reported,AI005
15088,BTW2021,2021,party_group_left,8.3,reported,AI005
15088,BTW2021,2021,party_group_afd,23.6,reported,AI005
15089,BTW2021,2021,party_group_cdu_csu,22.0,reported,AI005
15089,BTW2021,2021,party_group_spd,25.3,reported,AI005
15089,BTW2021,2021,party_group_fdp,9.2,reported,AI005
15089,BTW2021,2021,party_group_greens,4.0,reported,AI005
15089,BTW2021,2021,party_group_left,10.1,reported,AI005
15089,BTW2021,2021,party_group_afd,21.7,reported,AI005
15090,BTW2021,2021,party_group_cdu_csu,20.7,reported,AI005
15090,BTW2021,2021,party_group_spd,27.3,reported,AI005
15090,BTW2021,2021,party_group_fdp,8.8,reported,AI005
15090,BTW2021,2021,party_group_greens,5.3,reported,AI005
15090,BTW2021,2021,party_group_left,9.2,reported,AI005
15090,BTW2021,2021,party_group_afd,20.2,reported,AI005
15091,BTW2021,2021,party_group_cdu_csu,25.2,reported,AI005
15091,BTW2021,2021,party_group_spd,25.0,reported,AI005
15091,BTW2021,2021,party_group_fdp,8.6,reported,AI005
15091,BTW2021,2021,party_group_greens,4.8,reported,AI005
15091,BTW2021,2021,party_group_left,8.1,reported,AI005
15091,BTW2021,2021,party_group_afd,19.9,reported,AI005
16051,BTW2021,2021,party_group_cdu_csu,14.2,reported,AI005
16051,BTW2021,2021,party_group_spd,24.2,reported,AI005
16051,BTW2021,2021,party_group_fdp,9.6,reported,AI005
16051,BTW2021,2021,party_group_greens,12.5,reported,AI005
16051,BTW2021,2021,party_group_left,13.9,reported,AI005
16051,BTW2021,2021,party_group_afd,16.5,reported,AI005
16052,BTW2021,2021,party_group_cdu_csu,14.1,reported,AI005
16052,BTW2021,2021,party_group_spd,22.5,reported,AI005
16052,BTW2021,2021,party_group_fdp,9.2,reported,AI005
16052,BTW2021,2021,party_group_greens,5.3,reported,AI005
16052,BTW2021,2021,party_group_left,13.6,reported,AI005
16052,BTW2021,2021,party_group_afd,27.2,reported,AI005
16053,BTW2021,2021,party_group_cdu_csu,11.9,reported,AI005
16053,BTW2021,2021,party_group_spd,23.4,reported,AI005
16053,BTW2021,2021,party_group_fdp,9.4,reported,AI005
16053,BTW2021,2021,party_group_greens,19.2,reported,AI005
16053,BTW2021,2021,party_group_left,15.6,reported,AI005
16053,BTW2021,2021,party_group_afd,11.7,reported,AI005
16054,BTW2021,2021,party_group_cdu_csu,15.4,reported,AI005
16054,BTW2021,2021,party_group_spd,26.9,reported,AI005
16054,BTW2021,2021,party_group_fdp,8.1,reported,AI005
16054,BTW2021,2021,party_group_greens,5.0,reported,AI005
16054,BTW2021,2021,party_group_left,14.8,reported,AI005
16054,BTW2021,2021,party_group_afd,22.5,reported,AI005
16055,BTW2021,2021,party_group_cdu_csu,14.3,reported,AI005
16055,BTW2021,2021,party_group_spd,23.1,reported,AI005
16055,BTW2021,2021,party_group_fdp,8.6,reported,AI005
16055,BTW2021,2021,party_group_greens,16.5,reported,AI005
16055,BTW2021,2021,party_group_left,14.7,reported,AI005
16055,BTW2021,2021,party_group_afd,14.3,reported,AI005
16061,BTW2021,2021,party_group_cdu_csu,29.6,reported,AI005
16061,BTW2021,2021,party_group_spd,21.0,reported,AI005
16061,BTW2021,2021,party_group_fdp,10.0,reported,AI005
16061,BTW2021,2021,party_group_greens,5.4,reported,AI005
16061,BTW2021,2021,party_group_left,7.0,reported,AI005
16061,BTW2021,2021,party_group_afd,19.7,reported,AI005
16062,BTW2021,2021,party_group_cdu_csu,16.8,reported,AI005
16062,BTW2021,2021,party_group_spd,28.6,reported,AI005
16062,BTW2021,2021,party_group_fdp,8.4,reported,AI005
16062,BTW2021,2021,party_group_greens,5.1,reported,AI005
16062,BTW2021,2021,party_group_left,11.8,reported,AI005
16062,BTW2021,2021,party_group_afd,22.0,reported,AI005
16063,BTW2021,2021,party_group_cdu_csu,17.9,reported,AI005
16063,BTW2021,2021,party_group_spd,25.3,reported,AI005
16063,BTW2021,2021,party_group_fdp,8.2,reported,AI005
16063,BTW2021,2021,party_group_greens,5.0,reported,AI005
16063,BTW2021,2021,party_group_left,10.1,reported,AI005
16063,BTW2021,2021,party_group_afd,24.3,reported,AI005
16064,BTW2021,2021,party_group_cdu_csu,18.9,reported,AI005
16064,BTW2021,2021,party_group_spd,24.2,reported,AI005
16064,BTW2021,2021,party_group_fdp,9.2,reported,AI005
16064,BTW2021,2021,party_group_greens,4.5,reported,AI005
16064,BTW2021,2021,party_group_left,10.7,reported,AI005
16064,BTW2021,2021,party_group_afd,24.7,reported,AI005
16065,BTW2021,2021,party_group_cdu_csu,16.9,reported,AI005
16065,BTW2021,2021,party_group_spd,24.8,reported,AI005
16065,BTW2021,2021,party_group_fdp,8.2,reported,AI005
16065,BTW2021,2021,party_group_greens,3.2,reported,AI005
16065,BTW2021,2021,party_group_left,12.1,reported,AI005
16065,BTW2021,2021,party_group_afd,26.9,reported,AI005
16066,BTW2021,2021,party_group_cdu_csu,17.0,reported,AI005
16066,BTW2021,2021,party_group_spd,26.1,reported,AI005
16066,BTW2021,2021,party_group_fdp,8.6,reported,AI005
16066,BTW2021,2021,party_group_greens,4.6,reported,AI005
16066,BTW2021,2021,party_group_left,10.3,reported,AI005
16066,BTW2021,2021,party_group_afd,25.5,reported,AI005
16067,BTW2021,2021,party_group_cdu_csu,15.9,reported,AI005
16067,BTW2021,2021,party_group_spd,24.8,reported,AI005
16067,BTW2021,2021,party_group_fdp,8.8,reported,AI005
16067,BTW2021,2021,party_group_greens,5.1,reported,AI005
16067,BTW2021,2021,party_group_left,10.7,reported,AI005
16067,BTW2021,2021,party_group_afd,25.8,reported,AI005
16068,BTW2021,2021,party_group_cdu_csu,17.7,reported,AI005
16068,BTW2021,2021,party_group_spd,21.8,reported,AI005
16068,BTW2021,2021,party_group_fdp,8.7,reported,AI005
16068,BTW2021,2021,party_group_greens,4.1,reported,AI005
16068,BTW2021,2021,party_group_left,11.1,reported,AI005
16068,BTW2021,2021,party_group_afd,27.0,reported,AI005
16069,BTW2021,2021,party_group_cdu_csu,16.3,reported,AI005
16069,BTW2021,2021,party_group_spd,22.9,reported,AI005
16069,BTW2021,2021,party_group_fdp,8.1,reported,AI005
16069,BTW2021,2021,party_group_greens,3.4,reported,AI005
16069,BTW2021,2021,party_group_left,9.6,reported,AI005
16069,BTW2021,2021,party_group_afd,28.8,reported,AI005
16070,BTW2021,2021,party_group_cdu_csu,15.0,reported,AI005
16070,BTW2021,2021,party_group_spd,22.5,reported,AI005
16070,BTW2021,2021,party_group_fdp,8.4,reported,AI005
16070,BTW2021,2021,party_group_greens,6.6,reported,AI005
16070,BTW2021,2021,party_group_left,11.4,reported,AI005
16070,BTW2021,2021,party_group_afd,26.2,reported,AI005
16071,BTW2021,2021,party_group_cdu_csu,18.9,reported,AI005
16071,BTW2021,2021,party_group_spd,21.6,reported,AI005
16071,BTW2021,2021,party_group_fdp,9.5,reported,AI005
16071,BTW2021,2021,party_group_greens,5.4,reported,AI005
16071,BTW2021,2021,party_group_left,10.3,reported,AI005
16071,BTW2021,2021,party_group_afd,24.8,reported,AI005
16072,BTW2021,2021,party_group_cdu_csu,16.5,reported,AI005
16072,BTW2021,2021,party_group_spd,24.2,reported,AI005
16072,BTW2021,2021,party_group_fdp,7.9,reported,AI005
16072,BTW2021,2021,party_group_greens,4.0,reported,AI005
16072,BTW2021,2021,party_group_left,11.3,reported,AI005
16072,BTW2021,2021,party_group_afd,28.0,reported,AI005
16073,BTW2021,2021,party_group_cdu_csu,15.7,reported,AI005
16073,BTW2021,2021,party_group_spd,21.6,reported,AI005
16073,BTW2021,2021,party_group_fdp,9.1,reported,AI005
16073,BTW2021,2021,party_group_greens,4.3,reported,AI005
16073,BTW2021,2021,party_group_left,10.8,reported,AI005
16073,BTW2021,2021,party_group_afd,29.5,reported,AI005
16074,BTW2021,2021,party_group_cdu_csu,17.9,reported,AI005
16074,BTW2021,2021,party_group_spd,21.5,reported,AI005
16074,BTW2021,2021,party_group_fdp,9.6,reported,AI005
16074,BTW2021,2021,party_group_greens,5.5,reported,AI005
16074,BTW2021,2021,party_group_left,11.7,reported,AI005
16074,BTW2021,2021,party_group_afd,24.5,reported,AI005
16075,BTW2021,2021,party_group_cdu_csu,15.7,reported,AI005
16075,BTW2021,2021,party_group_spd,20.6,reported,AI005
16075,BTW2021,2021,party_group_fdp,9.4,reported,AI005
16075,BTW2021,2021,party_group_greens,3.7,reported,AI005
16075,BTW2021,2021,party_group_left,11.3,reported,AI005
16075,BTW2021,2021,party_group_afd,30.4,reported,AI005
16076,BTW2021,2021,party_group_cdu_csu,17.8,reported,AI005
16076,BTW2021,2021,party_group_spd,21.3,reported,AI005
16076,BTW2021,2021,party_group_fdp,10.1,reported,AI005
16076,BTW2021,2021,party_group_greens,4.1,reported,AI005
16076,BTW2021,2021,party_group_left,10.4,reported,AI005
16076,BTW2021,2021,party_group_afd,27.7,reported,AI005
16077,BTW2021,2021,party_group_cdu_csu,17.2,reported,AI005
16077,BTW2021,2021,party_group_spd,21.9,reported,AI005
16077,BTW2021,2021,party_group_fdp,10.0,reported,AI005
16077,BTW2021,2021,party_group_greens,3.9,reported,AI005
16077,BTW2021,2021,party_group_left,9.8,reported,AI005
16077,BTW2021,2021,party_group_afd,29.5,reported,AI005
01001,BTW2025,2025,party_group_cdu_csu,17.4,reported,AI005
01001,BTW2025,2025,party_group_spd,15.7,reported,AI005
01001,BTW2025,2025,party_group_fdp,3.3,reported,AI005
01001,BTW2025,2025,party_group_greens,20.6,reported,AI005
01001,BTW2025,2025,party_group_left,12.9,reported,AI005
01001,BTW2025,2025,party_group_afd,13.8,reported,AI005
01002,BTW2025,2025,party_group_cdu_csu,18.7,reported,AI005
01002,BTW2025,2025,party_group_spd,19.3,reported,AI005
01002,BTW2025,2025,party_group_fdp,3.8,reported,AI005
01002,BTW2025,2025,party_group_greens,23.1,reported,AI005
01002,BTW2025,2025,party_group_left,14.4,reported,AI005
01002,BTW2025,2025,party_group_afd,10.9,reported,AI005
01003,BTW2025,2025,party_group_cdu_csu,21.9,reported,AI005
01003,BTW2025,2025,party_group_spd,21.4,reported,AI005
01003,BTW2025,2025,party_group_fdp,3.8,reported,AI005
01003,BTW2025,2025,party_group_greens,18.3,reported,AI005
01003,BTW2025,2025,party_group_left,10.9,reported,AI005
01003,BTW2025,2025,party_group_afd,15.3,reported,AI005
01004,BTW2025,2025,party_group_cdu_csu,25.3,reported,AI005
01004,BTW2025,2025,party_group_spd,19.6,reported,AI005
01004,BTW2025,2025,party_group_fdp,4.1,reported,AI005
01004,BTW2025,2025,party_group_greens,10.5,reported,AI005
01004,BTW2025,2025,party_group_left,8.1,reported,AI005
01004,BTW2025,2025,party_group_afd,22.3,reported,AI005
01051,BTW2025,2025,party_group_cdu_csu,30.3,reported,AI005
01051,BTW2025,2025,party_group_spd,17.7,reported,AI005
01051,BTW2025,2025,party_group_fdp,5.5,reported,AI005
01051,BTW2025,2025,party_group_greens,9.1,reported,AI005
01051,BTW2025,2025,party_group_left,6.1,reported,AI005
01051,BTW2025,2025,party_group_afd,21.1,reported,AI005
01053,BTW2025,2025,party_group_cdu_csu,28.8,reported,AI005
01053,BTW2025,2025,party_group_spd,18.5,reported,AI005
01053,BTW2025,2025,party_group_fdp,5.1,reported,AI005
01053,BTW2025,2025,party_group_greens,13.2,reported,AI005
01053,BTW2025,2025,party_group_left,7.1,reported,AI005
01053,BTW2025,2025,party_group_afd,19.1,reported,AI005
01054,BTW2025,2025,party_group_cdu_csu,29.1,reported,AI005
01054,BTW2025,2025,party_group_spd,17.3,reported,AI005
01054,BTW2025,2025,party_group_fdp,4.8,reported,AI005
01054,BTW2025,2025,party_group_greens,13.4,reported,AI005
01054,BTW2025,2025,party_group_left,6.2,reported,AI005
01054,BTW2025,2025,party_group_afd,14.5,reported,AI005
01055,BTW2025,2025,party_group_cdu_csu,31.2,reported,AI005
01055,BTW2025,2025,party_group_spd,19.9,reported,AI005
01055,BTW2025,2025,party_group_fdp,5.2,reported,AI005
01055,BTW2025,2025,party_group_greens,12.6,reported,AI005
01055,BTW2025,2025,party_group_left,5.9,reported,AI005
01055,BTW2025,2025,party_group_afd,17.6,reported,AI005
01056,BTW2025,2025,party_group_cdu_csu,28.9,reported,AI005
01056,BTW2025,2025,party_group_spd,20.2,reported,AI005
01056,BTW2025,2025,party_group_fdp,5.1,reported,AI005
01056,BTW2025,2025,party_group_greens,14.5,reported,AI005
01056,BTW2025,2025,party_group_left,7.6,reported,AI005
01056,BTW2025,2025,party_group_afd,15.6,reported,AI005
01057,BTW2025,2025,party_group_cdu_csu,29.9,reported,AI005
01057,BTW2025,2025,party_group_spd,19.2,reported,AI005
01057,BTW2025,2025,party_group_fdp,4.3,reported,AI005
01057,BTW2025,2025,party_group_greens,16.0,reported,AI005
01057,BTW2025,2025,party_group_left,6.3,reported,AI005
01057,BTW2025,2025,party_group_afd,15.7,reported,AI005
01058,BTW2025,2025,party_group_cdu_csu,29.3,reported,AI005
01058,BTW2025,2025,party_group_spd,17.9,reported,AI005
01058,BTW2025,2025,party_group_fdp,4.7,reported,AI005
01058,BTW2025,2025,party_group_greens,15.3,reported,AI005
01058,BTW2025,2025,party_group_left,6.4,reported,AI005
01058,BTW2025,2025,party_group_afd,15.5,reported,AI005
01059,BTW2025,2025,party_group_cdu_csu,27.8,reported,AI005
01059,BTW2025,2025,party_group_spd,16.0,reported,AI005
01059,BTW2025,2025,party_group_fdp,3.8,reported,AI005
01059,BTW2025,2025,party_group_greens,14.1,reported,AI005
01059,BTW2025,2025,party_group_left,6.5,reported,AI005
01059,BTW2025,2025,party_group_afd,15.8,reported,AI005
01060,BTW2025,2025,party_group_cdu_csu,29.3,reported,AI005
01060,BTW2025,2025,party_group_spd,18.5,reported,AI005
01060,BTW2025,2025,party_group_fdp,5.2,reported,AI005
01060,BTW2025,2025,party_group_greens,12.8,reported,AI005
01060,BTW2025,2025,party_group_left,6.9,reported,AI005
01060,BTW2025,2025,party_group_afd,18.2,reported,AI005
01061,BTW2025,2025,party_group_cdu_csu,28.8,reported,AI005
01061,BTW2025,2025,party_group_spd,17.8,reported,AI005
01061,BTW2025,2025,party_group_fdp,4.8,reported,AI005
01061,BTW2025,2025,party_group_greens,11.9,reported,AI005
01061,BTW2025,2025,party_group_left,7.0,reported,AI005
01061,BTW2025,2025,party_group_afd,19.5,reported,AI005
01062,BTW2025,2025,party_group_cdu_csu,30.3,reported,AI005
01062,BTW2025,2025,party_group_spd,19.7,reported,AI005
01062,BTW2025,2025,party_group_fdp,5.5,reported,AI005
01062,BTW2025,2025,party_group_greens,15.1,reported,AI005
01062,BTW2025,2025,party_group_left,6.7,reported,AI005
01062,BTW2025,2025,party_group_afd,15.2,reported,AI005
02000,BTW2025,2025,party_group_cdu_csu,20.7,reported,AI005
02000,BTW2025,2025,party_group_spd,22.7,reported,AI005
02000,BTW2025,2025,party_group_fdp,4.5,reported,AI005
02000,BTW2025,2025,party_group_greens,19.3,reported,AI005
02000,BTW2025,2025,party_group_left,14.5,reported,AI005
02000,BTW2025,2025,party_group_afd,10.9,reported,AI005
03101,BTW2025,2025,party_group_cdu_csu,22.6,reported,AI005
03101,BTW2025,2025,party_group_spd,22.6,reported,AI005
03101,BTW2025,2025,party_group_fdp,4.0,reported,AI005
03101,BTW2025,2025,party_group_greens,18.0,reported,AI005
03101,BTW2025,2025,party_group_left,11.6,reported,AI005
03101,BTW2025,2025,party_group_afd,13.3,reported,AI005
03102,BTW2025,2025,party_group_cdu_csu,23.7,reported,AI005
03102,BTW2025,2025,party_group_spd,24.2,reported,AI005
03102,BTW2025,2025,party_group_fdp,2.9,reported,AI005
03102,BTW2025,2025,party_group_greens,5.6,reported,AI005
03102,BTW2025,2025,party_group_left,8.6,reported,AI005
03102,BTW2025,2025,party_group_afd,26.3,reported,AI005
03103,BTW2025,2025,party_group_cdu_csu,27.0,reported,AI005
03103,BTW2025,2025,party_group_spd,23.5,reported,AI005
03103,BTW2025,2025,party_group_fdp,3.9,reported,AI005
03103,BTW2025,2025,party_group_greens,9.4,reported,AI005
03103,BTW2025,2025,party_group_left,7.1,reported,AI005
03103,BTW2025,2025,party_group_afd,20.6,reported,AI005
03151,BTW2025,2025,party_group_cdu_csu,28.3,reported,AI005
03151,BTW2025,2025,party_group_spd,22.1,reported,AI005
03151,BTW2025,2025,party_group_fdp,3.9,reported,AI005
03151,BTW2025,2025,party_group_greens,9.5,reported,AI005
03151,BTW2025,2025,party_group_left,6.1,reported,AI005
03151,BTW2025,2025,party_group_afd,22.6,reported,AI005
03153,BTW2025,2025,party_group_cdu_csu,27.7,reported,AI005
03153,BTW2025,2025,party_group_spd,23.6,reported,AI005
03153,BTW2025,2025,party_group_fdp,3.8,reported,AI005
03153,BTW2025,2025,party_group_greens,8.2,reported,AI005
03153,BTW2025,2025,party_group_left,7.4,reported,AI005
03153,BTW2025,2025,party_group_afd,21.3,reported,AI005
03154,BTW2025,2025,party_group_cdu_csu,28.5,reported,AI005
03154,BTW2025,2025,party_group_spd,23.0,reported,AI005
03154,BTW2025,2025,party_group_fdp,3.6,reported,AI005
03154,BTW2025,2025,party_group_greens,7.8,reported,AI005
03154,BTW2025,2025,party_group_left,6.5,reported,AI005
03154,BTW2025,2025,party_group_afd,22.4,reported,AI005
03155,BTW2025,2025,party_group_cdu_csu,27.7,reported,AI005
03155,BTW2025,2025,party_group_spd,25.9,reported,AI005
03155,BTW2025,2025,party_group_fdp,3.9,reported,AI005
03155,BTW2025,2025,party_group_greens,9.0,reported,AI005
03155,BTW2025,2025,party_group_left,6.5,reported,AI005
03155,BTW2025,2025,party_group_afd,19.8,reported,AI005
03157,BTW2025,2025,party_group_cdu_csu,26.4,reported,AI005
03157,BTW2025,2025,party_group_spd,25.9,reported,AI005
03157,BTW2025,2025,party_group_fdp,3.6,reported,AI005
03157,BTW2025,2025,party_group_greens,9.2,reported,AI005
03157,BTW2025,2025,party_group_left,6.8,reported,AI005
03157,BTW2025,2025,party_group_afd,20.1,reported,AI005
03158,BTW2025,2025,party_group_cdu_csu,28.1,reported,AI005
03158,BTW2025,2025,party_group_spd,24.4,reported,AI005
03158,BTW2025,2025,party_group_fdp,4.0,reported,AI005
03158,BTW2025,2025,party_group_greens,11.3,reported,AI005
03158,BTW2025,2025,party_group_left,7.7,reported,AI005
03158,BTW2025,2025,party_group_afd,17.4,reported,AI005
03159,BTW2025,2025,party_group_cdu_csu,26.0,reported,AI005
03159,BTW2025,2025,party_group_spd,22.6,reported,AI005
03159,BTW2025,2025,party_group_fdp,3.9,reported,AI005
03159,BTW2025,2025,party_group_greens,14.6,reported,AI005
03159,BTW2025,2025,party_group_left,10.5,reported,AI005
03159,BTW2025,2025,party_group_afd,15.1,reported,AI005
03241,BTW2025,2025,party_group_cdu_csu,24.8,reported,AI005
03241,BTW2025,2025,party_group_spd,23.2,reported,AI005
03241,BTW2025,2025,party_group_fdp,4.2,reported,AI005
03241,BTW2025,2025,party_group_greens,15.3,reported,AI005
03241,BTW2025,2025,party_group_left,10.3,reported,AI005
03241,BTW2025,2025,party_group_afd,14.9,reported,AI005
03251,BTW2025,2025,party_group_cdu_csu,30.4,reported,AI005
03251,BTW2025,2025,party_group_spd,22.9,reported,AI005
03251,BTW2025,2025,party_group_fdp,4.7,reported,AI005
03251,BTW2025,2025,party_group_greens,10.4,reported,AI005
03251,BTW2025,2025,party_group_left,6.9,reported,AI005
03251,BTW2025,2025,party_group_afd,17.3,reported,AI005
03252,BTW2025,2025,party_group_cdu_csu,27.4,reported,AI005
03252,BTW2025,2025,party_group_spd,23.8,reported,AI005
03252,BTW2025,2025,party_group_fdp,3.8,reported,AI005
03252,BTW2025,2025,party_group_greens,10.1,reported,AI005
03252,BTW2025,2025,party_group_left,6.9,reported,AI005
03252,BTW2025,2025,party_group_afd,20.9,reported,AI005
03254,BTW2025,2025,party_group_cdu_csu,26.9,reported,AI005
03254,BTW2025,2025,party_group_spd,24.2,reported,AI005
03254,BTW2025,2025,party_group_fdp,3.7,reported,AI005
03254,BTW2025,2025,party_group_greens,11.6,reported,AI005
03254,BTW2025,2025,party_group_left,8.4,reported,AI005
03254,BTW2025,2025,party_group_afd,18.1,reported,AI005
03255,BTW2025,2025,party_group_cdu_csu,26.3,reported,AI005
03255,BTW2025,2025,party_group_spd,25.5,reported,AI005
03255,BTW2025,2025,party_group_fdp,4.4,reported,AI005
03255,BTW2025,2025,party_group_greens,8.2,reported,AI005
03255,BTW2025,2025,party_group_left,6.2,reported,AI005
03255,BTW2025,2025,party_group_afd,22.3,reported,AI005
03256,BTW2025,2025,party_group_cdu_csu,28.2,reported,AI005
03256,BTW2025,2025,party_group_spd,23.4,reported,AI005
03256,BTW2025,2025,party_group_fdp,3.7,reported,AI005
03256,BTW2025,2025,party_group_greens,9.1,reported,AI005
03256,BTW2025,2025,party_group_left,6.6,reported,AI005
03256,BTW2025,2025,party_group_afd,21.2,reported,AI005
03257,BTW2025,2025,party_group_cdu_csu,27.4,reported,AI005
03257,BTW2025,2025,party_group_spd,24.6,reported,AI005
03257,BTW2025,2025,party_group_fdp,3.9,reported,AI005
03257,BTW2025,2025,party_group_greens,10.4,reported,AI005
03257,BTW2025,2025,party_group_left,6.5,reported,AI005
03257,BTW2025,2025,party_group_afd,19.9,reported,AI005
03351,BTW2025,2025,party_group_cdu_csu,30.1,reported,AI005
03351,BTW2025,2025,party_group_spd,20.2,reported,AI005
03351,BTW2025,2025,party_group_fdp,4.5,reported,AI005
03351,BTW2025,2025,party_group_greens,10.1,reported,AI005
03351,BTW2025,2025,party_group_left,6.9,reported,AI005
03351,BTW2025,2025,party_group_afd,20.8,reported,AI005
03352,BTW2025,2025,party_group_cdu_csu,29.5,reported,AI005
03352,BTW2025,2025,party_group_spd,24.4,reported,AI005
03352,BTW2025,2025,party_group_fdp,3.7,reported,AI005
03352,BTW2025,2025,party_group_greens,9.1,reported,AI005
03352,BTW2025,2025,party_group_left,6.1,reported,AI005
03352,BTW2025,2025,party_group_afd,19.5,reported,AI005
03353,BTW2025,2025,party_group_cdu_csu,30.4,reported,AI005
03353,BTW2025,2025,party_group_spd,20.5,reported,AI005
03353,BTW2025,2025,party_group_fdp,4.9,reported,AI005
03353,BTW2025,2025,party_group_greens,12.9,reported,AI005
03353,BTW2025,2025,party_group_left,7.1,reported,AI005
03353,BTW2025,2025,party_group_afd,16.8,reported,AI005
03354,BTW2025,2025,party_group_cdu_csu,24.0,reported,AI005
03354,BTW2025,2025,party_group_spd,20.9,reported,AI005
03354,BTW2025,2025,party_group_fdp,2.8,reported,AI005
03354,BTW2025,2025,party_group_greens,15.0,reported,AI005
03354,BTW2025,2025,party_group_left,10.8,reported,AI005
03354,BTW2025,2025,party_group_afd,16.8,reported,AI005
03355,BTW2025,2025,party_group_cdu_csu,24.1,reported,AI005
03355,BTW2025,2025,party_group_spd,21.0,reported,AI005
03355,BTW2025,2025,party_group_fdp,3.9,reported,AI005
03355,BTW2025,2025,party_group_greens,17.1,reported,AI005
03355,BTW2025,2025,party_group_left,10.3,reported,AI005
03355,BTW2025,2025,party_group_afd,16.1,reported,AI005
03356,BTW2025,2025,party_group_cdu_csu,28.2,reported,AI005
03356,BTW2025,2025,party_group_spd,23.0,reported,AI005
03356,BTW2025,2025,party_group_fdp,3.9,reported,AI005
03356,BTW2025,2025,party_group_greens,12.6,reported,AI005
03356,BTW2025,2025,party_group_left,7.4,reported,AI005
03356,BTW2025,2025,party_group_afd,17.3,reported,AI005
03357,BTW2025,2025,party_group_cdu_csu,31.8,reported,AI005
03357,BTW2025,2025,party_group_spd,22.2,reported,AI005
03357,BTW2025,2025,party_group_fdp,4.0,reported,AI005
03357,BTW2025,2025,party_group_greens,9.9,reported,AI005
03357,BTW2025,2025,party_group_left,7.1,reported,AI005
03357,BTW2025,2025,party_group_afd,18.5,reported,AI005
03358,BTW2025,2025,party_group_cdu_csu,27.4,reported,AI005
03358,BTW2025,2025,party_group_spd,25.8,reported,AI005
03358,BTW2025,2025,party_group_fdp,3.5,reported,AI005
03358,BTW2025,2025,party_group_greens,8.5,reported,AI005
03358,BTW2025,2025,party_group_left,6.7,reported,AI005
03358,BTW2025,2025,party_group_afd,20.7,reported,AI005
03359,BTW2025,2025,party_group_cdu_csu,29.4,reported,AI005
03359,BTW2025,2025,party_group_spd,22.2,reported,AI005
03359,BTW2025,2025,party_group_fdp,4.0,reported,AI005
03359,BTW2025,2025,party_group_greens,11.0,reported,AI005
03359,BTW2025,2025,party_group_left,7.0,reported,AI005
03359,BTW2025,2025,party_group_afd,19.0,reported,AI005
03360,BTW2025,2025,party_group_cdu_csu,28.9,reported,AI005
03360,BTW2025,2025,party_group_spd,22.1,reported,AI005
03360,BTW2025,2025,party_group_fdp,3.9,reported,AI005
03360,BTW2025,2025,party_group_greens,10.5,reported,AI005
03360,BTW2025,2025,party_group_left,7.3,reported,AI005
03360,BTW2025,2025,party_group_afd,19.5,reported,AI005
03361,BTW2025,2025,party_group_cdu_csu,27.8,reported,AI005
03361,BTW2025,2025,party_group_spd,23.0,reported,AI005
03361,BTW2025,2025,party_group_fdp,4.4,reported,AI005
03361,BTW2025,2025,party_group_greens,12.2,reported,AI005
03361,BTW2025,2025,party_group_left,7.2,reported,AI005
03361,BTW2025,2025,party_group_afd,18.0,reported,AI005
03401,BTW2025,2025,party_group_cdu_csu,23.2,reported,AI005
03401,BTW2025,2025,party_group_spd,23.7,reported,AI005
03401,BTW2025,2025,party_group_fdp,3.8,reported,AI005
03401,BTW2025,2025,party_group_greens,7.7,reported,AI005
03401,BTW2025,2025,party_group_left,8.4,reported,AI005
03401,BTW2025,2025,party_group_afd,23.7,reported,AI005
03402,BTW2025,2025,party_group_cdu_csu,19.0,reported,AI005
03402,BTW2025,2025,party_group_spd,29.6,reported,AI005
03402,BTW2025,2025,party_group_fdp,3.1,reported,AI005
03402,BTW2025,2025,party_group_greens,9.3,reported,AI005
03402,BTW2025,2025,party_group_left,9.9,reported,AI005
03402,BTW2025,2025,party_group_afd,20.6,reported,AI005
03403,BTW2025,2025,party_group_cdu_csu,19.7,reported,AI005
03403,BTW2025,2025,party_group_spd,23.5,reported,AI005
03403,BTW2025,2025,party_group_fdp,4.2,reported,AI005
03403,BTW2025,2025,party_group_greens,20.6,reported,AI005
03403,BTW2025,2025,party_group_left,14.4,reported,AI005
03403,BTW2025,2025,party_group_afd,10.4,reported,AI005
03404,BTW2025,2025,party_group_cdu_csu,22.6,reported,AI005
03404,BTW2025,2025,party_group_spd,23.8,reported,AI005
03404,BTW2025,2025,party_group_fdp,4.2,reported,AI005
03404,BTW2025,2025,party_group_greens,18.7,reported,AI005
03404,BTW2025,2025,party_group_left,13.7,reported,AI005
03404,BTW2025,2025,party_group_afd,10.1,reported,AI005
03405,BTW2025,2025,party_group_cdu_csu,24.1,reported,AI005
03405,BTW2025,2025,party_group_spd,25.1,reported,AI005
03405,BTW2025,2025,party_group_fdp,3.5,reported,AI005
03405,BTW2025,2025,party_group_greens,8.1,reported,AI005
03405,BTW2025,2025,party_group_left,8.7,reported,AI005
03405,BTW2025,2025,party_group_afd,21.5,reported,AI005
03451,BTW2025,2025,party_group_cdu_csu,29.3,reported,AI005
03451,BTW2025,2025,party_group_spd,24.2,reported,AI005
03451,BTW2025,2025,party_group_fdp,4.8,reported,AI005
03451,BTW2025,2025,party_group_greens,11.1,reported,AI005
03451,BTW2025,2025,party_group_left,7.1,reported,AI005
03451,BTW2025,2025,party_group_afd,16.1,reported,AI005
03452,BTW2025,2025,party_group_cdu_csu,24.2,reported,AI005
03452,BTW2025,2025,party_group_spd,28.4,reported,AI005
03452,BTW2025,2025,party_group_fdp,3.3,reported,AI005
03452,BTW2025,2025,party_group_greens,8.0,reported,AI005
03452,BTW2025,2025,party_group_left,7.0,reported,AI005
03452,BTW2025,2025,party_group_afd,21.1,reported,AI005
03453,BTW2025,2025,party_group_cdu_csu,37.7,reported,AI005
03453,BTW2025,2025,party_group_spd,15.1,reported,AI005
03453,BTW2025,2025,party_group_fdp,4.5,reported,AI005
03453,BTW2025,2025,party_group_greens,6.1,reported,AI005
03453,BTW2025,2025,party_group_left,5.7,reported,AI005
03453,BTW2025,2025,party_group_afd,24.2,reported,AI005
03454,BTW2025,2025,party_group_cdu_csu,41.4,reported,AI005
03454,BTW2025,2025,party_group_spd,18.2,reported,AI005
03454,BTW2025,2025,party_group_fdp,4.4,reported,AI005
03454,BTW2025,2025,party_group_greens,7.5,reported,AI005
03454,BTW2025,2025,party_group_left,6.1,reported,AI005
03454,BTW2025,2025,party_group_afd,16.6,reported,AI005
03455,BTW2025,2025,party_group_cdu_csu,26.4,reported,AI005
03455,BTW2025,2025,party_group_spd,26.0,reported,AI005
03455,BTW2025,2025,party_group_fdp,4.4,reported,AI005
03455,BTW2025,2025,party_group_greens,9.2,reported,AI005
03455,BTW2025,2025,party_group_left,7.1,reported,AI005
03455,BTW2025,2025,party_group_afd,18.7,reported,AI005
03456,BTW2025,2025,party_group_cdu_csu,35.5,reported,AI005
03456,BTW2025,2025,party_group_spd,24.4,reported,AI005
03456,BTW2025,2025,party_group_fdp,4.6,reported,AI005
03456,BTW2025,2025,party_group_greens,8.8,reported,AI005
03456,BTW2025,2025,party_group_left,6.5,reported,AI005
03456,BTW2025,2025,party_group_afd,14.4,reported,AI005
03457,BTW2025,2025,party_group_cdu_csu,26.2,reported,AI005
03457,BTW2025,2025,party_group_spd,25.5,reported,AI005
03457,BTW2025,2025,party_group_fdp,3.5,reported,AI005
03457,BTW2025,2025,party_group_greens,8.1,reported,AI005
03457,BTW2025,2025,party_group_left,7.2,reported,AI005
03457,BTW2025,2025,party_group_afd,21.9,reported,AI005
03458,BTW2025,2025,party_group_cdu_csu,28.5,reported,AI005
03458,BTW2025,2025,party_group_spd,22.1,reported,AI005
03458,BTW2025,2025,party_group_fdp,5.9,reported,AI005
03458,BTW2025,2025,party_group_greens,11.8,reported,AI005
03458,BTW2025,2025,party_group_left,6.8,reported,AI005
03458,BTW2025,2025,party_group_afd,17.3,reported,AI005
03459,BTW2025,2025,party_group_cdu_csu,32.1,reported,AI005
03459,BTW2025,2025,party_group_spd,23.1,reported,AI005
03459,BTW2025,2025,party_group_fdp,4.2,reported,AI005
03459,BTW2025,2025,party_group_greens,10.3,reported,AI005
03459,BTW2025,2025,party_group_left,6.6,reported,AI005
03459,BTW2025,2025,party_group_afd,16.9,reported,AI005
03460,BTW2025,2025,party_group_cdu_csu,41.7,reported,AI005
03460,BTW2025,2025,party_group_spd,16.2,reported,AI005
03460,BTW2025,2025,party_group_fdp,4.5,reported,AI005
03460,BTW2025,2025,party_group_greens,8.3,reported,AI005
03460,BTW2025,2025,party_group_left,6.7,reported,AI005
03460,BTW2025,2025,party_group_afd,16.4,reported,AI005
03461,BTW2025,2025,party_group_cdu_csu,24.7,reported,AI005
03461,BTW2025,2025,party_group_spd,26.6,reported,AI005
03461,BTW2025,2025,party_group_fdp,4.2,reported,AI005
03461,BTW2025,2025,party_group_greens,8.9,reported,AI005
03461,BTW2025,2025,party_group_left,7.5,reported,AI005
03461,BTW2025,2025,party_group_afd,19.9,reported,AI005
03462,BTW2025,2025,party_group_cdu_csu,29.2,reported,AI005
03462,BTW2025,2025,party_group_spd,25.0,reported,AI005
03462,BTW2025,2025,party_group_fdp,3.8,reported,AI005
03462,BTW2025,2025,party_group_greens,7.2,reported,AI005
03462,BTW2025,2025,party_group_left,5.8,reported,AI005
03462,BTW2025,2025,party_group_afd,21.4,reported,AI005
04011,BTW2025,2025,party_group_cdu_csu,20.8,reported,AI005
04011,BTW2025,2025,party_group_spd,22.8,reported,AI005
04011,BTW2025,2025,party_group_fdp,3.6,reported,AI005
04011,BTW2025,2025,party_group_greens,16.7,reported,AI005
04011,BTW2025,2025,party_group_left,15.5,reported,AI005
04011,BTW2025,2025,party_group_afd,13.5,reported,AI005
04012,BTW2025,2025,party_group_cdu_csu,19.5,reported,AI005
04012,BTW2025,2025,party_group_spd,25.0,reported,AI005
04012,BTW2025,2025,party_group_fdp,3.3,reported,AI005
04012,BTW2025,2025,party_group_greens,9.5,reported,AI005
04012,BTW2025,2025,party_group_left,11.1,reported,AI005
04012,BTW2025,2025,party_group_afd,23.5,reported,AI005
05111,BTW2025,2025,party_group_cdu_csu,28.0,reported,AI005
05111,BTW2025,2025,party_group_spd,18.0,reported,AI005
05111,BTW2025,2025,party_group_fdp,6.8,reported,AI005
05111,BTW2025,2025,party_group_greens,17.7,reported,AI005
05111,BTW2025,2025,party_group_left,10.5,reported,AI005
05111,BTW2025,2025,party_group_afd,11.3,reported,AI005
05112,BTW2025,2025,party_group_cdu_csu,21.3,reported,AI005
05112,BTW2025,2025,party_group_spd,25.5,reported,AI005
05112,BTW2025,2025,party_group_fdp,3.0,reported,AI005
05112,BTW2025,2025,party_group_greens,8.7,reported,AI005
05112,BTW2025,2025,party_group_left,10.7,reported,AI005
05112,BTW2025,2025,party_group_afd,20.8,reported,AI005
05113,BTW2025,2025,party_group_cdu_csu,26.5,reported,AI005
05113,BTW2025,2025,party_group_spd,22.2,reported,AI005
05113,BTW2025,2025,party_group_fdp,4.0,reported,AI005
05113,BTW2025,2025,party_group_greens,12.4,reported,AI005
05113,BTW2025,2025,party_group_left,9.5,reported,AI005
05113,BTW2025,2025,party_group_afd,17.0,reported,AI005
05114,BTW2025,2025,party_group_cdu_csu,28.8,reported,AI005
05114,BTW2025,2025,party_group_spd,20.1,reported,AI005
05114,BTW2025,2025,party_group_fdp,5.2,reported,AI005
05114,BTW2025,2025,party_group_greens,11.9,reported,AI005
05114,BTW2025,2025,party_group_left,9.1,reported,AI005
05114,BTW2025,2025,party_group_afd,16.1,reported,AI005
05116,BTW2025,2025,party_group_cdu_csu,30.6,reported,AI005
05116,BTW2025,2025,party_group_spd,18.7,reported,AI005
05116,BTW2025,2025,party_group_fdp,4.5,reported,AI005
05116,BTW2025,2025,party_group_greens,10.0,reported,AI005
05116,BTW2025,2025,party_group_left,9.5,reported,AI005
05116,BTW2025,2025,party_group_afd,18.1,reported,AI005
05117,BTW2025,2025,party_group_cdu_csu,28.9,reported,AI005
05117,BTW2025,2025,party_group_spd,23.8,reported,AI005
05117,BTW2025,2025,party_group_fdp,4.6,reported,AI005
05117,BTW2025,2025,party_group_greens,12.2,reported,AI005
05117,BTW2025,2025,party_group_left,7.8,reported,AI005
05117,BTW2025,2025,party_group_afd,15.0,reported,AI005
05119,BTW2025,2025,party_group_cdu_csu,24.4,reported,AI005
05119,BTW2025,2025,party_group_spd,24.6,reported,AI005
05119,BTW2025,2025,party_group_fdp,3.3,reported,AI005
05119,BTW2025,2025,party_group_greens,8.5,reported,AI005
05119,BTW2025,2025,party_group_left,8.5,reported,AI005
05119,BTW2025,2025,party_group_afd,21.5,reported,AI005
05120,BTW2025,2025,party_group_cdu_csu,28.1,reported,AI005
05120,BTW2025,2025,party_group_spd,20.4,reported,AI005
05120,BTW2025,2025,party_group_fdp,4.7,reported,AI005
05120,BTW2025,2025,party_group_greens,9.1,reported,AI005
05120,BTW2025,2025,party_group_left,8.7,reported,AI005
05120,BTW2025,2025,party_group_afd,19.9,reported,AI005
05122,BTW2025,2025,party_group_cdu_csu,28.3,reported,AI005
05122,BTW2025,2025,party_group_spd,19.7,reported,AI005
05122,BTW2025,2025,party_group_fdp,4.7,reported,AI005
05122,BTW2025,2025,party_group_greens,12.0,reported,AI005
05122,BTW2025,2025,party_group_left,8.8,reported,AI005
05122,BTW2025,2025,party_group_afd,17.5,reported,AI005
05124,BTW2025,2025,party_group_cdu_csu,24.5,reported,AI005
05124,BTW2025,2025,party_group_spd,20.3,reported,AI005
05124,BTW2025,2025,party_group_fdp,4.3,reported,AI005
05124,BTW2025,2025,party_group_greens,12.7,reported,AI005
05124,BTW2025,2025,party_group_left,11.4,reported,AI005
05124,BTW2025,2025,party_group_afd,17.8,reported,AI005
05154,BTW2025,2025,party_group_cdu_csu,36.5,reported,AI005
05154,BTW2025,2025,party_group_spd,18.8,reported,AI005
05154,BTW2025,2025,party_group_fdp,4.5,reported,AI005
05154,BTW2025,2025,party_group_greens,10.5,reported,AI005
05154,BTW2025,2025,party_group_left,6.4,reported,AI005
05154,BTW2025,2025,party_group_afd,16.0,reported,AI005
05158,BTW2025,2025,party_group_cdu_csu,32.1,reported,AI005
05158,BTW2025,2025,party_group_spd,19.1,reported,AI005
05158,BTW2025,2025,party_group_fdp,5.5,reported,AI005
05158,BTW2025,2025,party_group_greens,12.1,reported,AI005
05158,BTW2025,2025,party_group_left,7.0,reported,AI005
05158,BTW2025,2025,party_group_afd,16.1,reported,AI005
05162,BTW2025,2025,party_group_cdu_csu,35.0,reported,AI005
05162,BTW2025,2025,party_group_spd,17.8,reported,AI005
05162,BTW2025,2025,party_group_fdp,6.0,reported,AI005
05162,BTW2025,2025,party_group_greens,11.6,reported,AI005
05162,BTW2025,2025,party_group_left,6.7,reported,AI005
05162,BTW2025,2025,party_group_afd,15.4,reported,AI005
05166,BTW2025,2025,party_group_cdu_csu,34.8,reported,AI005
05166,BTW2025,2025,party_group_spd,18.2,reported,AI005
05166,BTW2025,2025,party_group_fdp,5.4,reported,AI005
05166,BTW2025,2025,party_group_greens,11.4,reported,AI005
05166,BTW2025,2025,party_group_left,6.4,reported,AI005
05166,BTW2025,2025,party_group_afd,15.9,reported,AI005
05170,BTW2025,2025,party_group_cdu_csu,29.5,reported,AI005
05170,BTW2025,2025,party_group_spd,24.2,reported,AI005
05170,BTW2025,2025,party_group_fdp,4.1,reported,AI005
05170,BTW2025,2025,party_group_greens,9.6,reported,AI005
05170,BTW2025,2025,party_group_left,7.0,reported,AI005
05170,BTW2025,2025,party_group_afd,17.6,reported,AI005
05314,BTW2025,2025,party_group_cdu_csu,26.2,reported,AI005
05314,BTW2025,2025,party_group_spd,17.7,reported,AI005
05314,BTW2025,2025,party_group_fdp,5.2,reported,AI005
05314,BTW2025,2025,party_group_greens,22.9,reported,AI005
05314,BTW2025,2025,party_group_left,12.4,reported,AI005
05314,BTW2025,2025,party_group_afd,8.9,reported,AI005
05315,BTW2025,2025,party_group_cdu_csu,22.2,reported,AI005
05315,BTW2025,2025,party_group_spd,19.2,reported,AI005
05315,BTW2025,2025,party_group_fdp,4.5,reported,AI005
05315,BTW2025,2025,party_group_greens,21.7,reported,AI005
05315,BTW2025,2025,party_group_left,14.9,reported,AI005
05315,BTW2025,2025,party_group_afd,10.0,reported,AI005
05316,BTW2025,2025,party_group_cdu_csu,28.0,reported,AI005
05316,BTW2025,2025,party_group_spd,21.4,reported,AI005
05316,BTW2025,2025,party_group_fdp,4.3,reported,AI005
05316,BTW2025,2025,party_group_greens,11.8,reported,AI005
05316,BTW2025,2025,party_group_left,8.5,reported,AI005
05316,BTW2025,2025,party_group_afd,17.2,reported,AI005
05334,BTW2025,2025,party_group_cdu_csu,28.2,reported,AI005
05334,BTW2025,2025,party_group_spd,19.5,reported,AI005
05334,BTW2025,2025,party_group_fdp,4.5,reported,AI005
05334,BTW2025,2025,party_group_greens,16.0,reported,AI005
05334,BTW2025,2025,party_group_left,9.5,reported,AI005
05334,BTW2025,2025,party_group_afd,15.0,reported,AI005
05358,BTW2025,2025,party_group_cdu_csu,33.3,reported,AI005
05358,BTW2025,2025,party_group_spd,18.5,reported,AI005
05358,BTW2025,2025,party_group_fdp,4.3,reported,AI005
05358,BTW2025,2025,party_group_greens,8.5,reported,AI005
05358,BTW2025,2025,party_group_left,6.4,reported,AI005
05358,BTW2025,2025,party_group_afd,20.5,reported,AI005
05362,BTW2025,2025,party_group_cdu_csu,31.7,reported,AI005
05362,BTW2025,2025,party_group_spd,19.7,reported,AI005
05362,BTW2025,2025,party_group_fdp,4.9,reported,AI005
05362,BTW2025,2025,party_group_greens,12.1,reported,AI005
05362,BTW2025,2025,party_group_left,7.3,reported,AI005
05362,BTW2025,2025,party_group_afd,16.3,reported,AI005
05366,BTW2025,2025,party_group_cdu_csu,35.1,reported,AI005
05366,BTW2025,2025,party_group_spd,16.4,reported,AI005
05366,BTW2025,2025,party_group_fdp,4.9,reported,AI005
05366,BTW2025,2025,party_group_greens,9.3,reported,AI005
05366,BTW2025,2025,party_group_left,5.5,reported,AI005
05366,BTW2025,2025,party_group_afd,20.3,reported,AI005
05370,BTW2025,2025,party_group_cdu_csu,35.2,reported,AI005
05370,BTW2025,2025,party_group_spd,17.1,reported,AI005
05370,BTW2025,2025,party_group_fdp,4.2,reported,AI005
05370,BTW2025,2025,party_group_greens,8.7,reported,AI005
05370,BTW2025,2025,party_group_left,6.3,reported,AI005
05370,BTW2025,2025,party_group_afd,20.1,reported,AI005
05374,BTW2025,2025,party_group_cdu_csu,31.7,reported,AI005
05374,BTW2025,2025,party_group_spd,17.8,reported,AI005
05374,BTW2025,2025,party_group_fdp,4.6,reported,AI005
05374,BTW2025,2025,party_group_greens,9.5,reported,AI005
05374,BTW2025,2025,party_group_left,6.3,reported,AI005
05374,BTW2025,2025,party_group_afd,21.2,reported,AI005
05378,BTW2025,2025,party_group_cdu_csu,33.8,reported,AI005
05378,BTW2025,2025,party_group_spd,18.5,reported,AI005
05378,BTW2025,2025,party_group_fdp,5.6,reported,AI005
05378,BTW2025,2025,party_group_greens,15.0,reported,AI005
05378,BTW2025,2025,party_group_left,6.5,reported,AI005
05378,BTW2025,2025,party_group_afd,13.3,reported,AI005
05382,BTW2025,2025,party_group_cdu_csu,33.4,reported,AI005
05382,BTW2025,2025,party_group_spd,17.3,reported,AI005
05382,BTW2025,2025,party_group_fdp,5.3,reported,AI005
05382,BTW2025,2025,party_group_greens,13.6,reported,AI005
05382,BTW2025,2025,party_group_left,6.7,reported,AI005
05382,BTW2025,2025,party_group_afd,15.9,reported,AI005
05512,BTW2025,2025,party_group_cdu_csu,28.6,reported,AI005
05512,BTW2025,2025,party_group_spd,23.6,reported,AI005
05512,BTW2025,2025,party_group_fdp,3.4,reported,AI005
05512,BTW2025,2025,party_group_greens,8.4,reported,AI005
05512,BTW2025,2025,party_group_left,6.9,reported,AI005
05512,BTW2025,2025,party_group_afd,21.1,reported,AI005
05513,BTW2025,2025,party_group_cdu_csu,22.7,reported,AI005
05513,BTW2025,2025,party_group_spd,24.1,reported,AI005
05513,BTW2025,2025,party_group_fdp,3.0,reported,AI005
05513,BTW2025,2025,party_group_greens,6.5,reported,AI005
05513,BTW2025,2025,party_group_left,9.4,reported,AI005
05513,BTW2025,2025,party_group_afd,24.7,reported,AI005
05515,BTW2025,2025,party_group_cdu_csu,25.7,reported,AI005
05515,BTW2025,2025,party_group_spd,18.1,reported,AI005
05515,BTW2025,2025,party_group_fdp,4.6,reported,AI005
05515,BTW2025,2025,party_group_greens,26.6,reported,AI005
05515,BTW2025,2025,party_group_left,12.5,reported,AI005
05515,BTW2025,2025,party_group_afd,6.9,reported,AI005
05554,BTW2025,2025,party_group_cdu_csu,42.2,reported,AI005
05554,BTW2025,2025,party_group_spd,17.1,reported,AI005
05554,BTW2025,2025,party_group_fdp,4.4,reported,AI005
05554,BTW2025,2025,party_group_greens,10.1,reported,AI005
05554,BTW2025,2025,party_group_left,5.7,reported,AI005
05554,BTW2025,2025,party_group_afd,14.0,reported,AI005
05558,BTW2025,2025,party_group_cdu_csu,40.1,reported,AI005
05558,BTW2025,2025,party_group_spd,17.9,reported,AI005
05558,BTW2025,2025,party_group_fdp,4.2,reported,AI005
05558,BTW2025,2025,party_group_greens,13.4,reported,AI005
05558,BTW2025,2025,party_group_left,5.3,reported,AI005
05558,BTW2025,2025,party_group_afd,13.0,reported,AI005
05562,BTW2025,2025,party_group_cdu_csu,28.5,reported,AI005
05562,BTW2025,2025,party_group_spd,23.2,reported,AI005
05562,BTW2025,2025,party_group_fdp,3.5,reported,AI005
05562,BTW2025,2025,party_group_greens,9.0,reported,AI005
05562,BTW2025,2025,party_group_left,6.9,reported,AI005
05562,BTW2025,2025,party_group_afd,20.6,reported,AI005
05566,BTW2025,2025,party_group_cdu_csu,35.0,reported,AI005
05566,BTW2025,2025,party_group_spd,21.1,reported,AI005
05566,BTW2025,2025,party_group_fdp,4.0,reported,AI005
05566,BTW2025,2025,party_group_greens,12.1,reported,AI005
05566,BTW2025,2025,party_group_left,6.4,reported,AI005
05566,BTW2025,2025,party_group_afd,14.5,reported,AI005
05570,BTW2025,2025,party_group_cdu_csu,36.6,reported,AI005
05570,BTW2025,2025,party_group_spd,18.6,reported,AI005
05570,BTW2025,2025,party_group_fdp,4.1,reported,AI005
05570,BTW2025,2025,party_group_greens,11.3,reported,AI005
05570,BTW2025,2025,party_group_left,6.3,reported,AI005
05570,BTW2025,2025,party_group_afd,16.0,reported,AI005
05711,BTW2025,2025,party_group_cdu_csu,23.2,reported,AI005
05711,BTW2025,2025,party_group_spd,20.2,reported,AI005
05711,BTW2025,2025,party_group_fdp,4.2,reported,AI005
05711,BTW2025,2025,party_group_greens,16.5,reported,AI005
05711,BTW2025,2025,party_group_left,13.3,reported,AI005
05711,BTW2025,2025,party_group_afd,14.4,reported,AI005
05754,BTW2025,2025,party_group_cdu_csu,33.3,reported,AI005
05754,BTW2025,2025,party_group_spd,18.1,reported,AI005
05754,BTW2025,2025,party_group_fdp,4.5,reported,AI005
05754,BTW2025,2025,party_group_greens,11.6,reported,AI005
05754,BTW2025,2025,party_group_left,6.4,reported,AI005
05754,BTW2025,2025,party_group_afd,18.4,reported,AI005
05758,BTW2025,2025,party_group_cdu_csu,27.5,reported,AI005
05758,BTW2025,2025,party_group_spd,21.6,reported,AI005
05758,BTW2025,2025,party_group_fdp,4.1,reported,AI005
05758,BTW2025,2025,party_group_greens,9.7,reported,AI005
05758,BTW2025,2025,party_group_left,7.1,reported,AI005
05758,BTW2025,2025,party_group_afd,21.5,reported,AI005
05762,BTW2025,2025,party_group_cdu_csu,39.5,reported,AI005
05762,BTW2025,2025,party_group_spd,16.1,reported,AI005
05762,BTW2025,2025,party_group_fdp,4.3,reported,AI005
05762,BTW2025,2025,party_group_greens,8.1,reported,AI005
05762,BTW2025,2025,party_group_left,5.5,reported,AI005
05762,BTW2025,2025,party_group_afd,19.3,reported,AI005
05766,BTW2025,2025,party_group_cdu_csu,27.4,reported,AI005
05766,BTW2025,2025,party_group_spd,20.8,reported,AI005
05766,BTW2025,2025,party_group_fdp,4.2,reported,AI005
05766,BTW2025,2025,party_group_greens,10.3,reported,AI005
05766,BTW2025,2025,party_group_left,6.7,reported,AI005
05766,BTW2025,2025,party_group_afd,22.1,reported,AI005
05770,BTW2025,2025,party_group_cdu_csu,27.7,reported,AI005
05770,BTW2025,2025,party_group_spd,22.0,reported,AI005
05770,BTW2025,2025,party_group_fdp,4.2,reported,AI005
05770,BTW2025,2025,party_group_greens,9.5,reported,AI005
05770,BTW2025,2025,party_group_left,6.7,reported,AI005
05770,BTW2025,2025,party_group_afd,21.5,reported,AI005
05774,BTW2025,2025,party_group_cdu_csu,37.3,reported,AI005
05774,BTW2025,2025,party_group_spd,13.8,reported,AI005
05774,BTW2025,2025,party_group_fdp,4.2,reported,AI005
05774,BTW2025,2025,party_group_greens,11.5,reported,AI005
05774,BTW2025,2025,party_group_left,7.1,reported,AI005
05774,BTW2025,2025,party_group_afd,18.9,reported,AI005
05911,BTW2025,2025,party_group_cdu_csu,23.3,reported,AI005
05911,BTW2025,2025,party_group_spd,24.5,reported,AI005
05911,BTW2025,2025,party_group_fdp,3.5,reported,AI005
05911,BTW2025,2025,party_group_greens,13.8,reported,AI005
05911,BTW2025,2025,party_group_left,11.5,reported,AI005
05911,BTW2025,2025,party_group_afd,15.2,reported,AI005
05913,BTW2025,2025,party_group_cdu_csu,22.8,reported,AI005
05913,BTW2025,2025,party_group_spd,23.7,reported,AI005
05913,BTW2025,2025,party_group_fdp,3.6,reported,AI005
05913,BTW2025,2025,party_group_greens,13.4,reported,AI005
05913,BTW2025,2025,party_group_left,11.0,reported,AI005
05913,BTW2025,2025,party_group_afd,16.8,reported,AI005
05914,BTW2025,2025,party_group_cdu_csu,27.7,reported,AI005
05914,BTW2025,2025,party_group_spd,21.0,reported,AI005
05914,BTW2025,2025,party_group_fdp,3.6,reported,AI005
05914,BTW2025,2025,party_group_greens,8.2,reported,AI005
05914,BTW2025,2025,party_group_left,8.5,reported,AI005
05914,BTW2025,2025,party_group_afd,21.7,reported,AI005
05915,BTW2025,2025,party_group_cdu_csu,28.2,reported,AI005
05915,BTW2025,2025,party_group_spd,23.1,reported,AI005
05915,BTW2025,2025,party_group_fdp,3.4,reported,AI005
05915,BTW2025,2025,party_group_greens,7.9,reported,AI005
05915,BTW2025,2025,party_group_left,7.9,reported,AI005
05915,BTW2025,2025,party_group_afd,21.2,reported,AI005
05916,BTW2025,2025,party_group_cdu_csu,22.9,reported,AI005
05916,BTW2025,2025,party_group_spd,26.1,reported,AI005
05916,BTW2025,2025,party_group_fdp,2.9,reported,AI005
05916,BTW2025,2025,party_group_greens,7.9,reported,AI005
05916,BTW2025,2025,party_group_left,9.5,reported,AI005
05916,BTW2025,2025,party_group_afd,21.7,reported,AI005
05954,BTW2025,2025,party_group_cdu_csu,27.9,reported,AI005
05954,BTW2025,2025,party_group_spd,23.2,reported,AI005
05954,BTW2025,2025,party_group_fdp,4.1,reported,AI005
05954,BTW2025,2025,party_group_greens,11.7,reported,AI005
05954,BTW2025,2025,party_group_left,7.2,reported,AI005
05954,BTW2025,2025,party_group_afd,17.6,reported,AI005
05958,BTW2025,2025,party_group_cdu_csu,43.6,reported,AI005
05958,BTW2025,2025,party_group_spd,16.4,reported,AI005
05958,BTW2025,2025,party_group_fdp,3.8,reported,AI005
05958,BTW2025,2025,party_group_greens,7.3,reported,AI005
05958,BTW2025,2025,party_group_left,5.3,reported,AI005
05958,BTW2025,2025,party_group_afd,16.7,reported,AI005
05962,BTW2025,2025,party_group_cdu_csu,32.9,reported,AI005
05962,BTW2025,2025,party_group_spd,18.3,reported,AI005
05962,BTW2025,2025,party_group_fdp,4.0,reported,AI005
05962,BTW2025,2025,party_group_greens,7.5,reported,AI005
05962,BTW2025,2025,party_group_left,6.6,reported,AI005
05962,BTW2025,2025,party_group_afd,22.3,reported,AI005
05966,BTW2025,2025,party_group_cdu_csu,46.6,reported,AI005
05966,BTW2025,2025,party_group_spd,14.8,reported,AI005
05966,BTW2025,2025,party_group_fdp,3.7,reported,AI005
05966,BTW2025,2025,party_group_greens,6.9,reported,AI005
05966,BTW2025,2025,party_group_left,4.8,reported,AI005
05966,BTW2025,2025,party_group_afd,17.2,reported,AI005
05970,BTW2025,2025,party_group_cdu_csu,31.6,reported,AI005
05970,BTW2025,2025,party_group_spd,19.9,reported,AI005
05970,BTW2025,2025,party_group_fdp,4.0,reported,AI005
05970,BTW2025,2025,party_group_greens,8.6,reported,AI005
05970,BTW2025,2025,party_group_left,7.2,reported,AI005
05970,BTW2025,2025,party_group_afd,20.3,reported,AI005
05974,BTW2025,2025,party_group_cdu_csu,35.0,reported,AI005
05974,BTW2025,2025,party_group_spd,18.4,reported,AI005
05974,BTW2025,2025,party_group_fdp,4.1,reported,AI005
05974,BTW2025,2025,party_group_greens,10.0,reported,AI005
05974,BTW2025,2025,party_group_left,6.1,reported,AI005
05974,BTW2025,2025,party_group_afd,18.9,reported,AI005
05978,BTW2025,2025,party_group_cdu_csu,27.8,reported,AI005
05978,BTW2025,2025,party_group_spd,24.2,reported,AI005
05978,BTW2025,2025,party_group_fdp,3.4,reported,AI005
05978,BTW2025,2025,party_group_greens,9.7,reported,AI005
05978,BTW2025,2025,party_group_left,7.1,reported,AI005
05978,BTW2025,2025,party_group_afd,19.6,reported,AI005
06411,BTW2025,2025,party_group_cdu_csu,19.1,reported,AI005
06411,BTW2025,2025,party_group_spd,17.6,reported,AI005
06411,BTW2025,2025,party_group_fdp,4.5,reported,AI005
06411,BTW2025,2025,party_group_greens,24.8,reported,AI005
06411,BTW2025,2025,party_group_left,15.3,reported,AI005
06411,BTW2025,2025,party_group_afd,10.3,reported,AI005
06412,BTW2025,2025,party_group_cdu_csu,24.3,reported,AI005
06412,BTW2025,2025,party_group_spd,17.2,reported,AI005
06412,BTW2025,2025,party_group_fdp,6.6,reported,AI005
06412,BTW2025,2025,party_group_greens,19.5,reported,AI005
06412,BTW2025,2025,party_group_left,14.4,reported,AI005
06412,BTW2025,2025,party_group_afd,10.0,reported,AI005
06413,BTW2025,2025,party_group_cdu_csu,21.7,reported,AI005
06413,BTW2025,2025,party_group_spd,17.8,reported,AI005
06413,BTW2025,2025,party_group_fdp,4.5,reported,AI005
06413,BTW2025,2025,party_group_greens,13.6,reported,AI005
06413,BTW2025,2025,party_group_left,17.3,reported,AI005
06413,BTW2025,2025,party_group_afd,14.8,reported,AI005
06414,BTW2025,2025,party_group_cdu_csu,26.6,reported,AI005
06414,BTW2025,2025,party_group_spd,17.5,reported,AI005
06414,BTW2025,2025,party_group_fdp,5.6,reported,AI005
06414,BTW2025,2025,party_group_greens,16.0,reported,AI005
06414,BTW2025,2025,party_group_left,11.5,reported,AI005
06414,BTW2025,2025,party_group_afd,14.1,reported,AI005
06431,BTW2025,2025,party_group_cdu_csu,31.2,reported,AI005
06431,BTW2025,2025,party_group_spd,17.4,reported,AI005
06431,BTW2025,2025,party_group_fdp,5.2,reported,AI005
06431,BTW2025,2025,party_group_greens,11.2,reported,AI005
06431,BTW2025,2025,party_group_left,6.1,reported,AI005
06431,BTW2025,2025,party_group_afd,20.1,reported,AI005
06432,BTW2025,2025,party_group_cdu_csu,28.5,reported,AI005
06432,BTW2025,2025,party_group_spd,19.1,reported,AI005
06432,BTW2025,2025,party_group_fdp,5.0,reported,AI005
06432,BTW2025,2025,party_group_greens,13.8,reported,AI005
06432,BTW2025,2025,party_group_left,7.7,reported,AI005
06432,BTW2025,2025,party_group_afd,16.9,reported,AI005
06433,BTW2025,2025,party_group_cdu_csu,27.2,reported,AI005
06433,BTW2025,2025,party_group_spd,20.1,reported,AI005
06433,BTW2025,2025,party_group_fdp,4.5,reported,AI005
06433,BTW2025,2025,party_group_greens,11.4,reported,AI005
06433,BTW2025,2025,party_group_left,10.0,reported,AI005
06433,BTW2025,2025,party_group_afd,16.9,reported,AI005
06434,BTW2025,2025,party_group_cdu_csu,35.4,reported,AI005
06434,BTW2025,2025,party_group_spd,15.4,reported,AI005
06434,BTW2025,2025,party_group_fdp,7.9,reported,AI005
06434,BTW2025,2025,party_group_greens,14.7,reported,AI005
06434,BTW2025,2025,party_group_left,6.0,reported,AI005
06434,BTW2025,2025,party_group_afd,13.5,reported,AI005
06435,BTW2025,2025,party_group_cdu_csu,29.9,reported,AI005
06435,BTW2025,2025,party_group_spd,17.5,reported,AI005
06435,BTW2025,2025,party_group_fdp,4.8,reported,AI005
06435,BTW2025,2025,party_group_greens,10.1,reported,AI005
06435,BTW2025,2025,party_group_left,7.4,reported,AI005
06435,BTW2025,2025,party_group_afd,21.3,reported,AI005
06436,BTW2025,2025,party_group_cdu_csu,34.5,reported,AI005
06436,BTW2025,2025,party_group_spd,16.0,reported,AI005
06436,BTW2025,2025,party_group_fdp,6.8,reported,AI005
06436,BTW2025,2025,party_group_greens,14.5,reported,AI005
06436,BTW2025,2025,party_group_left,6.9,reported,AI005
06436,BTW2025,2025,party_group_afd,13.7,reported,AI005
06437,BTW2025,2025,party_group_cdu_csu,29.0,reported,AI005
06437,BTW2025,2025,party_group_spd,20.0,reported,AI005
06437,BTW2025,2025,party_group_fdp,4.6,reported,AI005
06437,BTW2025,2025,party_group_greens,8.9,reported,AI005
06437,BTW2025,2025,party_group_left,6.7,reported,AI005
06437,BTW2025,2025,party_group_afd,21.7,reported,AI005
06438,BTW2025,2025,party_group_cdu_csu,31.4,reported,AI005
06438,BTW2025,2025,party_group_spd,16.9,reported,AI005
06438,BTW2025,2025,party_group_fdp,5.6,reported,AI005
06438,BTW2025,2025,party_group_greens,12.6,reported,AI005
06438,BTW2025,2025,party_group_left,8.4,reported,AI005
06438,BTW2025,2025,party_group_afd,16.0,reported,AI005
06439,BTW2025,2025,party_group_cdu_csu,32.7,reported,AI005
06439,BTW2025,2025,party_group_spd,17.4,reported,AI005
06439,BTW2025,2025,party_group_fdp,6.0,reported,AI005
06439,BTW2025,2025,party_group_greens,13.5,reported,AI005
06439,BTW2025,2025,party_group_left,6.3,reported,AI005
06439,BTW2025,2025,party_group_afd,16.5,reported,AI005
06440,BTW2025,2025,party_group_cdu_csu,30.4,reported,AI005
06440,BTW2025,2025,party_group_spd,17.3,reported,AI005
06440,BTW2025,2025,party_group_fdp,5.2,reported,AI005
06440,BTW2025,2025,party_group_greens,12.2,reported,AI005
06440,BTW2025,2025,party_group_left,6.9,reported,AI005
06440,BTW2025,2025,party_group_afd,19.2,reported,AI005
06531,BTW2025,2025,party_group_cdu_csu,26.0,reported,AI005
06531,BTW2025,2025,party_group_spd,19.0,reported,AI005
06531,BTW2025,2025,party_group_fdp,4.2,reported,AI005
06531,BTW2025,2025,party_group_greens,13.2,reported,AI005
06531,BTW2025,2025,party_group_left,10.2,reported,AI005
06531,BTW2025,2025,party_group_afd,18.1,reported,AI005
06532,BTW2025,2025,party_group_cdu_csu,30.3,reported,AI005
06532,BTW2025,2025,party_group_spd,18.6,reported,AI005
06532,BTW2025,2025,party_group_fdp,4.0,reported,AI005
06532,BTW2025,2025,party_group_greens,8.4,reported,AI005
06532,BTW2025,2025,party_group_left,6.5,reported,AI005
06532,BTW2025,2025,party_group_afd,23.5,reported,AI005
06533,BTW2025,2025,party_group_cdu_csu,33.0,reported,AI005
06533,BTW2025,2025,party_group_spd,17.4,reported,AI005
06533,BTW2025,2025,party_group_fdp,4.7,reported,AI005
06533,BTW2025,2025,party_group_greens,9.2,reported,AI005
06533,BTW2025,2025,party_group_left,6.2,reported,AI005
06533,BTW2025,2025,party_group_afd,20.9,reported,AI005
06534,BTW2025,2025,party_group_cdu_csu,26.3,reported,AI005
06534,BTW2025,2025,party_group_spd,20.5,reported,AI005
06534,BTW2025,2025,party_group_fdp,3.9,reported,AI005
06534,BTW2025,2025,party_group_greens,12.9,reported,AI005
06534,BTW2025,2025,party_group_left,10.6,reported,AI005
06534,BTW2025,2025,party_group_afd,18.2,reported,AI005
06535,BTW2025,2025,party_group_cdu_csu,30.5,reported,AI005
06535,BTW2025,2025,party_group_spd,18.4,reported,AI005
06535,BTW2025,2025,party_group_fdp,4.3,reported,AI005
06535,BTW2025,2025,party_group_greens,7.7,reported,AI005
06535,BTW2025,2025,party_group_left,5.9,reported,AI005
06535,BTW2025,2025,party_group_afd,24.0,reported,AI005
06611,BTW2025,2025,party_group_cdu_csu,19.5,reported,AI005
06611,BTW2025,2025,party_group_spd,20.7,reported,AI005
06611,BTW2025,2025,party_group_fdp,3.5,reported,AI005
06611,BTW2025,2025,party_group_greens,17.3,reported,AI005
06611,BTW2025,2025,party_group_left,15.6,reported,AI005
06611,BTW2025,2025,party_group_afd,14.2,reported,AI005
06631,BTW2025,2025,party_group_cdu_csu,39.0,reported,AI005
06631,BTW2025,2025,party_group_spd,11.7,reported,AI005
06631,BTW2025,2025,party_group_fdp,5.0,reported,AI005
06631,BTW2025,2025,party_group_greens,7.6,reported,AI005
06631,BTW2025,2025,party_group_left,5.2,reported,AI005
06631,BTW2025,2025,party_group_afd,23.5,reported,AI005
06632,BTW2025,2025,party_group_cdu_csu,28.9,reported,AI005
06632,BTW2025,2025,party_group_spd,21.9,reported,AI005
06632,BTW2025,2025,party_group_fdp,3.9,reported,AI005
06632,BTW2025,2025,party_group_greens,6.3,reported,AI005
06632,BTW2025,2025,party_group_left,5.5,reported,AI005
06632,BTW2025,2025,party_group_afd,24.7,reported,AI005
06633,BTW2025,2025,party_group_cdu_csu,27.0,reported,AI005
06633,BTW2025,2025,party_group_spd,25.2,reported,AI005
06633,BTW2025,2025,party_group_fdp,3.7,reported,AI005
06633,BTW2025,2025,party_group_greens,9.3,reported,AI005
06633,BTW2025,2025,party_group_left,6.7,reported,AI005
06633,BTW2025,2025,party_group_afd,19.3,reported,AI005
06634,BTW2025,2025,party_group_cdu_csu,26.5,reported,AI005
06634,BTW2025,2025,party_group_spd,23.2,reported,AI005
06634,BTW2025,2025,party_group_fdp,4.0,reported,AI005
06634,BTW2025,2025,party_group_greens,8.0,reported,AI005
06634,BTW2025,2025,party_group_left,5.7,reported,AI005
06634,BTW2025,2025,party_group_afd,23.5,reported,AI005
06635,BTW2025,2025,party_group_cdu_csu,31.1,reported,AI005
06635,BTW2025,2025,party_group_spd,19.6,reported,AI005
06635,BTW2025,2025,party_group_fdp,4.4,reported,AI005
06635,BTW2025,2025,party_group_greens,8.0,reported,AI005
06635,BTW2025,2025,party_group_left,5.7,reported,AI005
06635,BTW2025,2025,party_group_afd,23.1,reported,AI005
06636,BTW2025,2025,party_group_cdu_csu,27.8,reported,AI005
06636,BTW2025,2025,party_group_spd,22.5,reported,AI005
06636,BTW2025,2025,party_group_fdp,3.8,reported,AI005
06636,BTW2025,2025,party_group_greens,8.3,reported,AI005
06636,BTW2025,2025,party_group_left,7.1,reported,AI005
06636,BTW2025,2025,party_group_afd,21.5,reported,AI005
07111,BTW2025,2025,party_group_cdu_csu,28.6,reported,AI005
07111,BTW2025,2025,party_group_spd,19.1,reported,AI005
07111,BTW2025,2025,party_group_fdp,5.1,reported,AI005
07111,BTW2025,2025,party_group_greens,14.6,reported,AI005
07111,BTW2025,2025,party_group_left,10.0,reported,AI005
07111,BTW2025,2025,party_group_afd,14.3,reported,AI005
07131,BTW2025,2025,party_group_cdu_csu,37.0,reported,AI005
07131,BTW2025,2025,party_group_spd,17.4,reported,AI005
07131,BTW2025,2025,party_group_fdp,5.1,reported,AI005
07131,BTW2025,2025,party_group_greens,11.3,reported,AI005
07131,BTW2025,2025,party_group_left,5.8,reported,AI005
07131,BTW2025,2025,party_group_afd,15.4,reported,AI005
07132,BTW2025,2025,party_group_cdu_csu,32.8,reported,AI005
07132,BTW2025,2025,party_group_spd,18.6,reported,AI005
07132,BTW2025,2025,party_group_fdp,4.4,reported,AI005
07132,BTW2025,2025,party_group_greens,7.0,reported,AI005
07132,BTW2025,2025,party_group_left,5.9,reported,AI005
07132,BTW2025,2025,party_group_afd,22.5,reported,AI005
07133,BTW2025,2025,party_group_cdu_csu,30.8,reported,AI005
07133,BTW2025,2025,party_group_spd,20.4,reported,AI005
07133,BTW2025,2025,party_group_fdp,4.6,reported,AI005
07133,BTW2025,2025,party_group_greens,9.1,reported,AI005
07133,BTW2025,2025,party_group_left,6.2,reported,AI005
07133,BTW2025,2025,party_group_afd,20.4,reported,AI005
07134,BTW2025,2025,party_group_cdu_csu,29.3,reported,AI005
07134,BTW2025,2025,party_group_spd,20.0,reported,AI005
07134,BTW2025,2025,party_group_fdp,4.0,reported,AI005
07134,BTW2025,2025,party_group_greens,5.7,reported,AI005
07134,BTW2025,2025,party_group_left,5.3,reported,AI005
07134,BTW2025,2025,party_group_afd,26.0,reported,AI005
07135,BTW2025,2025,party_group_cdu_csu,39.5,reported,AI005
07135,BTW2025,2025,party_group_spd,16.8,reported,AI005
07135,BTW2025,2025,party_group_fdp,4.9,reported,AI005
07135,BTW2025,2025,party_group_greens,6.9,reported,AI005
07135,BTW2025,2025,party_group_left,5.0,reported,AI005
07135,BTW2025,2025,party_group_afd,18.5,reported,AI005
07137,BTW2025,2025,party_group_cdu_csu,33.6,reported,AI005
07137,BTW2025,2025,party_group_spd,18.5,reported,AI005
07137,BTW2025,2025,party_group_fdp,4.6,reported,AI005
07137,BTW2025,2025,party_group_greens,9.0,reported,AI005
07137,BTW2025,2025,party_group_left,5.7,reported,AI005
07137,BTW2025,2025,party_group_afd,19.8,reported,AI005
07138,BTW2025,2025,party_group_cdu_csu,31.9,reported,AI005
07138,BTW2025,2025,party_group_spd,18.4,reported,AI005
07138,BTW2025,2025,party_group_fdp,4.4,reported,AI005
07138,BTW2025,2025,party_group_greens,8.9,reported,AI005
07138,BTW2025,2025,party_group_left,6.1,reported,AI005
07138,BTW2025,2025,party_group_afd,21.2,reported,AI005
07140,BTW2025,2025,party_group_cdu_csu,32.0,reported,AI005
07140,BTW2025,2025,party_group_spd,18.0,reported,AI005
07140,BTW2025,2025,party_group_fdp,5.4,reported,AI005
07140,BTW2025,2025,party_group_greens,8.3,reported,AI005
07140,BTW2025,2025,party_group_left,5.2,reported,AI005
07140,BTW2025,2025,party_group_afd,21.5,reported,AI005
07141,BTW2025,2025,party_group_cdu_csu,29.3,reported,AI005
07141,BTW2025,2025,party_group_spd,20.9,reported,AI005
07141,BTW2025,2025,party_group_fdp,4.3,reported,AI005
07141,BTW2025,2025,party_group_greens,9.0,reported,AI005
07141,BTW2025,2025,party_group_left,6.3,reported,AI005
07141,BTW2025,2025,party_group_afd,20.3,reported,AI005
07143,BTW2025,2025,party_group_cdu_csu,34.0,reported,AI005
07143,BTW2025,2025,party_group_spd,17.5,reported,AI005
07143,BTW2025,2025,party_group_fdp,4.7,reported,AI005
07143,BTW2025,2025,party_group_greens,8.3,reported,AI005
07143,BTW2025,2025,party_group_left,5.9,reported,AI005
07143,BTW2025,2025,party_group_afd,20.9,reported,AI005
07211,BTW2025,2025,party_group_cdu_csu,25.3,reported,AI005
07211,BTW2025,2025,party_group_spd,19.4,reported,AI005
07211,BTW2025,2025,party_group_fdp,4.5,reported,AI005
07211,BTW2025,2025,party_group_greens,16.6,reported,AI005
07211,BTW2025,2025,party_group_left,11.4,reported,AI005
07211,BTW2025,2025,party_group_afd,13.9,reported,AI005
07231,BTW2025,2025,party_group_cdu_csu,35.5,reported,AI005
07231,BTW2025,2025,party_group_spd,18.0,reported,AI005
07231,BTW2025,2025,party_group_fdp,5.2,reported,AI005
07231,BTW2025,2025,party_group_greens,8.1,reported,AI005
07231,BTW2025,2025,party_group_left,5.3,reported,AI005
07231,BTW2025,2025,party_group_afd,18.0,reported,AI005
07232,BTW2025,2025,party_group_cdu_csu,36.0,reported,AI005
07232,BTW2025,2025,party_group_spd,16.7,reported,AI005
07232,BTW2025,2025,party_group_fdp,4.3,reported,AI005
07232,BTW2025,2025,party_group_greens,7.1,reported,AI005
07232,BTW2025,2025,party_group_left,4.7,reported,AI005
07232,BTW2025,2025,party_group_afd,17.0,reported,AI005
07233,BTW2025,2025,party_group_cdu_csu,38.3,reported,AI005
07233,BTW2025,2025,party_group_spd,16.8,reported,AI005
07233,BTW2025,2025,party_group_fdp,4.6,reported,AI005
07233,BTW2025,2025,party_group_greens,7.3,reported,AI005
07233,BTW2025,2025,party_group_left,5.2,reported,AI005
07233,BTW2025,2025,party_group_afd,18.6,reported,AI005
07235,BTW2025,2025,party_group_cdu_csu,34.2,reported,AI005
07235,BTW2025,2025,party_group_spd,20.3,reported,AI005
07235,BTW2025,2025,party_group_fdp,4.8,reported,AI005
07235,BTW2025,2025,party_group_greens,9.4,reported,AI005
07235,BTW2025,2025,party_group_left,5.3,reported,AI005
07235,BTW2025,2025,party_group_afd,16.5,reported,AI005
07311,BTW2025,2025,party_group_cdu_csu,27.9,reported,AI005
07311,BTW2025,2025,party_group_spd,17.9,reported,AI005
07311,BTW2025,2025,party_group_fdp,4.4,reported,AI005
07311,BTW2025,2025,party_group_greens,7.8,reported,AI005
07311,BTW2025,2025,party_group_left,6.0,reported,AI005
07311,BTW2025,2025,party_group_afd,25.9,reported,AI005
07312,BTW2025,2025,party_group_cdu_csu,22.5,reported,AI005
07312,BTW2025,2025,party_group_spd,19.0,reported,AI005
07312,BTW2025,2025,party_group_fdp,4.0,reported,AI005
07312,BTW2025,2025,party_group_greens,11.2,reported,AI005
07312,BTW2025,2025,party_group_left,8.5,reported,AI005
07312,BTW2025,2025,party_group_afd,24.8,reported,AI005
07313,BTW2025,2025,party_group_cdu_csu,25.3,reported,AI005
07313,BTW2025,2025,party_group_spd,18.4,reported,AI005
07313,BTW2025,2025,party_group_fdp,4.0,reported,AI005
07313,BTW2025,2025,party_group_greens,18.2,reported,AI005
07313,BTW2025,2025,party_group_left,11.0,reported,AI005
07313,BTW2025,2025,party_group_afd,14.7,reported,AI005
07314,BTW2025,2025,party_group_cdu_csu,24.1,reported,AI005
07314,BTW2025,2025,party_group_spd,20.1,reported,AI005
07314,BTW2025,2025,party_group_fdp,3.8,reported,AI005
07314,BTW2025,2025,party_group_greens,8.7,reported,AI005
07314,BTW2025,2025,party_group_left,8.7,reported,AI005
07314,BTW2025,2025,party_group_afd,24.3,reported,AI005
07315,BTW2025,2025,party_group_cdu_csu,23.7,reported,AI005
07315,BTW2025,2025,party_group_spd,18.1,reported,AI005
07315,BTW2025,2025,party_group_fdp,5.1,reported,AI005
07315,BTW2025,2025,party_group_greens,24.1,reported,AI005
07315,BTW2025,2025,party_group_left,13.9,reported,AI005
07315,BTW2025,2025,party_group_afd,8.4,reported,AI005
07316,BTW2025,2025,party_group_cdu_csu,28.7,reported,AI005
07316,BTW2025,2025,party_group_spd,17.9,reported,AI005
07316,BTW2025,2025,party_group_fdp,4.8,reported,AI005
07316,BTW2025,2025,party_group_greens,13.6,reported,AI005
07316,BTW2025,2025,party_group_left,5.9,reported,AI005
07316,BTW2025,2025,party_group_afd,19.9,reported,AI005
07317,BTW2025,2025,party_group_cdu_csu,26.7,reported,AI005
07317,BTW2025,2025,party_group_spd,16.2,reported,AI005
07317,BTW2025,2025,party_group_fdp,4.2,reported,AI005
07317,BTW2025,2025,party_group_greens,4.9,reported,AI005
07317,BTW2025,2025,party_group_left,5.4,reported,AI005
07317,BTW2025,2025,party_group_afd,31.9,reported,AI005
07318,BTW2025,2025,party_group_cdu_csu,26.5,reported,AI005
07318,BTW2025,2025,party_group_spd,18.1,reported,AI005
07318,BTW2025,2025,party_group_fdp,4.5,reported,AI005
07318,BTW2025,2025,party_group_greens,13.6,reported,AI005
07318,BTW2025,2025,party_group_left,7.2,reported,AI005
07318,BTW2025,2025,party_group_afd,21.1,reported,AI005
07319,BTW2025,2025,party_group_cdu_csu,26.8,reported,AI005
07319,BTW2025,2025,party_group_spd,18.7,reported,AI005
07319,BTW2025,2025,party_group_fdp,4.2,reported,AI005
07319,BTW2025,2025,party_group_greens,9.1,reported,AI005
07319,BTW2025,2025,party_group_left,7.5,reported,AI005
07319,BTW2025,2025,party_group_afd,25.1,reported,AI005
07320,BTW2025,2025,party_group_cdu_csu,24.1,reported,AI005
07320,BTW2025,2025,party_group_spd,19.9,reported,AI005
07320,BTW2025,2025,party_group_fdp,4.4,reported,AI005
07320,BTW2025,2025,party_group_greens,7.0,reported,AI005
07320,BTW2025,2025,party_group_left,6.4,reported,AI005
07320,BTW2025,2025,party_group_afd,27.8,reported,AI005
07331,BTW2025,2025,party_group_cdu_csu,28.6,reported,AI005
07331,BTW2025,2025,party_group_spd,19.2,reported,AI005
07331,BTW2025,2025,party_group_fdp,4.6,reported,AI005
07331,BTW2025,2025,party_group_greens,9.7,reported,AI005
07331,BTW2025,2025,party_group_left,5.8,reported,AI005
07331,BTW2025,2025,party_group_afd,23.3,reported,AI005
07332,BTW2025,2025,party_group_cdu_csu,31.2,reported,AI005
07332,BTW2025,2025,party_group_spd,18.9,reported,AI005
07332,BTW2025,2025,party_group_fdp,5.1,reported,AI005
07332,BTW2025,2025,party_group_greens,10.7,reported,AI005
07332,BTW2025,2025,party_group_left,5.1,reported,AI005
07332,BTW2025,2025,party_group_afd,20.3,reported,AI005
07333,BTW2025,2025,party_group_cdu_csu,26.0,reported,AI005
07333,BTW2025,2025,party_group_spd,20.5,reported,AI005
07333,BTW2025,2025,party_group_fdp,4.2,reported,AI005
07333,BTW2025,2025,party_group_greens,7.8,reported,AI005
07333,BTW2025,2025,party_group_left,5.5,reported,AI005
07333,BTW2025,2025,party_group_afd,25.7,reported,AI005
07334,BTW2025,2025,party_group_cdu_csu,31.2,reported,AI005
07334,BTW2025,2025,party_group_spd,16.0,reported,AI005
07334,BTW2025,2025,party_group_fdp,4.3,reported,AI005
07334,BTW2025,2025,party_group_greens,8.7,reported,AI005
07334,BTW2025,2025,party_group_left,5.4,reported,AI005
07334,BTW2025,2025,party_group_afd,24.9,reported,AI005
07335,BTW2025,2025,party_group_cdu_csu,28.5,reported,AI005
07335,BTW2025,2025,party_group_spd,18.9,reported,AI005
07335,BTW2025,2025,party_group_fdp,3.7,reported,AI005
07335,BTW2025,2025,party_group_greens,6.7,reported,AI005
07335,BTW2025,2025,party_group_left,4.6,reported,AI005
07335,BTW2025,2025,party_group_afd,27.2,reported,AI005
07336,BTW2025,2025,party_group_cdu_csu,25.0,reported,AI005
07336,BTW2025,2025,party_group_spd,22.7,reported,AI005
07336,BTW2025,2025,party_group_fdp,3.5,reported,AI005
07336,BTW2025,2025,party_group_greens,5.8,reported,AI005
07336,BTW2025,2025,party_group_left,4.9,reported,AI005
07336,BTW2025,2025,party_group_afd,26.9,reported,AI005
07337,BTW2025,2025,party_group_cdu_csu,32.8,reported,AI005
07337,BTW2025,2025,party_group_spd,18.1,reported,AI005
07337,BTW2025,2025,party_group_fdp,4.4,reported,AI005
07337,BTW2025,2025,party_group_greens,10.7,reported,AI005
07337,BTW2025,2025,party_group_left,5.0,reported,AI005
07337,BTW2025,2025,party_group_afd,19.8,reported,AI005
07338,BTW2025,2025,party_group_cdu_csu,31.8,reported,AI005
07338,BTW2025,2025,party_group_spd,18.3,reported,AI005
07338,BTW2025,2025,party_group_fdp,4.9,reported,AI005
07338,BTW2025,2025,party_group_greens,10.1,reported,AI005
07338,BTW2025,2025,party_group_left,5.0,reported,AI005
07338,BTW2025,2025,party_group_afd,21.1,reported,AI005
07339,BTW2025,2025,party_group_cdu_csu,31.0,reported,AI005
07339,BTW2025,2025,party_group_spd,19.2,reported,AI005
07339,BTW2025,2025,party_group_fdp,5.1,reported,AI005
07339,BTW2025,2025,party_group_greens,14.8,reported,AI005
07339,BTW2025,2025,party_group_left,6.6,reported,AI005
07339,BTW2025,2025,party_group_afd,15.3,reported,AI005
07340,BTW2025,2025,party_group_cdu_csu,33.5,reported,AI005
07340,BTW2025,2025,party_group_spd,17.0,reported,AI005
07340,BTW2025,2025,party_group_fdp,4.4,reported,AI005
07340,BTW2025,2025,party_group_greens,5.9,reported,AI005
07340,BTW2025,2025,party_group_left,4.2,reported,AI005
07340,BTW2025,2025,party_group_afd,24.7,reported,AI005
08111,BTW2025,2025,party_group_cdu_csu,26.5,reported,AI005
08111,BTW2025,2025,party_group_spd,15.5,reported,AI005
08111,BTW2025,2025,party_group_fdp,6.6,reported,AI005
08111,BTW2025,2025,party_group_greens,21.7,reported,AI005
08111,BTW2025,2025,party_group_left,10.9,reported,AI005
08111,BTW2025,2025,party_group_afd,11.4,reported,AI005
08115,BTW2025,2025,party_group_cdu_csu,33.4,reported,AI005
08115,BTW2025,2025,party_group_spd,14.3,reported,AI005
08115,BTW2025,2025,party_group_fdp,7.0,reported,AI005
08115,BTW2025,2025,party_group_greens,13.9,reported,AI005
08115,BTW2025,2025,party_group_left,5.9,reported,AI005
08115,BTW2025,2025,party_group_afd,17.5,reported,AI005
08116,BTW2025,2025,party_group_cdu_csu,33.1,reported,AI005
08116,BTW2025,2025,party_group_spd,14.8,reported,AI005
08116,BTW2025,2025,party_group_fdp,6.2,reported,AI005
08116,BTW2025,2025,party_group_greens,14.2,reported,AI005
08116,BTW2025,2025,party_group_left,6.4,reported,AI005
08116,BTW2025,2025,party_group_afd,17.1,reported,AI005
08117,BTW2025,2025,party_group_cdu_csu,33.5,reported,AI005
08117,BTW2025,2025,party_group_spd,14.4,reported,AI005
08117,BTW2025,2025,party_group_fdp,5.5,reported,AI005
08117,BTW2025,2025,party_group_greens,9.4,reported,AI005
08117,BTW2025,2025,party_group_left,5.5,reported,AI005
08117,BTW2025,2025,party_group_afd,23.3,reported,AI005
08118,BTW2025,2025,party_group_cdu_csu,32.5,reported,AI005
08118,BTW2025,2025,party_group_spd,15.0,reported,AI005
08118,BTW2025,2025,party_group_fdp,6.1,reported,AI005
08118,BTW2025,2025,party_group_greens,14.0,reported,AI005
08118,BTW2025,2025,party_group_left,6.4,reported,AI005
08118,BTW2025,2025,party_group_afd,17.9,reported,AI005
08119,BTW2025,2025,party_group_cdu_csu,32.6,reported,AI005
08119,BTW2025,2025,party_group_spd,14.5,reported,AI005
08119,BTW2025,2025,party_group_fdp,6.6,reported,AI005
08119,BTW2025,2025,party_group_greens,12.4,reported,AI005
08119,BTW2025,2025,party_group_left,5.8,reported,AI005
08119,BTW2025,2025,party_group_afd,20.0,reported,AI005
08121,BTW2025,2025,party_group_cdu_csu,26.6,reported,AI005
08121,BTW2025,2025,party_group_spd,15.3,reported,AI005
08121,BTW2025,2025,party_group_fdp,6.5,reported,AI005
08121,BTW2025,2025,party_group_greens,11.0,reported,AI005
08121,BTW2025,2025,party_group_left,8.3,reported,AI005
08121,BTW2025,2025,party_group_afd,23.6,reported,AI005
08125,BTW2025,2025,party_group_cdu_csu,31.3,reported,AI005
08125,BTW2025,2025,party_group_spd,13.8,reported,AI005
08125,BTW2025,2025,party_group_fdp,6.5,reported,AI005
08125,BTW2025,2025,party_group_greens,9.5,reported,AI005
08125,BTW2025,2025,party_group_left,5.1,reported,AI005
08125,BTW2025,2025,party_group_afd,25.0,reported,AI005
08126,BTW2025,2025,party_group_cdu_csu,32.9,reported,AI005
08126,BTW2025,2025,party_group_spd,12.7,reported,AI005
08126,BTW2025,2025,party_group_fdp,5.8,reported,AI005
08126,BTW2025,2025,party_group_greens,8.8,reported,AI005
08126,BTW2025,2025,party_group_left,4.9,reported,AI005
08126,BTW2025,2025,party_group_afd,26.0,reported,AI005
08127,BTW2025,2025,party_group_cdu_csu,31.1,reported,AI005
08127,BTW2025,2025,party_group_spd,13.5,reported,AI005
08127,BTW2025,2025,party_group_fdp,5.7,reported,AI005
08127,BTW2025,2025,party_group_greens,10.3,reported,AI005
08127,BTW2025,2025,party_group_left,5.6,reported,AI005
08127,BTW2025,2025,party_group_afd,24.6,reported,AI005
08128,BTW2025,2025,party_group_cdu_csu,37.6,reported,AI005
08128,BTW2025,2025,party_group_spd,13.1,reported,AI005
08128,BTW2025,2025,party_group_fdp,4.8,reported,AI005
08128,BTW2025,2025,party_group_greens,9.0,reported,AI005
08128,BTW2025,2025,party_group_left,5.1,reported,AI005
08128,BTW2025,2025,party_group_afd,21.6,reported,AI005
08135,BTW2025,2025,party_group_cdu_csu,30.5,reported,AI005
08135,BTW2025,2025,party_group_spd,15.2,reported,AI005
08135,BTW2025,2025,party_group_fdp,4.8,reported,AI005
08135,BTW2025,2025,party_group_greens,9.2,reported,AI005
08135,BTW2025,2025,party_group_left,5.9,reported,AI005
08135,BTW2025,2025,party_group_afd,25.1,reported,AI005
08136,BTW2025,2025,party_group_cdu_csu,36.1,reported,AI005
08136,BTW2025,2025,party_group_spd,13.6,reported,AI005
08136,BTW2025,2025,party_group_fdp,5.0,reported,AI005
08136,BTW2025,2025,party_group_greens,9.9,reported,AI005
08136,BTW2025,2025,party_group_left,5.4,reported,AI005
08136,BTW2025,2025,party_group_afd,22.0,reported,AI005
08211,BTW2025,2025,party_group_cdu_csu,34.5,reported,AI005
08211,BTW2025,2025,party_group_spd,14.3,reported,AI005
08211,BTW2025,2025,party_group_fdp,6.5,reported,AI005
08211,BTW2025,2025,party_group_greens,13.6,reported,AI005
08211,BTW2025,2025,party_group_left,5.5,reported,AI005
08211,BTW2025,2025,party_group_afd,18.5,reported,AI005
08212,BTW2025,2025,party_group_cdu_csu,22.4,reported,AI005
08212,BTW2025,2025,party_group_spd,15.6,reported,AI005
08212,BTW2025,2025,party_group_fdp,5.2,reported,AI005
08212,BTW2025,2025,party_group_greens,24.1,reported,AI005
08212,BTW2025,2025,party_group_left,11.2,reported,AI005
08212,BTW2025,2025,party_group_afd,13.5,reported,AI005
08215,BTW2025,2025,party_group_cdu_csu,33.1,reported,AI005
08215,BTW2025,2025,party_group_spd,14.4,reported,AI005
08215,BTW2025,2025,party_group_fdp,5.4,reported,AI005
08215,BTW2025,2025,party_group_greens,12.4,reported,AI005
08215,BTW2025,2025,party_group_left,5.6,reported,AI005
08215,BTW2025,2025,party_group_afd,20.6,reported,AI005
08216,BTW2025,2025,party_group_cdu_csu,33.1,reported,AI005
08216,BTW2025,2025,party_group_spd,14.5,reported,AI005
08216,BTW2025,2025,party_group_fdp,4.6,reported,AI005
08216,BTW2025,2025,party_group_greens,10.2,reported,AI005
08216,BTW2025,2025,party_group_left,5.3,reported,AI005
08216,BTW2025,2025,party_group_afd,23.5,reported,AI005
08221,BTW2025,2025,party_group_cdu_csu,21.1,reported,AI005
08221,BTW2025,2025,party_group_spd,16.1,reported,AI005
08221,BTW2025,2025,party_group_fdp,5.6,reported,AI005
08221,BTW2025,2025,party_group_greens,28.1,reported,AI005
08221,BTW2025,2025,party_group_left,13.5,reported,AI005
08221,BTW2025,2025,party_group_afd,8.9,reported,AI005
08222,BTW2025,2025,party_group_cdu_csu,23.1,reported,AI005
08222,BTW2025,2025,party_group_spd,18.2,reported,AI005
08222,BTW2025,2025,party_group_fdp,5.1,reported,AI005
08222,BTW2025,2025,party_group_greens,16.0,reported,AI005
08222,BTW2025,2025,party_group_left,11.3,reported,AI005
08222,BTW2025,2025,party_group_afd,17.6,reported,AI005
08225,BTW2025,2025,party_group_cdu_csu,35.2,reported,AI005
08225,BTW2025,2025,party_group_spd,13.4,reported,AI005
08225,BTW2025,2025,party_group_fdp,4.7,reported,AI005
08225,BTW2025,2025,party_group_greens,7.8,reported,AI005
08225,BTW2025,2025,party_group_left,4.7,reported,AI005
08225,BTW2025,2025,party_group_afd,25.5,reported,AI005
08226,BTW2025,2025,party_group_cdu_csu,31.0,reported,AI005
08226,BTW2025,2025,party_group_spd,16.4,reported,AI005
08226,BTW2025,2025,party_group_fdp,5.6,reported,AI005
08226,BTW2025,2025,party_group_greens,13.3,reported,AI005
08226,BTW2025,2025,party_group_left,6.5,reported,AI005
08226,BTW2025,2025,party_group_afd,19.0,reported,AI005
08231,BTW2025,2025,party_group_cdu_csu,26.9,reported,AI005
08231,BTW2025,2025,party_group_spd,12.2,reported,AI005
08231,BTW2025,2025,party_group_fdp,5.7,reported,AI005
08231,BTW2025,2025,party_group_greens,9.5,reported,AI005
08231,BTW2025,2025,party_group_left,7.0,reported,AI005
08231,BTW2025,2025,party_group_afd,29.3,reported,AI005
08235,BTW2025,2025,party_group_cdu_csu,33.3,reported,AI005
08235,BTW2025,2025,party_group_spd,12.2,reported,AI005
08235,BTW2025,2025,party_group_fdp,5.8,reported,AI005
08235,BTW2025,2025,party_group_greens,9.3,reported,AI005
08235,BTW2025,2025,party_group_left,4.9,reported,AI005
08235,BTW2025,2025,party_group_afd,25.5,reported,AI005
08236,BTW2025,2025,party_group_cdu_csu,32.1,reported,AI005
08236,BTW2025,2025,party_group_spd,13.6,reported,AI005
08236,BTW2025,2025,party_group_fdp,6.4,reported,AI005
08236,BTW2025,2025,party_group_greens,11.0,reported,AI005
08236,BTW2025,2025,party_group_left,4.6,reported,AI005
08236,BTW2025,2025,party_group_afd,23.6,reported,AI005
08237,BTW2025,2025,party_group_cdu_csu,34.5,reported,AI005
08237,BTW2025,2025,party_group_spd,12.2,reported,AI005
08237,BTW2025,2025,party_group_fdp,6.1,reported,AI005
08237,BTW2025,2025,party_group_greens,8.2,reported,AI005
08237,BTW2025,2025,party_group_left,4.5,reported,AI005
08237,BTW2025,2025,party_group_afd,25.7,reported,AI005
08311,BTW2025,2025,party_group_cdu_csu,17.9,reported,AI005
08311,BTW2025,2025,party_group_spd,15.2,reported,AI005
08311,BTW2025,2025,party_group_fdp,3.9,reported,AI005
08311,BTW2025,2025,party_group_greens,30.2,reported,AI005
08311,BTW2025,2025,party_group_left,16.9,reported,AI005
08311,BTW2025,2025,party_group_afd,8.8,reported,AI005
08315,BTW2025,2025,party_group_cdu_csu,32.0,reported,AI005
08315,BTW2025,2025,party_group_spd,15.4,reported,AI005
08315,BTW2025,2025,party_group_fdp,5.0,reported,AI005
08315,BTW2025,2025,party_group_greens,17.3,reported,AI005
08315,BTW2025,2025,party_group_left,6.5,reported,AI005
08315,BTW2025,2025,party_group_afd,15.1,reported,AI005
08316,BTW2025,2025,party_group_cdu_csu,32.1,reported,AI005
08316,BTW2025,2025,party_group_spd,16.7,reported,AI005
08316,BTW2025,2025,party_group_fdp,4.4,reported,AI005
08316,BTW2025,2025,party_group_greens,15.3,reported,AI005
08316,BTW2025,2025,party_group_left,6.2,reported,AI005
08316,BTW2025,2025,party_group_afd,16.5,reported,AI005
08317,BTW2025,2025,party_group_cdu_csu,33.4,reported,AI005
08317,BTW2025,2025,party_group_spd,13.6,reported,AI005
08317,BTW2025,2025,party_group_fdp,5.2,reported,AI005
08317,BTW2025,2025,party_group_greens,10.8,reported,AI005
08317,BTW2025,2025,party_group_left,5.6,reported,AI005
08317,BTW2025,2025,party_group_afd,22.1,reported,AI005
08325,BTW2025,2025,party_group_cdu_csu,34.1,reported,AI005
08325,BTW2025,2025,party_group_spd,11.5,reported,AI005
08325,BTW2025,2025,party_group_fdp,6.2,reported,AI005
08325,BTW2025,2025,party_group_greens,8.0,reported,AI005
08325,BTW2025,2025,party_group_left,4.3,reported,AI005
08325,BTW2025,2025,party_group_afd,26.2,reported,AI005
08326,BTW2025,2025,party_group_cdu_csu,33.6,reported,AI005
08326,BTW2025,2025,party_group_spd,12.7,reported,AI005
08326,BTW2025,2025,party_group_fdp,5.3,reported,AI005
08326,BTW2025,2025,party_group_greens,9.9,reported,AI005
08326,BTW2025,2025,party_group_left,5.1,reported,AI005
08326,BTW2025,2025,party_group_afd,24.4,reported,AI005
08327,BTW2025,2025,party_group_cdu_csu,34.6,reported,AI005
08327,BTW2025,2025,party_group_spd,10.0,reported,AI005
08327,BTW2025,2025,party_group_fdp,5.9,reported,AI005
08327,BTW2025,2025,party_group_greens,7.6,reported,AI005
08327,BTW2025,2025,party_group_left,5.2,reported,AI005
08327,BTW2025,2025,party_group_afd,28.0,reported,AI005
08335,BTW2025,2025,party_group_cdu_csu,30.1,reported,AI005
08335,BTW2025,2025,party_group_spd,13.3,reported,AI005
08335,BTW2025,2025,party_group_fdp,5.8,reported,AI005
08335,BTW2025,2025,party_group_greens,16.8,reported,AI005
08335,BTW2025,2025,party_group_left,7.4,reported,AI005
08335,BTW2025,2025,party_group_afd,18.3,reported,AI005
08336,BTW2025,2025,party_group_cdu_csu,28.6,reported,AI005
08336,BTW2025,2025,party_group_spd,16.2,reported,AI005
08336,BTW2025,2025,party_group_fdp,4.9,reported,AI005
08336,BTW2025,2025,party_group_greens,14.7,reported,AI005
08336,BTW2025,2025,party_group_left,6.9,reported,AI005
08336,BTW2025,2025,party_group_afd,18.8,reported,AI005
08337,BTW2025,2025,party_group_cdu_csu,33.9,reported,AI005
08337,BTW2025,2025,party_group_spd,14.0,reported,AI005
08337,BTW2025,2025,party_group_fdp,5.1,reported,AI005
08337,BTW2025,2025,party_group_greens,11.6,reported,AI005
08337,BTW2025,2025,party_group_left,5.3,reported,AI005
08337,BTW2025,2025,party_group_afd,21.5,reported,AI005
08415,BTW2025,2025,party_group_cdu_csu,32.6,reported,AI005
08415,BTW2025,2025,party_group_spd,13.1,reported,AI005
08415,BTW2025,2025,party_group_fdp,6.4,reported,AI005
08415,BTW2025,2025,party_group_greens,12.2,reported,AI005
08415,BTW2025,2025,party_group_left,6.1,reported,AI005
08415,BTW2025,2025,party_group_afd,21.0,reported,AI005
08416,BTW2025,2025,party_group_cdu_csu,27.6,reported,AI005
08416,BTW2025,2025,party_group_spd,14.4,reported,AI005
08416,BTW2025,2025,party_group_fdp,4.9,reported,AI005
08416,BTW2025,2025,party_group_greens,21.5,reported,AI005
08416,BTW2025,2025,party_group_left,10.6,reported,AI005
08416,BTW2025,2025,party_group_afd,13.7,reported,AI005
08417,BTW2025,2025,party_group_cdu_csu,34.8,reported,AI005
08417,BTW2025,2025,party_group_spd,11.4,reported,AI005
08417,BTW2025,2025,party_group_fdp,5.6,reported,AI005
08417,BTW2025,2025,party_group_greens,7.6,reported,AI005
08417,BTW2025,2025,party_group_left,4.9,reported,AI005
08417,BTW2025,2025,party_group_afd,27.1,reported,AI005
08421,BTW2025,2025,party_group_cdu_csu,27.0,reported,AI005
08421,BTW2025,2025,party_group_spd,16.5,reported,AI005
08421,BTW2025,2025,party_group_fdp,5.2,reported,AI005
08421,BTW2025,2025,party_group_greens,20.0,reported,AI005
08421,BTW2025,2025,party_group_left,9.5,reported,AI005
08421,BTW2025,2025,party_group_afd,14.0,reported,AI005
08425,BTW2025,2025,party_group_cdu_csu,37.9,reported,AI005
08425,BTW2025,2025,party_group_spd,11.7,reported,AI005
08425,BTW2025,2025,party_group_fdp,5.1,reported,AI005
08425,BTW2025,2025,party_group_greens,9.9,reported,AI005
08425,BTW2025,2025,party_group_left,4.7,reported,AI005
08425,BTW2025,2025,party_group_afd,22.3,reported,AI005
08426,BTW2025,2025,party_group_cdu_csu,38.1,reported,AI005
08426,BTW2025,2025,party_group_spd,10.4,reported,AI005
08426,BTW2025,2025,party_group_fdp,5.1,reported,AI005
08426,BTW2025,2025,party_group_greens,9.8,reported,AI005
08426,BTW2025,2025,party_group_left,4.4,reported,AI005
08426,BTW2025,2025,party_group_afd,23.5,reported,AI005
08435,BTW2025,2025,party_group_cdu_csu,35.1,reported,AI005
08435,BTW2025,2025,party_group_spd,13.3,reported,AI005
08435,BTW2025,2025,party_group_fdp,5.8,reported,AI005
08435,BTW2025,2025,party_group_greens,14.0,reported,AI005
08435,BTW2025,2025,party_group_left,5.5,reported,AI005
08435,BTW2025,2025,party_group_afd,18.3,reported,AI005
08436,BTW2025,2025,party_group_cdu_csu,35.5,reported,AI005
08436,BTW2025,2025,party_group_spd,11.6,reported,AI005
08436,BTW2025,2025,party_group_fdp,5.4,reported,AI005
08436,BTW2025,2025,party_group_greens,12.9,reported,AI005
08436,BTW2025,2025,party_group_left,6.3,reported,AI005
08436,BTW2025,2025,party_group_afd,19.3,reported,AI005
08437,BTW2025,2025,party_group_cdu_csu,37.3,reported,AI005
08437,BTW2025,2025,party_group_spd,10.6,reported,AI005
08437,BTW2025,2025,party_group_fdp,5.1,reported,AI005
08437,BTW2025,2025,party_group_greens,8.0,reported,AI005
08437,BTW2025,2025,party_group_left,5.1,reported,AI005
08437,BTW2025,2025,party_group_afd,25.5,reported,AI005
09161,BTW2025,2025,party_group_cdu_csu,36.7,reported,AI005
09161,BTW2025,2025,party_group_spd,12.1,reported,AI005
09161,BTW2025,2025,party_group_fdp,4.2,reported,AI005
09161,BTW2025,2025,party_group_greens,11.6,reported,AI005
09161,BTW2025,2025,party_group_left,5.9,reported,AI005
09161,BTW2025,2025,party_group_afd,20.2,reported,AI005
09162,BTW2025,2025,party_group_cdu_csu,29.4,reported,AI005
09162,BTW2025,2025,party_group_spd,15.3,reported,AI005
09162,BTW2025,2025,party_group_fdp,6.1,reported,AI005
09162,BTW2025,2025,party_group_greens,23.5,reported,AI005
09162,BTW2025,2025,party_group_left,8.9,reported,AI005
09162,BTW2025,2025,party_group_afd,9.3,reported,AI005
09163,BTW2025,2025,party_group_cdu_csu,32.3,reported,AI005
09163,BTW2025,2025,party_group_spd,12.0,reported,AI005
09163,BTW2025,2025,party_group_fdp,4.8,reported,AI005
09163,BTW2025,2025,party_group_greens,15.6,reported,AI005
09163,BTW2025,2025,party_group_left,7.7,reported,AI005
09163,BTW2025,2025,party_group_afd,17.8,reported,AI005
09171,BTW2025,2025,party_group_cdu_csu,39.2,reported,AI005
09171,BTW2025,2025,party_group_spd,9.0,reported,AI005
09171,BTW2025,2025,party_group_fdp,3.1,reported,AI005
09171,BTW2025,2025,party_group_greens,8.0,reported,AI005
09171,BTW2025,2025,party_group_left,4.7,reported,AI005
09171,BTW2025,2025,party_group_afd,24.0,reported,AI005
09172,BTW2025,2025,party_group_cdu_csu,38.4,reported,AI005
09172,BTW2025,2025,party_group_spd,9.4,reported,AI005
09172,BTW2025,2025,party_group_fdp,3.4,reported,AI005
09172,BTW2025,2025,party_group_greens,9.3,reported,AI005
09172,BTW2025,2025,party_group_left,4.5,reported,AI005
09172,BTW2025,2025,party_group_afd,21.2,reported,AI005
09173,BTW2025,2025,party_group_cdu_csu,41.2,reported,AI005
09173,BTW2025,2025,party_group_spd,9.3,reported,AI005
09173,BTW2025,2025,party_group_fdp,4.9,reported,AI005
09173,BTW2025,2025,party_group_greens,12.6,reported,AI005
09173,BTW2025,2025,party_group_left,4.4,reported,AI005
09173,BTW2025,2025,party_group_afd,17.4,reported,AI005
09174,BTW2025,2025,party_group_cdu_csu,40.8,reported,AI005
09174,BTW2025,2025,party_group_spd,10.6,reported,AI005
09174,BTW2025,2025,party_group_fdp,4.7,reported,AI005
09174,BTW2025,2025,party_group_greens,12.3,reported,AI005
09174,BTW2025,2025,party_group_left,5.1,reported,AI005
09174,BTW2025,2025,party_group_afd,16.4,reported,AI005
09175,BTW2025,2025,party_group_cdu_csu,39.3,reported,AI005
09175,BTW2025,2025,party_group_spd,11.2,reported,AI005
09175,BTW2025,2025,party_group_fdp,5.5,reported,AI005
09175,BTW2025,2025,party_group_greens,15.6,reported,AI005
09175,BTW2025,2025,party_group_left,5.3,reported,AI005
09175,BTW2025,2025,party_group_afd,14.2,reported,AI005
09176,BTW2025,2025,party_group_cdu_csu,42.8,reported,AI005
09176,BTW2025,2025,party_group_spd,9.5,reported,AI005
09176,BTW2025,2025,party_group_fdp,3.5,reported,AI005
09176,BTW2025,2025,party_group_greens,8.2,reported,AI005
09176,BTW2025,2025,party_group_left,4.1,reported,AI005
09176,BTW2025,2025,party_group_afd,20.9,reported,AI005
09177,BTW2025,2025,party_group_cdu_csu,40.8,reported,AI005
09177,BTW2025,2025,party_group_spd,9.0,reported,AI005
09177,BTW2025,2025,party_group_fdp,4.5,reported,AI005
09177,BTW2025,2025,party_group_greens,10.4,reported,AI005
09177,BTW2025,2025,party_group_left,4.8,reported,AI005
09177,BTW2025,2025,party_group_afd,18.8,reported,AI005
09178,BTW2025,2025,party_group_cdu_csu,36.6,reported,AI005
09178,BTW2025,2025,party_group_spd,10.7,reported,AI005
09178,BTW2025,2025,party_group_fdp,4.7,reported,AI005
09178,BTW2025,2025,party_group_greens,14.3,reported,AI005
09178,BTW2025,2025,party_group_left,6.2,reported,AI005
09178,BTW2025,2025,party_group_afd,16.2,reported,AI005
09179,BTW2025,2025,party_group_cdu_csu,38.6,reported,AI005
09179,BTW2025,2025,party_group_spd,12.8,reported,AI005
09179,BTW2025,2025,party_group_fdp,5.3,reported,AI005
09179,BTW2025,2025,party_group_greens,15.4,reported,AI005
09179,BTW2025,2025,party_group_left,5.6,reported,AI005
09179,BTW2025,2025,party_group_afd,13.5,reported,AI005
09180,BTW2025,2025,party_group_cdu_csu,44.4,reported,AI005
09180,BTW2025,2025,party_group_spd,8.4,reported,AI005
09180,BTW2025,2025,party_group_fdp,5.0,reported,AI005
09180,BTW2025,2025,party_group_greens,11.3,reported,AI005
09180,BTW2025,2025,party_group_left,4.3,reported,AI005
09180,BTW2025,2025,party_group_afd,17.1,reported,AI005
09181,BTW2025,2025,party_group_cdu_csu,37.9,reported,AI005
09181,BTW2025,2025,party_group_spd,10.6,reported,AI005
09181,BTW2025,2025,party_group_fdp,4.6,reported,AI005
09181,BTW2025,2025,party_group_greens,15.3,reported,AI005
09181,BTW2025,2025,party_group_left,5.5,reported,AI005
09181,BTW2025,2025,party_group_afd,16.1,reported,AI005
09182,BTW2025,2025,party_group_cdu_csu,42.8,reported,AI005
09182,BTW2025,2025,party_group_spd,8.8,reported,AI005
09182,BTW2025,2025,party_group_fdp,5.8,reported,AI005
09182,BTW2025,2025,party_group_greens,12.2,reported,AI005
09182,BTW2025,2025,party_group_left,3.6,reported,AI005
09182,BTW2025,2025,party_group_afd,16.9,reported,AI005
09183,BTW2025,2025,party_group_cdu_csu,40.1,reported,AI005
09183,BTW2025,2025,party_group_spd,7.8,reported,AI005
09183,BTW2025,2025,party_group_fdp,4.0,reported,AI005
09183,BTW2025,2025,party_group_greens,7.6,reported,AI005
09183,BTW2025,2025,party_group_left,4.4,reported,AI005
09183,BTW2025,2025,party_group_afd,24.3,reported,AI005
09184,BTW2025,2025,party_group_cdu_csu,39.0,reported,AI005
09184,BTW2025,2025,party_group_spd,13.0,reported,AI005
09184,BTW2025,2025,party_group_fdp,6.3,reported,AI005
09184,BTW2025,2025,party_group_greens,17.2,reported,AI005
09184,BTW2025,2025,party_group_left,5.0,reported,AI005
09184,BTW2025,2025,party_group_afd,11.7,reported,AI005
09185,BTW2025,2025,party_group_cdu_csu,41.2,reported,AI005
09185,BTW2025,2025,party_group_spd,8.2,reported,AI005
09185,BTW2025,2025,party_group_fdp,3.6,reported,AI005
09185,BTW2025,2025,party_group_greens,7.6,reported,AI005
09185,BTW2025,2025,party_group_left,4.0,reported,AI005
09185,BTW2025,2025,party_group_afd,23.7,reported,AI005
09186,BTW2025,2025,party_group_cdu_csu,40.0,reported,AI005
09186,BTW2025,2025,party_group_spd,9.3,reported,AI005
09186,BTW2025,2025,party_group_fdp,4.1,reported,AI005
09186,BTW2025,2025,party_group_greens,9.1,reported,AI005
09186,BTW2025,2025,party_group_left,4.2,reported,AI005
09186,BTW2025,2025,party_group_afd,22.1,reported,AI005
09187,BTW2025,2025,party_group_cdu_csu,38.6,reported,AI005
09187,BTW2025,2025,party_group_spd,9.1,reported,AI005
09187,BTW2025,2025,party_group_fdp,4.6,reported,AI005
09187,BTW2025,2025,party_group_greens,11.8,reported,AI005
09187,BTW2025,2025,party_group_left,4.5,reported,AI005
09187,BTW2025,2025,party_group_afd,19.9,reported,AI005
09188,BTW2025,2025,party_group_cdu_csu,39.7,reported,AI005
09188,BTW2025,2025,party_group_spd,11.6,reported,AI005
09188,BTW2025,2025,party_group_fdp,7.2,reported,AI005
09188,BTW2025,2025,party_group_greens,18.4,reported,AI005
09188,BTW2025,2025,party_group_left,4.7,reported,AI005
09188,BTW2025,2025,party_group_afd,11.3,reported,AI005
09189,BTW2025,2025,party_group_cdu_csu,39.1,reported,AI005
09189,BTW2025,2025,party_group_spd,10.1,reported,AI005
09189,BTW2025,2025,party_group_fdp,3.5,reported,AI005
09189,BTW2025,2025,party_group_greens,10.8,reported,AI005
09189,BTW2025,2025,party_group_left,4.3,reported,AI005
09189,BTW2025,2025,party_group_afd,19.5,reported,AI005
09190,BTW2025,2025,party_group_cdu_csu,40.0,reported,AI005
09190,BTW2025,2025,party_group_spd,10.5,reported,AI005
09190,BTW2025,2025,party_group_fdp,4.6,reported,AI005
09190,BTW2025,2025,party_group_greens,12.3,reported,AI005
09190,BTW2025,2025,party_group_left,5.1,reported,AI005
09190,BTW2025,2025,party_group_afd,16.8,reported,AI005
09261,BTW2025,2025,party_group_cdu_csu,33.4,reported,AI005
09261,BTW2025,2025,party_group_spd,12.2,reported,AI005
09261,BTW2025,2025,party_group_fdp,4.8,reported,AI005
09261,BTW2025,2025,party_group_greens,13.7,reported,AI005
09261,BTW2025,2025,party_group_left,7.2,reported,AI005
09261,BTW2025,2025,party_group_afd,17.5,reported,AI005
09262,BTW2025,2025,party_group_cdu_csu,34.8,reported,AI005
09262,BTW2025,2025,party_group_spd,12.8,reported,AI005
09262,BTW2025,2025,party_group_fdp,4.2,reported,AI005
09262,BTW2025,2025,party_group_greens,13.3,reported,AI005
09262,BTW2025,2025,party_group_left,7.8,reported,AI005
09262,BTW2025,2025,party_group_afd,18.0,reported,AI005
09263,BTW2025,2025,party_group_cdu_csu,37.2,reported,AI005
09263,BTW2025,2025,party_group_spd,10.5,reported,AI005
09263,BTW2025,2025,party_group_fdp,3.5,reported,AI005
09263,BTW2025,2025,party_group_greens,7.7,reported,AI005
09263,BTW2025,2025,party_group_left,5.6,reported,AI005
09263,BTW2025,2025,party_group_afd,25.0,reported,AI005
09271,BTW2025,2025,party_group_cdu_csu,38.4,reported,AI005
09271,BTW2025,2025,party_group_spd,8.1,reported,AI005
09271,BTW2025,2025,party_group_fdp,3.1,reported,AI005
09271,BTW2025,2025,party_group_greens,5.8,reported,AI005
09271,BTW2025,2025,party_group_left,3.4,reported,AI005
09271,BTW2025,2025,party_group_afd,28.3,reported,AI005
09272,BTW2025,2025,party_group_cdu_csu,38.6,reported,AI005
09272,BTW2025,2025,party_group_spd,7.9,reported,AI005
09272,BTW2025,2025,party_group_fdp,3.2,reported,AI005
09272,BTW2025,2025,party_group_greens,4.2,reported,AI005
09272,BTW2025,2025,party_group_left,2.7,reported,AI005
09272,BTW2025,2025,party_group_afd,30.3,reported,AI005
09273,BTW2025,2025,party_group_cdu_csu,38.0,reported,AI005
09273,BTW2025,2025,party_group_spd,9.2,reported,AI005
09273,BTW2025,2025,party_group_fdp,3.4,reported,AI005
09273,BTW2025,2025,party_group_greens,7.3,reported,AI005
09273,BTW2025,2025,party_group_left,4.0,reported,AI005
09273,BTW2025,2025,party_group_afd,24.1,reported,AI005
09274,BTW2025,2025,party_group_cdu_csu,36.0,reported,AI005
09274,BTW2025,2025,party_group_spd,8.4,reported,AI005
09274,BTW2025,2025,party_group_fdp,3.5,reported,AI005
09274,BTW2025,2025,party_group_greens,7.6,reported,AI005
09274,BTW2025,2025,party_group_left,4.0,reported,AI005
09274,BTW2025,2025,party_group_afd,23.1,reported,AI005
09275,BTW2025,2025,party_group_cdu_csu,39.4,reported,AI005
09275,BTW2025,2025,party_group_spd,8.9,reported,AI005
09275,BTW2025,2025,party_group_fdp,3.0,reported,AI005
09275,BTW2025,2025,party_group_greens,5.2,reported,AI005
09275,BTW2025,2025,party_group_left,3.0,reported,AI005
09275,BTW2025,2025,party_group_afd,27.7,reported,AI005
09276,BTW2025,2025,party_group_cdu_csu,37.9,reported,AI005
09276,BTW2025,2025,party_group_spd,7.3,reported,AI005
09276,BTW2025,2025,party_group_fdp,2.7,reported,AI005
09276,BTW2025,2025,party_group_greens,4.2,reported,AI005
09276,BTW2025,2025,party_group_left,3.0,reported,AI005
09276,BTW2025,2025,party_group_afd,31.3,reported,AI005
09277,BTW2025,2025,party_group_cdu_csu,39.7,reported,AI005
09277,BTW2025,2025,party_group_spd,7.4,reported,AI005
09277,BTW2025,2025,party_group_fdp,3.0,reported,AI005
09277,BTW2025,2025,party_group_greens,5.8,reported,AI005
09277,BTW2025,2025,party_group_left,3.6,reported,AI005
09277,BTW2025,2025,party_group_afd,24.2,reported,AI005
09278,BTW2025,2025,party_group_cdu_csu,41.1,reported,AI005
09278,BTW2025,2025,party_group_spd,7.6,reported,AI005
09278,BTW2025,2025,party_group_fdp,3.1,reported,AI005
09278,BTW2025,2025,party_group_greens,5.2,reported,AI005
09278,BTW2025,2025,party_group_left,3.1,reported,AI005
09278,BTW2025,2025,party_group_afd,26.1,reported,AI005
09279,BTW2025,2025,party_group_cdu_csu,37.1,reported,AI005
09279,BTW2025,2025,party_group_spd,8.1,reported,AI005
09279,BTW2025,2025,party_group_fdp,3.0,reported,AI005
09279,BTW2025,2025,party_group_greens,5.1,reported,AI005
09279,BTW2025,2025,party_group_left,3.4,reported,AI005
09279,BTW2025,2025,party_group_afd,28.8,reported,AI005
09361,BTW2025,2025,party_group_cdu_csu,34.8,reported,AI005
09361,BTW2025,2025,party_group_spd,12.4,reported,AI005
09361,BTW2025,2025,party_group_fdp,3.5,reported,AI005
09361,BTW2025,2025,party_group_greens,8.9,reported,AI005
09361,BTW2025,2025,party_group_left,6.0,reported,AI005
09361,BTW2025,2025,party_group_afd,24.4,reported,AI005
09362,BTW2025,2025,party_group_cdu_csu,29.4,reported,AI005
09362,BTW2025,2025,party_group_spd,13.2,reported,AI005
09362,BTW2025,2025,party_group_fdp,4.0,reported,AI005
09362,BTW2025,2025,party_group_greens,19.4,reported,AI005
09362,BTW2025,2025,party_group_left,10.9,reported,AI005
09362,BTW2025,2025,party_group_afd,14.4,reported,AI005
09363,BTW2025,2025,party_group_cdu_csu,36.2,reported,AI005
09363,BTW2025,2025,party_group_spd,13.1,reported,AI005
09363,BTW2025,2025,party_group_fdp,3.9,reported,AI005
09363,BTW2025,2025,party_group_greens,7.5,reported,AI005
09363,BTW2025,2025,party_group_left,6.0,reported,AI005
09363,BTW2025,2025,party_group_afd,24.6,reported,AI005
09371,BTW2025,2025,party_group_cdu_csu,38.6,reported,AI005
09371,BTW2025,2025,party_group_spd,12.2,reported,AI005
09371,BTW2025,2025,party_group_fdp,3.0,reported,AI005
09371,BTW2025,2025,party_group_greens,6.8,reported,AI005
09371,BTW2025,2025,party_group_left,4.1,reported,AI005
09371,BTW2025,2025,party_group_afd,22.7,reported,AI005
09372,BTW2025,2025,party_group_cdu_csu,39.6,reported,AI005
09372,BTW2025,2025,party_group_spd,7.9,reported,AI005
09372,BTW2025,2025,party_group_fdp,2.7,reported,AI005
09372,BTW2025,2025,party_group_greens,4.6,reported,AI005
09372,BTW2025,2025,party_group_left,2.8,reported,AI005
09372,BTW2025,2025,party_group_afd,29.1,reported,AI005
09373,BTW2025,2025,party_group_cdu_csu,42.7,reported,AI005
09373,BTW2025,2025,party_group_spd,9.0,reported,AI005
09373,BTW2025,2025,party_group_fdp,3.4,reported,AI005
09373,BTW2025,2025,party_group_greens,8.0,reported,AI005
09373,BTW2025,2025,party_group_left,4.2,reported,AI005
09373,BTW2025,2025,party_group_afd,20.9,reported,AI005
09374,BTW2025,2025,party_group_cdu_csu,41.0,reported,AI005
09374,BTW2025,2025,party_group_spd,11.9,reported,AI005
09374,BTW2025,2025,party_group_fdp,3.0,reported,AI005
09374,BTW2025,2025,party_group_greens,5.5,reported,AI005
09374,BTW2025,2025,party_group_left,3.4,reported,AI005
09374,BTW2025,2025,party_group_afd,24.7,reported,AI005
09375,BTW2025,2025,party_group_cdu_csu,40.1,reported,AI005
09375,BTW2025,2025,party_group_spd,9.6,reported,AI005
09375,BTW2025,2025,party_group_fdp,3.1,reported,AI005
09375,BTW2025,2025,party_group_greens,8.9,reported,AI005
09375,BTW2025,2025,party_group_left,4.1,reported,AI005
09375,BTW2025,2025,party_group_afd,22.0,reported,AI005
09376,BTW2025,2025,party_group_cdu_csu,38.9,reported,AI005
09376,BTW2025,2025,party_group_spd,10.5,reported,AI005
09376,BTW2025,2025,party_group_fdp,2.6,reported,AI005
09376,BTW2025,2025,party_group_greens,5.2,reported,AI005
09376,BTW2025,2025,party_group_left,3.7,reported,AI005
09376,BTW2025,2025,party_group_afd,27.4,reported,AI005
09377,BTW2025,2025,party_group_cdu_csu,41.8,reported,AI005
09377,BTW2025,2025,party_group_spd,10.7,reported,AI005
09377,BTW2025,2025,party_group_fdp,2.7,reported,AI005
09377,BTW2025,2025,party_group_greens,5.3,reported,AI005
09377,BTW2025,2025,party_group_left,3.6,reported,AI005
09377,BTW2025,2025,party_group_afd,23.6,reported,AI005
09461,BTW2025,2025,party_group_cdu_csu,29.3,reported,AI005
09461,BTW2025,2025,party_group_spd,13.4,reported,AI005
09461,BTW2025,2025,party_group_fdp,4.4,reported,AI005
09461,BTW2025,2025,party_group_greens,19.1,reported,AI005
09461,BTW2025,2025,party_group_left,11.0,reported,AI005
09461,BTW2025,2025,party_group_afd,14.8,reported,AI005
09462,BTW2025,2025,party_group_cdu_csu,31.7,reported,AI005
09462,BTW2025,2025,party_group_spd,14.1,reported,AI005
09462,BTW2025,2025,party_group_fdp,4.8,reported,AI005
09462,BTW2025,2025,party_group_greens,14.9,reported,AI005
09462,BTW2025,2025,party_group_left,9.0,reported,AI005
09462,BTW2025,2025,party_group_afd,16.9,reported,AI005
09463,BTW2025,2025,party_group_cdu_csu,31.1,reported,AI005
09463,BTW2025,2025,party_group_spd,15.8,reported,AI005
09463,BTW2025,2025,party_group_fdp,4.3,reported,AI005
09463,BTW2025,2025,party_group_greens,12.6,reported,AI005
09463,BTW2025,2025,party_group_left,8.9,reported,AI005
09463,BTW2025,2025,party_group_afd,17.9,reported,AI005
09464,BTW2025,2025,party_group_cdu_csu,35.4,reported,AI005
09464,BTW2025,2025,party_group_spd,13.6,reported,AI005
09464,BTW2025,2025,party_group_fdp,3.7,reported,AI005
09464,BTW2025,2025,party_group_greens,7.5,reported,AI005
09464,BTW2025,2025,party_group_left,7.7,reported,AI005
09464,BTW2025,2025,party_group_afd,23.1,reported,AI005
09471,BTW2025,2025,party_group_cdu_csu,40.5,reported,AI005
09471,BTW2025,2025,party_group_spd,9.3,reported,AI005
09471,BTW2025,2025,party_group_fdp,3.5,reported,AI005
09471,BTW2025,2025,party_group_greens,7.6,reported,AI005
09471,BTW2025,2025,party_group_left,4.3,reported,AI005
09471,BTW2025,2025,party_group_afd,24.8,reported,AI005
09472,BTW2025,2025,party_group_cdu_csu,42.1,reported,AI005
09472,BTW2025,2025,party_group_spd,11.8,reported,AI005
09472,BTW2025,2025,party_group_fdp,3.2,reported,AI005
09472,BTW2025,2025,party_group_greens,7.0,reported,AI005
09472,BTW2025,2025,party_group_left,4.0,reported,AI005
09472,BTW2025,2025,party_group_afd,21.2,reported,AI005
09473,BTW2025,2025,party_group_cdu_csu,36.4,reported,AI005
09473,BTW2025,2025,party_group_spd,14.6,reported,AI005
09473,BTW2025,2025,party_group_fdp,3.2,reported,AI005
09473,BTW2025,2025,party_group_greens,7.3,reported,AI005
09473,BTW2025,2025,party_group_left,5.1,reported,AI005
09473,BTW2025,2025,party_group_afd,22.9,reported,AI005
09474,BTW2025,2025,party_group_cdu_csu,40.3,reported,AI005
09474,BTW2025,2025,party_group_spd,11.1,reported,AI005
09474,BTW2025,2025,party_group_fdp,3.7,reported,AI005
09474,BTW2025,2025,party_group_greens,11.0,reported,AI005
09474,BTW2025,2025,party_group_left,4.7,reported,AI005
09474,BTW2025,2025,party_group_afd,19.0,reported,AI005
09475,BTW2025,2025,party_group_cdu_csu,39.8,reported,AI005
09475,BTW2025,2025,party_group_spd,13.2,reported,AI005
09475,BTW2025,2025,party_group_fdp,3.0,reported,AI005
09475,BTW2025,2025,party_group_greens,5.8,reported,AI005
09475,BTW2025,2025,party_group_left,4.6,reported,AI005
09475,BTW2025,2025,party_group_afd,23.6,reported,AI005
09476,BTW2025,2025,party_group_cdu_csu,41.5,reported,AI005
09476,BTW2025,2025,party_group_spd,13.1,reported,AI005
09476,BTW2025,2025,party_group_fdp,2.7,reported,AI005
09476,BTW2025,2025,party_group_greens,5.0,reported,AI005
09476,BTW2025,2025,party_group_left,4.0,reported,AI005
09476,BTW2025,2025,party_group_afd,23.8,reported,AI005
09477,BTW2025,2025,party_group_cdu_csu,38.7,reported,AI005
09477,BTW2025,2025,party_group_spd,12.9,reported,AI005
09477,BTW2025,2025,party_group_fdp,3.1,reported,AI005
09477,BTW2025,2025,party_group_greens,7.7,reported,AI005
09477,BTW2025,2025,party_group_left,4.7,reported,AI005
09477,BTW2025,2025,party_group_afd,21.9,reported,AI005
09478,BTW2025,2025,party_group_cdu_csu,41.1,reported,AI005
09478,BTW2025,2025,party_group_spd,10.3,reported,AI005
09478,BTW2025,2025,party_group_fdp,3.1,reported,AI005
09478,BTW2025,2025,party_group_greens,6.5,reported,AI005
09478,BTW2025,2025,party_group_left,4.4,reported,AI005
09478,BTW2025,2025,party_group_afd,23.6,reported,AI005
09479,BTW2025,2025,party_group_cdu_csu,36.9,reported,AI005
09479,BTW2025,2025,party_group_spd,14.0,reported,AI005
09479,BTW2025,2025,party_group_fdp,2.9,reported,AI005
09479,BTW2025,2025,party_group_greens,5.5,reported,AI005
09479,BTW2025,2025,party_group_left,5.0,reported,AI005
09479,BTW2025,2025,party_group_afd,25.7,reported,AI005
09561,BTW2025,2025,party_group_cdu_csu,30.7,reported,AI005
09561,BTW2025,2025,party_group_spd,14.4,reported,AI005
09561,BTW2025,2025,party_group_fdp,3.2,reported,AI005
09561,BTW2025,2025,party_group_greens,11.2,reported,AI005
09561,BTW2025,2025,party_group_left,7.0,reported,AI005
09561,BTW2025,2025,party_group_afd,23.1,reported,AI005
09562,BTW2025,2025,party_group_cdu_csu,27.6,reported,AI005
09562,BTW2025,2025,party_group_spd,15.4,reported,AI005
09562,BTW2025,2025,party_group_fdp,4.4,reported,AI005
09562,BTW2025,2025,party_group_greens,23.6,reported,AI005
09562,BTW2025,2025,party_group_left,10.0,reported,AI005
09562,BTW2025,2025,party_group_afd,11.2,reported,AI005
09563,BTW2025,2025,party_group_cdu_csu,27.8,reported,AI005
09563,BTW2025,2025,party_group_spd,16.5,reported,AI005
09563,BTW2025,2025,party_group_fdp,4.2,reported,AI005
09563,BTW2025,2025,party_group_greens,15.3,reported,AI005
09563,BTW2025,2025,party_group_left,10.0,reported,AI005
09563,BTW2025,2025,party_group_afd,17.2,reported,AI005
09564,BTW2025,2025,party_group_cdu_csu,29.2,reported,AI005
09564,BTW2025,2025,party_group_spd,15.5,reported,AI005
09564,BTW2025,2025,party_group_fdp,4.0,reported,AI005
09564,BTW2025,2025,party_group_greens,15.9,reported,AI005
09564,BTW2025,2025,party_group_left,11.2,reported,AI005
09564,BTW2025,2025,party_group_afd,15.5,reported,AI005
09565,BTW2025,2025,party_group_cdu_csu,34.1,reported,AI005
09565,BTW2025,2025,party_group_spd,15.0,reported,AI005
09565,BTW2025,2025,party_group_fdp,3.9,reported,AI005
09565,BTW2025,2025,party_group_greens,13.1,reported,AI005
09565,BTW2025,2025,party_group_left,6.2,reported,AI005
09565,BTW2025,2025,party_group_afd,18.3,reported,AI005
09571,BTW2025,2025,party_group_cdu_csu,38.2,reported,AI005
09571,BTW2025,2025,party_group_spd,11.2,reported,AI005
09571,BTW2025,2025,party_group_fdp,3.4,reported,AI005
09571,BTW2025,2025,party_group_greens,9.1,reported,AI005
09571,BTW2025,2025,party_group_left,4.7,reported,AI005
09571,BTW2025,2025,party_group_afd,21.9,reported,AI005
09572,BTW2025,2025,party_group_cdu_csu,37.9,reported,AI005
09572,BTW2025,2025,party_group_spd,13.1,reported,AI005
09572,BTW2025,2025,party_group_fdp,4.2,reported,AI005
09572,BTW2025,2025,party_group_greens,14.6,reported,AI005
09572,BTW2025,2025,party_group_left,5.2,reported,AI005
09572,BTW2025,2025,party_group_afd,16.4,reported,AI005
09573,BTW2025,2025,party_group_cdu_csu,37.0,reported,AI005
09573,BTW2025,2025,party_group_spd,14.2,reported,AI005
09573,BTW2025,2025,party_group_fdp,4.0,reported,AI005
09573,BTW2025,2025,party_group_greens,11.9,reported,AI005
09573,BTW2025,2025,party_group_left,5.5,reported,AI005
09573,BTW2025,2025,party_group_afd,18.6,reported,AI005
09574,BTW2025,2025,party_group_cdu_csu,36.8,reported,AI005
09574,BTW2025,2025,party_group_spd,14.1,reported,AI005
09574,BTW2025,2025,party_group_fdp,3.9,reported,AI005
09574,BTW2025,2025,party_group_greens,13.5,reported,AI005
09574,BTW2025,2025,party_group_left,5.8,reported,AI005
09574,BTW2025,2025,party_group_afd,16.9,reported,AI005
09575,BTW2025,2025,party_group_cdu_csu,38.4,reported,AI005
09575,BTW2025,2025,party_group_spd,11.2,reported,AI005
09575,BTW2025,2025,party_group_fdp,3.5,reported,AI005
09575,BTW2025,2025,party_group_greens,9.7,reported,AI005
09575,BTW2025,2025,party_group_left,4.8,reported,AI005
09575,BTW2025,2025,party_group_afd,21.2,reported,AI005
09576,BTW2025,2025,party_group_cdu_csu,39.1,reported,AI005
09576,BTW2025,2025,party_group_spd,12.5,reported,AI005
09576,BTW2025,2025,party_group_fdp,3.8,reported,AI005
09576,BTW2025,2025,party_group_greens,10.4,reported,AI005
09576,BTW2025,2025,party_group_left,4.9,reported,AI005
09576,BTW2025,2025,party_group_afd,19.5,reported,AI005
09577,BTW2025,2025,party_group_cdu_csu,38.0,reported,AI005
09577,BTW2025,2025,party_group_spd,13.1,reported,AI005
09577,BTW2025,2025,party_group_fdp,3.3,reported,AI005
09577,BTW2025,2025,party_group_greens,9.4,reported,AI005
09577,BTW2025,2025,party_group_left,4.8,reported,AI005
09577,BTW2025,2025,party_group_afd,20.3,reported,AI005
09661,BTW2025,2025,party_group_cdu_csu,32.7,reported,AI005
09661,BTW2025,2025,party_group_spd,14.0,reported,AI005
09661,BTW2025,2025,party_group_fdp,4.6,reported,AI005
09661,BTW2025,2025,party_group_greens,13.2,reported,AI005
09661,BTW2025,2025,party_group_left,8.1,reported,AI005
09661,BTW2025,2025,party_group_afd,18.7,reported,AI005
09662,BTW2025,2025,party_group_cdu_csu,29.9,reported,AI005
09662,BTW2025,2025,party_group_spd,14.3,reported,AI005
09662,BTW2025,2025,party_group_fdp,3.6,reported,AI005
09662,BTW2025,2025,party_group_greens,9.1,reported,AI005
09662,BTW2025,2025,party_group_left,7.6,reported,AI005
09662,BTW2025,2025,party_group_afd,25.6,reported,AI005
09663,BTW2025,2025,party_group_cdu_csu,28.5,reported,AI005
09663,BTW2025,2025,party_group_spd,13.8,reported,AI005
09663,BTW2025,2025,party_group_fdp,4.8,reported,AI005
09663,BTW2025,2025,party_group_greens,21.2,reported,AI005
09663,BTW2025,2025,party_group_left,12.2,reported,AI005
09663,BTW2025,2025,party_group_afd,11.9,reported,AI005
09671,BTW2025,2025,party_group_cdu_csu,40.0,reported,AI005
09671,BTW2025,2025,party_group_spd,12.3,reported,AI005
09671,BTW2025,2025,party_group_fdp,4.4,reported,AI005
09671,BTW2025,2025,party_group_greens,10.4,reported,AI005
09671,BTW2025,2025,party_group_left,5.2,reported,AI005
09671,BTW2025,2025,party_group_afd,19.2,reported,AI005
09672,BTW2025,2025,party_group_cdu_csu,42.7,reported,AI005
09672,BTW2025,2025,party_group_spd,9.9,reported,AI005
09672,BTW2025,2025,party_group_fdp,3.7,reported,AI005
09672,BTW2025,2025,party_group_greens,7.6,reported,AI005
09672,BTW2025,2025,party_group_left,4.4,reported,AI005
09672,BTW2025,2025,party_group_afd,22.3,reported,AI005
09673,BTW2025,2025,party_group_cdu_csu,42.8,reported,AI005
09673,BTW2025,2025,party_group_spd,8.5,reported,AI005
09673,BTW2025,2025,party_group_fdp,3.7,reported,AI005
09673,BTW2025,2025,party_group_greens,7.4,reported,AI005
09673,BTW2025,2025,party_group_left,4.8,reported,AI005
09673,BTW2025,2025,party_group_afd,22.6,reported,AI005
09674,BTW2025,2025,party_group_cdu_csu,39.7,reported,AI005
09674,BTW2025,2025,party_group_spd,10.5,reported,AI005
09674,BTW2025,2025,party_group_fdp,3.4,reported,AI005
09674,BTW2025,2025,party_group_greens,7.2,reported,AI005
09674,BTW2025,2025,party_group_left,4.7,reported,AI005
09674,BTW2025,2025,party_group_afd,24.4,reported,AI005
09675,BTW2025,2025,party_group_cdu_csu,40.2,reported,AI005
09675,BTW2025,2025,party_group_spd,11.3,reported,AI005
09675,BTW2025,2025,party_group_fdp,3.8,reported,AI005
09675,BTW2025,2025,party_group_greens,10.1,reported,AI005
09675,BTW2025,2025,party_group_left,4.9,reported,AI005
09675,BTW2025,2025,party_group_afd,19.1,reported,AI005
09676,BTW2025,2025,party_group_cdu_csu,39.9,reported,AI005
09676,BTW2025,2025,party_group_spd,12.3,reported,AI005
09676,BTW2025,2025,party_group_fdp,3.8,reported,AI005
09676,BTW2025,2025,party_group_greens,8.6,reported,AI005
09676,BTW2025,2025,party_group_left,5.3,reported,AI005
09676,BTW2025,2025,party_group_afd,20.9,reported,AI005
09677,BTW2025,2025,party_group_cdu_csu,42.3,reported,AI005
09677,BTW2025,2025,party_group_spd,12.6,reported,AI005
09677,BTW2025,2025,party_group_fdp,3.3,reported,AI005
09677,BTW2025,2025,party_group_greens,9.2,reported,AI005
09677,BTW2025,2025,party_group_left,4.5,reported,AI005
09677,BTW2025,2025,party_group_afd,17.8,reported,AI005
09678,BTW2025,2025,party_group_cdu_csu,42.1,reported,AI005
09678,BTW2025,2025,party_group_spd,10.6,reported,AI005
09678,BTW2025,2025,party_group_fdp,3.4,reported,AI005
09678,BTW2025,2025,party_group_greens,8.4,reported,AI005
09678,BTW2025,2025,party_group_left,4.6,reported,AI005
09678,BTW2025,2025,party_group_afd,21.1,reported,AI005
09679,BTW2025,2025,party_group_cdu_csu,41.1,reported,AI005
09679,BTW2025,2025,party_group_spd,13.2,reported,AI005
09679,BTW2025,2025,party_group_fdp,4.0,reported,AI005
09679,BTW2025,2025,party_group_greens,13.0,reported,AI005
09679,BTW2025,2025,party_group_left,5.3,reported,AI005
09679,BTW2025,2025,party_group_afd,14.7,reported,AI005
09761,BTW2025,2025,party_group_cdu_csu,28.4,reported,AI005
09761,BTW2025,2025,party_group_spd,13.4,reported,AI005
09761,BTW2025,2025,party_group_fdp,4.1,reported,AI005
09761,BTW2025,2025,party_group_greens,16.5,reported,AI005
09761,BTW2025,2025,party_group_left,10.6,reported,AI005
09761,BTW2025,2025,party_group_afd,17.5,reported,AI005
09762,BTW2025,2025,party_group_cdu_csu,33.6,reported,AI005
09762,BTW2025,2025,party_group_spd,10.6,reported,AI005
09762,BTW2025,2025,party_group_fdp,3.7,reported,AI005
09762,BTW2025,2025,party_group_greens,10.8,reported,AI005
09762,BTW2025,2025,party_group_left,6.8,reported,AI005
09762,BTW2025,2025,party_group_afd,24.0,reported,AI005
09763,BTW2025,2025,party_group_cdu_csu,30.9,reported,AI005
09763,BTW2025,2025,party_group_spd,11.8,reported,AI005
09763,BTW2025,2025,party_group_fdp,4.5,reported,AI005
09763,BTW2025,2025,party_group_greens,13.7,reported,AI005
09763,BTW2025,2025,party_group_left,7.5,reported,AI005
09763,BTW2025,2025,party_group_afd,20.2,reported,AI005
09764,BTW2025,2025,party_group_cdu_csu,33.4,reported,AI005
09764,BTW2025,2025,party_group_spd,13.0,reported,AI005
09764,BTW2025,2025,party_group_fdp,4.4,reported,AI005
09764,BTW2025,2025,party_group_greens,10.3,reported,AI005
09764,BTW2025,2025,party_group_left,6.1,reported,AI005
09764,BTW2025,2025,party_group_afd,22.9,reported,AI005
09771,BTW2025,2025,party_group_cdu_csu,41.2,reported,AI005
09771,BTW2025,2025,party_group_spd,9.3,reported,AI005
09771,BTW2025,2025,party_group_fdp,4.0,reported,AI005
09771,BTW2025,2025,party_group_greens,10.3,reported,AI005
09771,BTW2025,2025,party_group_left,4.2,reported,AI005
09771,BTW2025,2025,party_group_afd,20.3,reported,AI005
09772,BTW2025,2025,party_group_cdu_csu,39.5,reported,AI005
09772,BTW2025,2025,party_group_spd,10.6,reported,AI005
09772,BTW2025,2025,party_group_fdp,3.9,reported,AI005
09772,BTW2025,2025,party_group_greens,10.5,reported,AI005
09772,BTW2025,2025,party_group_left,4.9,reported,AI005
09772,BTW2025,2025,party_group_afd,20.1,reported,AI005
09773,BTW2025,2025,party_group_cdu_csu,39.2,reported,AI005
09773,BTW2025,2025,party_group_spd,8.8,reported,AI005
09773,BTW2025,2025,party_group_fdp,3.9,reported,AI005
09773,BTW2025,2025,party_group_greens,6.7,reported,AI005
09773,BTW2025,2025,party_group_left,3.8,reported,AI005
09773,BTW2025,2025,party_group_afd,25.8,reported,AI005
09774,BTW2025,2025,party_group_cdu_csu,38.3,reported,AI005
09774,BTW2025,2025,party_group_spd,9.4,reported,AI005
09774,BTW2025,2025,party_group_fdp,3.8,reported,AI005
09774,BTW2025,2025,party_group_greens,7.1,reported,AI005
09774,BTW2025,2025,party_group_left,4.7,reported,AI005
09774,BTW2025,2025,party_group_afd,25.3,reported,AI005
09775,BTW2025,2025,party_group_cdu_csu,36.1,reported,AI005
09775,BTW2025,2025,party_group_spd,11.7,reported,AI005
09775,BTW2025,2025,party_group_fdp,4.4,reported,AI005
09775,BTW2025,2025,party_group_greens,10.3,reported,AI005
09775,BTW2025,2025,party_group_left,5.6,reported,AI005
09775,BTW2025,2025,party_group_afd,21.7,reported,AI005
09776,BTW2025,2025,party_group_cdu_csu,37.0,reported,AI005
09776,BTW2025,2025,party_group_spd,12.0,reported,AI005
09776,BTW2025,2025,party_group_fdp,4.6,reported,AI005
09776,BTW2025,2025,party_group_greens,13.5,reported,AI005
09776,BTW2025,2025,party_group_left,5.6,reported,AI005
09776,BTW2025,2025,party_group_afd,16.2,reported,AI005
09777,BTW2025,2025,party_group_cdu_csu,41.5,reported,AI005
09777,BTW2025,2025,party_group_spd,9.1,reported,AI005
09777,BTW2025,2025,party_group_fdp,3.9,reported,AI005
09777,BTW2025,2025,party_group_greens,10.1,reported,AI005
09777,BTW2025,2025,party_group_left,4.3,reported,AI005
09777,BTW2025,2025,party_group_afd,18.7,reported,AI005
09778,BTW2025,2025,party_group_cdu_csu,40.2,reported,AI005
09778,BTW2025,2025,party_group_spd,8.1,reported,AI005
09778,BTW2025,2025,party_group_fdp,4.2,reported,AI005
09778,BTW2025,2025,party_group_greens,7.7,reported,AI005
09778,BTW2025,2025,party_group_left,4.0,reported,AI005
09778,BTW2025,2025,party_group_afd,23.8,reported,AI005
09779,BTW2025,2025,party_group_cdu_csu,42.5,reported,AI005
09779,BTW2025,2025,party_group_spd,10.4,reported,AI005
09779,BTW2025,2025,party_group_fdp,3.6,reported,AI005
09779,BTW2025,2025,party_group_greens,7.8,reported,AI005
09779,BTW2025,2025,party_group_left,3.9,reported,AI005
09779,BTW2025,2025,party_group_afd,19.9,reported,AI005
09780,BTW2025,2025,party_group_cdu_csu,41.1,reported,AI005
09780,BTW2025,2025,party_group_spd,9.4,reported,AI005
09780,BTW2025,2025,party_group_fdp,4.0,reported,AI005
09780,BTW2025,2025,party_group_greens,11.3,reported,AI005
09780,BTW2025,2025,party_group_left,4.3,reported,AI005
09780,BTW2025,2025,party_group_afd,17.2,reported,AI005
10041,BTW2025,2025,party_group_cdu_csu,23.4,reported,AI005
10041,BTW2025,2025,party_group_spd,22.0,reported,AI005
10041,BTW2025,2025,party_group_fdp,4.4,reported,AI005
10041,BTW2025,2025,party_group_greens,9.1,reported,AI005
10041,BTW2025,2025,party_group_left,9.2,reported,AI005
10041,BTW2025,2025,party_group_afd,20.9,reported,AI005
10042,BTW2025,2025,party_group_cdu_csu,29.3,reported,AI005
10042,BTW2025,2025,party_group_spd,20.5,reported,AI005
10042,BTW2025,2025,party_group_fdp,4.6,reported,AI005
10042,BTW2025,2025,party_group_greens,6.1,reported,AI005
10042,BTW2025,2025,party_group_left,6.6,reported,AI005
10042,BTW2025,2025,party_group_afd,21.6,reported,AI005
10043,BTW2025,2025,party_group_cdu_csu,25.7,reported,AI005
10043,BTW2025,2025,party_group_spd,23.1,reported,AI005
10043,BTW2025,2025,party_group_fdp,3.8,reported,AI005
10043,BTW2025,2025,party_group_greens,5.6,reported,AI005
10043,BTW2025,2025,party_group_left,6.5,reported,AI005
10043,BTW2025,2025,party_group_afd,24.4,reported,AI005
10044,BTW2025,2025,party_group_cdu_csu,27.9,reported,AI005
10044,BTW2025,2025,party_group_spd,21.6,reported,AI005
10044,BTW2025,2025,party_group_fdp,4.3,reported,AI005
10044,BTW2025,2025,party_group_greens,6.2,reported,AI005
10044,BTW2025,2025,party_group_left,6.9,reported,AI005
10044,BTW2025,2025,party_group_afd,21.8,reported,AI005
10045,BTW2025,2025,party_group_cdu_csu,28.0,reported,AI005
10045,BTW2025,2025,party_group_spd,21.7,reported,AI005
10045,BTW2025,2025,party_group_fdp,4.6,reported,AI005
10045,BTW2025,2025,party_group_greens,7.6,reported,AI005
10045,BTW2025,2025,party_group_left,6.6,reported,AI005
10045,BTW2025,2025,party_group_afd,21.5,reported,AI005
10046,BTW2025,2025,party_group_cdu_csu,32.7,reported,AI005
10046,BTW2025,2025,party_group_spd,22.2,reported,AI005
10046,BTW2025,2025,party_group_fdp,3.8,reported,AI005
10046,BTW2025,2025,party_group_greens,6.4,reported,AI005
10046,BTW2025,2025,party_group_left,5.6,reported,AI005
10046,BTW2025,2025,party_group_afd,19.3,reported,AI005
11000,BTW2025,2025,party_group_cdu_csu,18.3,reported,AI005
11000,BTW2025,2025,party_group_spd,15.1,reported,AI005
11000,BTW2025,2025,party_group_fdp,3.8,reported,AI005
11000,BTW2025,2025,party_group_greens,16.8,reported,AI005
11000,BTW2025,2025,party_group_left,19.9,reported,AI005
11000,BTW2025,2025,party_group_afd,15.2,reported,AI005
12051,BTW2025,2025,party_group_cdu_csu,17.3,reported,AI005
12051,BTW2025,2025,party_group_spd,18.4,reported,AI005
12051,BTW2025,2025,party_group_fdp,2.5,reported,AI005
12051,BTW2025,2025,party_group_greens,6.6,reported,AI005
12051,BTW2025,2025,party_group_left,11.9,reported,AI005
12051,BTW2025,2025,party_group_afd,29.6,reported,AI005
12052,BTW2025,2025,party_group_cdu_csu,16.0,reported,AI005
12052,BTW2025,2025,party_group_spd,15.8,reported,AI005
12052,BTW2025,2025,party_group_fdp,3.2,reported,AI005
12052,BTW2025,2025,party_group_greens,5.5,reported,AI005
12052,BTW2025,2025,party_group_left,11.1,reported,AI005
12052,BTW2025,2025,party_group_afd,34.0,reported,AI005
12053,BTW2025,2025,party_group_cdu_csu,16.7,reported,AI005
12053,BTW2025,2025,party_group_spd,14.9,reported,AI005
12053,BTW2025,2025,party_group_fdp,2.9,reported,AI005
12053,BTW2025,2025,party_group_greens,4.7,reported,AI005
12053,BTW2025,2025,party_group_left,12.2,reported,AI005
12053,BTW2025,2025,party_group_afd,32.0,reported,AI005
12054,BTW2025,2025,party_group_cdu_csu,16.3,reported,AI005
12054,BTW2025,2025,party_group_spd,17.2,reported,AI005
12054,BTW2025,2025,party_group_fdp,3.8,reported,AI005
12054,BTW2025,2025,party_group_greens,16.1,reported,AI005
12054,BTW2025,2025,party_group_left,17.6,reported,AI005
12054,BTW2025,2025,party_group_afd,16.9,reported,AI005
12060,BTW2025,2025,party_group_cdu_csu,17.1,reported,AI005
12060,BTW2025,2025,party_group_spd,13.1,reported,AI005
12060,BTW2025,2025,party_group_fdp,2.9,reported,AI005
12060,BTW2025,2025,party_group_greens,6.6,reported,AI005
12060,BTW2025,2025,party_group_left,12.5,reported,AI005
12060,BTW2025,2025,party_group_afd,32.1,reported,AI005
12061,BTW2025,2025,party_group_cdu_csu,19.2,reported,AI005
12061,BTW2025,2025,party_group_spd,14.5,reported,AI005
12061,BTW2025,2025,party_group_fdp,3.5,reported,AI005
12061,BTW2025,2025,party_group_greens,6.2,reported,AI005
12061,BTW2025,2025,party_group_left,10.6,reported,AI005
12061,BTW2025,2025,party_group_afd,32.2,reported,AI005
12062,BTW2025,2025,party_group_cdu_csu,17.0,reported,AI005
12062,BTW2025,2025,party_group_spd,12.6,reported,AI005
12062,BTW2025,2025,party_group_fdp,3.0,reported,AI005
12062,BTW2025,2025,party_group_greens,2.7,reported,AI005
12062,BTW2025,2025,party_group_left,8.1,reported,AI005
12062,BTW2025,2025,party_group_afd,40.7,reported,AI005
12063,BTW2025,2025,party_group_cdu_csu,21.5,reported,AI005
12063,BTW2025,2025,party_group_spd,15.6,reported,AI005
12063,BTW2025,2025,party_group_fdp,3.5,reported,AI005
12063,BTW2025,2025,party_group_greens,8.1,reported,AI005
12063,BTW2025,2025,party_group_left,9.5,reported,AI005
12063,BTW2025,2025,party_group_afd,30.3,reported,AI005
12064,BTW2025,2025,party_group_cdu_csu,16.4,reported,AI005
12064,BTW2025,2025,party_group_spd,13.2,reported,AI005
12064,BTW2025,2025,party_group_fdp,2.8,reported,AI005
12064,BTW2025,2025,party_group_greens,5.3,reported,AI005
12064,BTW2025,2025,party_group_left,10.8,reported,AI005
12064,BTW2025,2025,party_group_afd,35.3,reported,AI005
12065,BTW2025,2025,party_group_cdu_csu,20.6,reported,AI005
12065,BTW2025,2025,party_group_spd,15.2,reported,AI005
12065,BTW2025,2025,party_group_fdp,3.4,reported,AI005
12065,BTW2025,2025,party_group_greens,7.4,reported,AI005
12065,BTW2025,2025,party_group_left,9.5,reported,AI005
12065,BTW2025,2025,party_group_afd,30.9,reported,AI005
12066,BTW2025,2025,party_group_cdu_csu,16.0,reported,AI005
12066,BTW2025,2025,party_group_spd,12.4,reported,AI005
12066,BTW2025,2025,party_group_fdp,3.2,reported,AI005
12066,BTW2025,2025,party_group_greens,2.9,reported,AI005
12066,BTW2025,2025,party_group_left,9.3,reported,AI005
12066,BTW2025,2025,party_group_afd,41.2,reported,AI005
12067,BTW2025,2025,party_group_cdu_csu,16.6,reported,AI005
12067,BTW2025,2025,party_group_spd,13.2,reported,AI005
12067,BTW2025,2025,party_group_fdp,3.2,reported,AI005
12067,BTW2025,2025,party_group_greens,4.8,reported,AI005
12067,BTW2025,2025,party_group_left,10.2,reported,AI005
12067,BTW2025,2025,party_group_afd,36.3,reported,AI005
12068,BTW2025,2025,party_group_cdu_csu,17.6,reported,AI005
12068,BTW2025,2025,party_group_spd,16.2,reported,AI005
12068,BTW2025,2025,party_group_fdp,2.4,reported,AI005
12068,BTW2025,2025,party_group_greens,4.9,reported,AI005
12068,BTW2025,2025,party_group_left,10.2,reported,AI005
12068,BTW2025,2025,party_group_afd,35.2,reported,AI005
12069,BTW2025,2025,party_group_cdu_csu,21.4,reported,AI005
12069,BTW2025,2025,party_group_spd,16.8,reported,AI005
12069,BTW2025,2025,party_group_fdp,4.2,reported,AI005
12069,BTW2025,2025,party_group_greens,10.0,reported,AI005
12069,BTW2025,2025,party_group_left,10.3,reported,AI005
12069,BTW2025,2025,party_group_afd,25.3,reported,AI005
12070,BTW2025,2025,party_group_cdu_csu,17.5,reported,AI005
12070,BTW2025,2025,party_group_spd,16.0,reported,AI005
12070,BTW2025,2025,party_group_fdp,2.6,reported,AI005
12070,BTW2025,2025,party_group_greens,3.3,reported,AI005
12070,BTW2025,2025,party_group_left,9.4,reported,AI005
12070,BTW2025,2025,party_group_afd,37.5,reported,AI005
12071,BTW2025,2025,party_group_cdu_csu,15.9,reported,AI005
12071,BTW2025,2025,party_group_spd,12.6,reported,AI005
12071,BTW2025,2025,party_group_fdp,3.3,reported,AI005
12071,BTW2025,2025,party_group_greens,2.8,reported,AI005
12071,BTW2025,2025,party_group_left,7.8,reported,AI005
12071,BTW2025,2025,party_group_afd,43.0,reported,AI005
12072,BTW2025,2025,party_group_cdu_csu,19.6,reported,AI005
12072,BTW2025,2025,party_group_spd,15.6,reported,AI005
12072,BTW2025,2025,party_group_fdp,3.4,reported,AI005
12072,BTW2025,2025,party_group_greens,6.2,reported,AI005
12072,BTW2025,2025,party_group_left,10.2,reported,AI005
12072,BTW2025,2025,party_group_afd,31.6,reported,AI005
12073,BTW2025,2025,party_group_cdu_csu,15.9,reported,AI005
12073,BTW2025,2025,party_group_spd,14.2,reported,AI005
12073,BTW2025,2025,party_group_fdp,2.5,reported,AI005
12073,BTW2025,2025,party_group_greens,3.6,reported,AI005
12073,BTW2025,2025,party_group_left,9.4,reported,AI005
12073,BTW2025,2025,party_group_afd,38.2,reported,AI005
13003,BTW2025,2025,party_group_cdu_csu,15.4,reported,AI005
13003,BTW2025,2025,party_group_spd,14.6,reported,AI005
13003,BTW2025,2025,party_group_fdp,3.2,reported,AI005
13003,BTW2025,2025,party_group_greens,10.1,reported,AI005
13003,BTW2025,2025,party_group_left,19.5,reported,AI005
13003,BTW2025,2025,party_group_afd,23.4,reported,AI005
13004,BTW2025,2025,party_group_cdu_csu,18.2,reported,AI005
13004,BTW2025,2025,party_group_spd,16.3,reported,AI005
13004,BTW2025,2025,party_group_fdp,3.4,reported,AI005
13004,BTW2025,2025,party_group_greens,7.5,reported,AI005
13004,BTW2025,2025,party_group_left,14.0,reported,AI005
13004,BTW2025,2025,party_group_afd,27.1,reported,AI005
13071,BTW2025,2025,party_group_cdu_csu,17.5,reported,AI005
13071,BTW2025,2025,party_group_spd,11.2,reported,AI005
13071,BTW2025,2025,party_group_fdp,2.9,reported,AI005
13071,BTW2025,2025,party_group_greens,3.3,reported,AI005
13071,BTW2025,2025,party_group_left,10.8,reported,AI005
13071,BTW2025,2025,party_group_afd,39.0,reported,AI005
13072,BTW2025,2025,party_group_cdu_csu,19.4,reported,AI005
13072,BTW2025,2025,party_group_spd,12.9,reported,AI005
13072,BTW2025,2025,party_group_fdp,3.4,reported,AI005
13072,BTW2025,2025,party_group_greens,4.7,reported,AI005
13072,BTW2025,2025,party_group_left,10.7,reported,AI005
13072,BTW2025,2025,party_group_afd,35.2,reported,AI005
13073,BTW2025,2025,party_group_cdu_csu,17.8,reported,AI005
13073,BTW2025,2025,party_group_spd,10.1,reported,AI005
13073,BTW2025,2025,party_group_fdp,3.2,reported,AI005
13073,BTW2025,2025,party_group_greens,4.7,reported,AI005
13073,BTW2025,2025,party_group_left,11.3,reported,AI005
13073,BTW2025,2025,party_group_afd,38.0,reported,AI005
13074,BTW2025,2025,party_group_cdu_csu,18.5,reported,AI005
13074,BTW2025,2025,party_group_spd,14.7,reported,AI005
13074,BTW2025,2025,party_group_fdp,3.0,reported,AI005
13074,BTW2025,2025,party_group_greens,6.0,reported,AI005
13074,BTW2025,2025,party_group_left,10.9,reported,AI005
13074,BTW2025,2025,party_group_afd,33.5,reported,AI005
13075,BTW2025,2025,party_group_cdu_csu,17.3,reported,AI005
13075,BTW2025,2025,party_group_spd,9.5,reported,AI005
13075,BTW2025,2025,party_group_fdp,3.3,reported,AI005
13075,BTW2025,2025,party_group_greens,5.1,reported,AI005
13075,BTW2025,2025,party_group_left,10.7,reported,AI005
13075,BTW2025,2025,party_group_afd,40.5,reported,AI005
13076,BTW2025,2025,party_group_cdu_csu,18.7,reported,AI005
13076,BTW2025,2025,party_group_spd,13.3,reported,AI005
13076,BTW2025,2025,party_group_fdp,3.1,reported,AI005
13076,BTW2025,2025,party_group_greens,3.5,reported,AI005
13076,BTW2025,2025,party_group_left,10.1,reported,AI005
13076,BTW2025,2025,party_group_afd,36.6,reported,AI005
14511,BTW2025,2025,party_group_cdu_csu,19.4,reported,AI005
14511,BTW2025,2025,party_group_spd,11.1,reported,AI005
14511,BTW2025,2025,party_group_fdp,3.1,reported,AI005
14511,BTW2025,2025,party_group_greens,6.6,reported,AI005
14511,BTW2025,2025,party_group_left,12.2,reported,AI005
14511,BTW2025,2025,party_group_afd,32.7,reported,AI005
14521,BTW2025,2025,party_group_cdu_csu,20.7,reported,AI005
14521,BTW2025,2025,party_group_spd,6.9,reported,AI005
14521,BTW2025,2025,party_group_fdp,3.0,reported,AI005
14521,BTW2025,2025,party_group_greens,2.4,reported,AI005
14521,BTW2025,2025,party_group_left,7.2,reported,AI005
14521,BTW2025,2025,party_group_afd,45.4,reported,AI005
14522,BTW2025,2025,party_group_cdu_csu,20.9,reported,AI005
14522,BTW2025,2025,party_group_spd,7.8,reported,AI005
14522,BTW2025,2025,party_group_fdp,3.2,reported,AI005
14522,BTW2025,2025,party_group_greens,3.5,reported,AI005
14522,BTW2025,2025,party_group_left,7.9,reported,AI005
14522,BTW2025,2025,party_group_afd,42.9,reported,AI005
14523,BTW2025,2025,party_group_cdu_csu,21.6,reported,AI005
14523,BTW2025,2025,party_group_spd,8.8,reported,AI005
14523,BTW2025,2025,party_group_fdp,2.9,reported,AI005
14523,BTW2025,2025,party_group_greens,3.2,reported,AI005
14523,BTW2025,2025,party_group_left,7.8,reported,AI005
14523,BTW2025,2025,party_group_afd,40.6,reported,AI005
14524,BTW2025,2025,party_group_cdu_csu,21.2,reported,AI005
14524,BTW2025,2025,party_group_spd,9.1,reported,AI005
14524,BTW2025,2025,party_group_fdp,3.1,reported,AI005
14524,BTW2025,2025,party_group_greens,3.3,reported,AI005
14524,BTW2025,2025,party_group_left,8.4,reported,AI005
14524,BTW2025,2025,party_group_afd,40.3,reported,AI005
14612,BTW2025,2025,party_group_cdu_csu,18.8,reported,AI005
14612,BTW2025,2025,party_group_spd,9.4,reported,AI005
14612,BTW2025,2025,party_group_fdp,3.7,reported,AI005
14612,BTW2025,2025,party_group_greens,13.3,reported,AI005
14612,BTW2025,2025,party_group_left,15.5,reported,AI005
14612,BTW2025,2025,party_group_afd,26.7,reported,AI005
14625,BTW2025,2025,party_group_cdu_csu,20.1,reported,AI005
14625,BTW2025,2025,party_group_spd,6.6,reported,AI005
14625,BTW2025,2025,party_group_fdp,3.2,reported,AI005
14625,BTW2025,2025,party_group_greens,3.3,reported,AI005
14625,BTW2025,2025,party_group_left,7.8,reported,AI005
14625,BTW2025,2025,party_group_afd,45.4,reported,AI005
14626,BTW2025,2025,party_group_cdu_csu,19.8,reported,AI005
14626,BTW2025,2025,party_group_spd,6.4,reported,AI005
14626,BTW2025,2025,party_group_fdp,2.9,reported,AI005
14626,BTW2025,2025,party_group_greens,3.4,reported,AI005
14626,BTW2025,2025,party_group_left,7.7,reported,AI005
14626,BTW2025,2025,party_group_afd,46.7,reported,AI005
14627,BTW2025,2025,party_group_cdu_csu,20.0,reported,AI005
14627,BTW2025,2025,party_group_spd,7.1,reported,AI005
14627,BTW2025,2025,party_group_fdp,3.8,reported,AI005
14627,BTW2025,2025,party_group_greens,4.6,reported,AI005
14627,BTW2025,2025,party_group_left,7.8,reported,AI005
14627,BTW2025,2025,party_group_afd,43.6,reported,AI005
14628,BTW2025,2025,party_group_cdu_csu,19.3,reported,AI005
14628,BTW2025,2025,party_group_spd,6.0,reported,AI005
14628,BTW2025,2025,party_group_fdp,3.2,reported,AI005
14628,BTW2025,2025,party_group_greens,4.0,reported,AI005
14628,BTW2025,2025,party_group_left,7.3,reported,AI005
14628,BTW2025,2025,party_group_afd,46.5,reported,AI005
14713,BTW2025,2025,party_group_cdu_csu,16.6,reported,AI005
14713,BTW2025,2025,party_group_spd,10.7,reported,AI005
14713,BTW2025,2025,party_group_fdp,3.2,reported,AI005
14713,BTW2025,2025,party_group_greens,13.6,reported,AI005
14713,BTW2025,2025,party_group_left,22.5,reported,AI005
14713,BTW2025,2025,party_group_afd,21.9,reported,AI005
14729,BTW2025,2025,party_group_cdu_csu,22.3,reported,AI005
14729,BTW2025,2025,party_group_spd,8.8,reported,AI005
14729,BTW2025,2025,party_group_fdp,3.4,reported,AI005
14729,BTW2025,2025,party_group_greens,4.6,reported,AI005
14729,BTW2025,2025,party_group_left,8.8,reported,AI005
14729,BTW2025,2025,party_group_afd,38.5,reported,AI005
14730,BTW2025,2025,party_group_cdu_csu,20.8,reported,AI005
14730,BTW2025,2025,party_group_spd,8.4,reported,AI005
14730,BTW2025,2025,party_group_fdp,3.2,reported,AI005
14730,BTW2025,2025,party_group_greens,3.4,reported,AI005
14730,BTW2025,2025,party_group_left,8.0,reported,AI005
14730,BTW2025,2025,party_group_afd,42.8,reported,AI005
15001,BTW2025,2025,party_group_cdu_csu,20.8,reported,AI005
15001,BTW2025,2025,party_group_spd,12.2,reported,AI005
15001,BTW2025,2025,party_group_fdp,3.4,reported,AI005
15001,BTW2025,2025,party_group_greens,5.5,reported,AI005
15001,BTW2025,2025,party_group_left,10.8,reported,AI005
15001,BTW2025,2025,party_group_afd,32.9,reported,AI005
15002,BTW2025,2025,party_group_cdu_csu,17.2,reported,AI005
15002,BTW2025,2025,party_group_spd,12.9,reported,AI005
15002,BTW2025,2025,party_group_fdp,3.4,reported,AI005
15002,BTW2025,2025,party_group_greens,10.3,reported,AI005
15002,BTW2025,2025,party_group_left,17.4,reported,AI005
15002,BTW2025,2025,party_group_afd,25.4,reported,AI005
15003,BTW2025,2025,party_group_cdu_csu,18.3,reported,AI005
15003,BTW2025,2025,party_group_spd,13.0,reported,AI005
15003,BTW2025,2025,party_group_fdp,3.1,reported,AI005
15003,BTW2025,2025,party_group_greens,8.1,reported,AI005
15003,BTW2025,2025,party_group_left,14.3,reported,AI005
15003,BTW2025,2025,party_group_afd,28.0,reported,AI005
15081,BTW2025,2025,party_group_cdu_csu,19.1,reported,AI005
15081,BTW2025,2025,party_group_spd,12.0,reported,AI005
15081,BTW2025,2025,party_group_fdp,3.1,reported,AI005
15081,BTW2025,2025,party_group_greens,3.5,reported,AI005
15081,BTW2025,2025,party_group_left,12.0,reported,AI005
15081,BTW2025,2025,party_group_afd,35.8,reported,AI005
15082,BTW2025,2025,party_group_cdu_csu,19.4,reported,AI005
15082,BTW2025,2025,party_group_spd,9.9,reported,AI005
15082,BTW2025,2025,party_group_fdp,3.0,reported,AI005
15082,BTW2025,2025,party_group_greens,2.9,reported,AI005
15082,BTW2025,2025,party_group_left,9.3,reported,AI005
15082,BTW2025,2025,party_group_afd,41.2,reported,AI005
15083,BTW2025,2025,party_group_cdu_csu,19.7,reported,AI005
15083,BTW2025,2025,party_group_spd,10.9,reported,AI005
15083,BTW2025,2025,party_group_fdp,2.9,reported,AI005
15083,BTW2025,2025,party_group_greens,2.8,reported,AI005
15083,BTW2025,2025,party_group_left,9.1,reported,AI005
15083,BTW2025,2025,party_group_afd,40.1,reported,AI005
15084,BTW2025,2025,party_group_cdu_csu,18.8,reported,AI005
15084,BTW2025,2025,party_group_spd,8.9,reported,AI005
15084,BTW2025,2025,party_group_fdp,3.3,reported,AI005
15084,BTW2025,2025,party_group_greens,2.8,reported,AI005
15084,BTW2025,2025,party_group_left,8.7,reported,AI005
15084,BTW2025,2025,party_group_afd,42.8,reported,AI005
15085,BTW2025,2025,party_group_cdu_csu,19.7,reported,AI005
15085,BTW2025,2025,party_group_spd,11.7,reported,AI005
15085,BTW2025,2025,party_group_fdp,2.7,reported,AI005
15085,BTW2025,2025,party_group_greens,4.0,reported,AI005
15085,BTW2025,2025,party_group_left,10.2,reported,AI005
15085,BTW2025,2025,party_group_afd,36.4,reported,AI005
15086,BTW2025,2025,party_group_cdu_csu,20.3,reported,AI005
15086,BTW2025,2025,party_group_spd,11.2,reported,AI005
15086,BTW2025,2025,party_group_fdp,2.9,reported,AI005
15086,BTW2025,2025,party_group_greens,3.4,reported,AI005
15086,BTW2025,2025,party_group_left,9.3,reported,AI005
15086,BTW2025,2025,party_group_afd,37.4,reported,AI005
15087,BTW2025,2025,party_group_cdu_csu,17.6,reported,AI005
15087,BTW2025,2025,party_group_spd,10.0,reported,AI005
15087,BTW2025,2025,party_group_fdp,3.1,reported,AI005
15087,BTW2025,2025,party_group_greens,2.1,reported,AI005
15087,BTW2025,2025,party_group_left,8.8,reported,AI005
15087,BTW2025,2025,party_group_afd,44.3,reported,AI005
15088,BTW2025,2025,party_group_cdu_csu,19.6,reported,AI005
15088,BTW2025,2025,party_group_spd,9.2,reported,AI005
15088,BTW2025,2025,party_group_fdp,3.6,reported,AI005
15088,BTW2025,2025,party_group_greens,3.3,reported,AI005
15088,BTW2025,2025,party_group_left,8.3,reported,AI005
15088,BTW2025,2025,party_group_afd,41.4,reported,AI005
15089,BTW2025,2025,party_group_cdu_csu,18.7,reported,AI005
15089,BTW2025,2025,party_group_spd,10.1,reported,AI005
15089,BTW2025,2025,party_group_fdp,2.8,reported,AI005
15089,BTW2025,2025,party_group_greens,2.6,reported,AI005
15089,BTW2025,2025,party_group_left,9.4,reported,AI005
15089,BTW2025,2025,party_group_afd,42.4,reported,AI005
15090,BTW2025,2025,party_group_cdu_csu,18.6,reported,AI005
15090,BTW2025,2025,party_group_spd,11.9,reported,AI005
15090,BTW2025,2025,party_group_fdp,3.1,reported,AI005
15090,BTW2025,2025,party_group_greens,3.2,reported,AI005
15090,BTW2025,2025,party_group_left,10.4,reported,AI005
15090,BTW2025,2025,party_group_afd,38.5,reported,AI005
15091,BTW2025,2025,party_group_cdu_csu,23.3,reported,AI005
15091,BTW2025,2025,party_group_spd,9.6,reported,AI005
15091,BTW2025,2025,party_group_fdp,2.7,reported,AI005
15091,BTW2025,2025,party_group_greens,3.5,reported,AI005
15091,BTW2025,2025,party_group_left,9.2,reported,AI005
15091,BTW2025,2025,party_group_afd,37.8,reported,AI005
16051,BTW2025,2025,party_group_cdu_csu,17.8,reported,AI005
16051,BTW2025,2025,party_group_spd,10.6,reported,AI005
16051,BTW2025,2025,party_group_fdp,2.9,reported,AI005
16051,BTW2025,2025,party_group_greens,8.2,reported,AI005
16051,BTW2025,2025,party_group_left,22.1,reported,AI005
16051,BTW2025,2025,party_group_afd,27.2,reported,AI005
16052,BTW2025,2025,party_group_cdu_csu,16.8,reported,AI005
16052,BTW2025,2025,party_group_spd,8.5,reported,AI005
16052,BTW2025,2025,party_group_fdp,2.9,reported,AI005
16052,BTW2025,2025,party_group_greens,3.4,reported,AI005
16052,BTW2025,2025,party_group_left,15.3,reported,AI005
16052,BTW2025,2025,party_group_afd,40.5,reported,AI005
16053,BTW2025,2025,party_group_cdu_csu,15.8,reported,AI005
16053,BTW2025,2025,party_group_spd,11.5,reported,AI005
16053,BTW2025,2025,party_group_fdp,3.4,reported,AI005
16053,BTW2025,2025,party_group_greens,14.0,reported,AI005
16053,BTW2025,2025,party_group_left,24.9,reported,AI005
16053,BTW2025,2025,party_group_afd,18.9,reported,AI005
16054,BTW2025,2025,party_group_cdu_csu,17.3,reported,AI005
16054,BTW2025,2025,party_group_spd,9.4,reported,AI005
16054,BTW2025,2025,party_group_fdp,2.8,reported,AI005
16054,BTW2025,2025,party_group_greens,3.0,reported,AI005
16054,BTW2025,2025,party_group_left,15.6,reported,AI005
16054,BTW2025,2025,party_group_afd,37.4,reported,AI005
16055,BTW2025,2025,party_group_cdu_csu,16.7,reported,AI005
16055,BTW2025,2025,party_group_spd,10.7,reported,AI005
16055,BTW2025,2025,party_group_fdp,2.8,reported,AI005
16055,BTW2025,2025,party_group_greens,11.0,reported,AI005
16055,BTW2025,2025,party_group_left,23.2,reported,AI005
16055,BTW2025,2025,party_group_afd,24.2,reported,AI005
16061,BTW2025,2025,party_group_cdu_csu,31.3,reported,AI005
16061,BTW2025,2025,party_group_spd,7.6,reported,AI005
16061,BTW2025,2025,party_group_fdp,3.3,reported,AI005
16061,BTW2025,2025,party_group_greens,3.1,reported,AI005
16061,BTW2025,2025,party_group_left,11.3,reported,AI005
16061,BTW2025,2025,party_group_afd,35.0,reported,AI005
16062,BTW2025,2025,party_group_cdu_csu,18.4,reported,AI005
16062,BTW2025,2025,party_group_spd,9.9,reported,AI005
16062,BTW2025,2025,party_group_fdp,2.9,reported,AI005
16062,BTW2025,2025,party_group_greens,3.0,reported,AI005
16062,BTW2025,2025,party_group_left,14.9,reported,AI005
16062,BTW2025,2025,party_group_afd,39.0,reported,AI005
16063,BTW2025,2025,party_group_cdu_csu,19.8,reported,AI005
16063,BTW2025,2025,party_group_spd,9.3,reported,AI005
16063,BTW2025,2025,party_group_fdp,2.5,reported,AI005
16063,BTW2025,2025,party_group_greens,3.0,reported,AI005
16063,BTW2025,2025,party_group_left,12.7,reported,AI005
16063,BTW2025,2025,party_group_afd,40.6,reported,AI005
16064,BTW2025,2025,party_group_cdu_csu,19.5,reported,AI005
16064,BTW2025,2025,party_group_spd,9.4,reported,AI005
16064,BTW2025,2025,party_group_fdp,2.6,reported,AI005
16064,BTW2025,2025,party_group_greens,2.9,reported,AI005
16064,BTW2025,2025,party_group_left,13.7,reported,AI005
16064,BTW2025,2025,party_group_afd,39.9,reported,AI005
16065,BTW2025,2025,party_group_cdu_csu,16.8,reported,AI005
16065,BTW2025,2025,party_group_spd,8.5,reported,AI005
16065,BTW2025,2025,party_group_fdp,2.6,reported,AI005
16065,BTW2025,2025,party_group_greens,1.7,reported,AI005
16065,BTW2025,2025,party_group_left,14.6,reported,AI005
16065,BTW2025,2025,party_group_afd,44.8,reported,AI005
16066,BTW2025,2025,party_group_cdu_csu,18.2,reported,AI005
16066,BTW2025,2025,party_group_spd,8.9,reported,AI005
16066,BTW2025,2025,party_group_fdp,2.8,reported,AI005
16066,BTW2025,2025,party_group_greens,2.7,reported,AI005
16066,BTW2025,2025,party_group_left,12.8,reported,AI005
16066,BTW2025,2025,party_group_afd,41.6,reported,AI005
16067,BTW2025,2025,party_group_cdu_csu,18.2,reported,AI005
16067,BTW2025,2025,party_group_spd,9.3,reported,AI005
16067,BTW2025,2025,party_group_fdp,2.6,reported,AI005
16067,BTW2025,2025,party_group_greens,2.9,reported,AI005
16067,BTW2025,2025,party_group_left,14.9,reported,AI005
16067,BTW2025,2025,party_group_afd,40.6,reported,AI005
16068,BTW2025,2025,party_group_cdu_csu,17.9,reported,AI005
16068,BTW2025,2025,party_group_spd,7.2,reported,AI005
16068,BTW2025,2025,party_group_fdp,2.6,reported,AI005
16068,BTW2025,2025,party_group_greens,2.3,reported,AI005
16068,BTW2025,2025,party_group_left,14.0,reported,AI005
16068,BTW2025,2025,party_group_afd,44.2,reported,AI005
16069,BTW2025,2025,party_group_cdu_csu,16.0,reported,AI005
16069,BTW2025,2025,party_group_spd,7.1,reported,AI005
16069,BTW2025,2025,party_group_fdp,2.3,reported,AI005
16069,BTW2025,2025,party_group_greens,2.0,reported,AI005
16069,BTW2025,2025,party_group_left,10.9,reported,AI005
16069,BTW2025,2025,party_group_afd,46.8,reported,AI005
16070,BTW2025,2025,party_group_cdu_csu,17.0,reported,AI005
16070,BTW2025,2025,party_group_spd,8.2,reported,AI005
16070,BTW2025,2025,party_group_fdp,2.7,reported,AI005
16070,BTW2025,2025,party_group_greens,4.2,reported,AI005
16070,BTW2025,2025,party_group_left,15.0,reported,AI005
16070,BTW2025,2025,party_group_afd,40.6,reported,AI005
16071,BTW2025,2025,party_group_cdu_csu,18.9,reported,AI005
16071,BTW2025,2025,party_group_spd,7.4,reported,AI005
16071,BTW2025,2025,party_group_fdp,3.0,reported,AI005
16071,BTW2025,2025,party_group_greens,3.5,reported,AI005
16071,BTW2025,2025,party_group_left,14.1,reported,AI005
16071,BTW2025,2025,party_group_afd,40.6,reported,AI005
16072,BTW2025,2025,party_group_cdu_csu,17.6,reported,AI005
16072,BTW2025,2025,party_group_spd,7.9,reported,AI005
16072,BTW2025,2025,party_group_fdp,2.4,reported,AI005
16072,BTW2025,2025,party_group_greens,2.1,reported,AI005
16072,BTW2025,2025,party_group_left,11.9,reported,AI005
16072,BTW2025,2025,party_group_afd,45.8,reported,AI005
16073,BTW2025,2025,party_group_cdu_csu,16.9,reported,AI005
16073,BTW2025,2025,party_group_spd,7.7,reported,AI005
16073,BTW2025,2025,party_group_fdp,2.7,reported,AI005
16073,BTW2025,2025,party_group_greens,2.6,reported,AI005
16073,BTW2025,2025,party_group_left,13.3,reported,AI005
16073,BTW2025,2025,party_group_afd,44.0,reported,AI005
16074,BTW2025,2025,party_group_cdu_csu,19.6,reported,AI005
16074,BTW2025,2025,party_group_spd,7.8,reported,AI005
16074,BTW2025,2025,party_group_fdp,3.0,reported,AI005
16074,BTW2025,2025,party_group_greens,4.0,reported,AI005
16074,BTW2025,2025,party_group_left,14.3,reported,AI005
16074,BTW2025,2025,party_group_afd,38.7,reported,AI005
16075,BTW2025,2025,party_group_cdu_csu,17.5,reported,AI005
16075,BTW2025,2025,party_group_spd,6.9,reported,AI005
16075,BTW2025,2025,party_group_fdp,2.7,reported,AI005
16075,BTW2025,2025,party_group_greens,2.2,reported,AI005
16075,BTW2025,2025,party_group_left,12.7,reported,AI005
16075,BTW2025,2025,party_group_afd,46.1,reported,AI005
16076,BTW2025,2025,party_group_cdu_csu,19.0,reported,AI005
16076,BTW2025,2025,party_group_spd,7.1,reported,AI005
16076,BTW2025,2025,party_group_fdp,2.9,reported,AI005
16076,BTW2025,2025,party_group_greens,2.7,reported,AI005
16076,BTW2025,2025,party_group_left,12.2,reported,AI005
16076,BTW2025,2025,party_group_afd,43.7,reported,AI005
16077,BTW2025,2025,party_group_cdu_csu,17.4,reported,AI005
16077,BTW2025,2025,party_group_spd,8.2,reported,AI005
16077,BTW2025,2025,party_group_fdp,3.1,reported,AI005
16077,BTW2025,2025,party_group_greens,2.5,reported,AI005
16077,BTW2025,2025,party_group_left,11.8,reported,AI005
16077,BTW2025,2025,party_group_afd,45.8,reported,AI005
