district_id,feature_id,value,reference_year,unit,source_dataset
01001,age_65_plus_share,20.2,2024,percent,AI002-2-5
01001,age_under_18_share,15.5,2024,percent,AI002-2-5
01001,disposable_income_per_capita,21130.0,2022,eur_per_person,AI016-1
01001,foreign_population_share,17.3,2024,percent,AI002-1-5
01001,gdp_per_capita,53455.0,2023,eur_per_person,AI017-1
01001,manufacturing_employment_share,9.8,2024,percent,AI007-1
01001,migration_balance_per_10000,22.7,2024,per_10000_people,AI002-1-5
01001,minimum_security_rate,13.7,2024,percent,AI-S-03
01001,natural_balance_per_10000,-32.8,2024,per_10000_people,AI002-1-5
01001,population_change_per_10000,-10.9,2024,per_10000_people,AI002-1-5
01001,population_density,1698.0,2024,people_per_km2,AI002-1-5
01001,services_employment_share,85.6,2024,percent,AI007-1
01001,unemployment_rate,8.6,2025,percent,AI008-1-5
01001,workplace_density,971.6,2024,employed_per_1000_working_age,AI007-1
01002,age_65_plus_share,19.5,2024,percent,AI002-2-5
01002,age_under_18_share,14.7,2024,percent,AI002-2-5
01002,disposable_income_per_capita,22476.0,2022,eur_per_person,AI016-1
01002,foreign_population_share,14.0,2024,percent,AI002-1-5
01002,gdp_per_capita,58588.0,2023,eur_per_person,AI017-1
01002,manufacturing_employment_share,9.0,2024,percent,AI007-1
01002,migration_balance_per_10000,63.8,2024,per_10000_people,AI002-1-5
01002,minimum_security_rate,14.2,2024,percent,AI-S-03
01002,natural_balance_per_10000,-27.4,2024,per_10000_people,AI002-1-5
01002,population_change_per_10000,36.4,2024,per_10000_people,AI002-1-5
01002,population_density,2129.5,2024,people_per_km2,AI002-1-5
01002,services_employment_share,87.0,2024,percent,AI007-1
01002,unemployment_rate,8.1,2025,percent,AI008-1-5
01002,workplace_density,1054.6,2024,employed_per_1000_working_age,AI007-1
01003,age_65_plus_share,23.6,2024,percent,AI002-2-5
01003,age_under_18_share,14.9,2024,percent,AI002-2-5
01003,disposable_income_per_capita,23265.0,2022,eur_per_person,AI016-1
01003,foreign_population_share,13.1,2024,percent,AI002-1-5
01003,gdp_per_capita,57499.0,2023,eur_per_person,AI017-1
01003,manufacturing_employment_share,14.3,2024,percent,AI007-1
01003,migration_balance_per_10000,56.6,2024,per_10000_people,AI002-1-5
01003,minimum_security_rate,13.3,2024,percent,AI-S-03
01003,natural_balance_per_10000,-64.6,2024,per_10000_people,AI002-1-5
01003,population_change_per_10000,-7.9,2024,per_10000_people,AI002-1-5
01003,population_density,1012.6,2024,people_per_km2,AI002-1-5
01003,services_employment_share,79.7,2024,percent,AI007-1
01003,unemployment_rate,8.4,2025,percent,AI008-1-5
01003,workplace_density,998.3,2024,employed_per_1000_working_age,AI007-1
01004,age_65_plus_share,23.1,2024,percent,AI002-2-5
01004,age_under_18_share,16.0,2024,percent,AI002-2-5
01004,disposable_income_per_capita,22370.0,2022,eur_per_person,AI016-1
01004,foreign_population_share,13.6,2024,percent,AI002-1-5
01004,gdp_per_capita,55512.0,2023,eur_per_person,AI017-1
01004,manufacturing_employment_share,9.7,2024,percent,AI007-1
01004,migration_balance_per_10000,98.1,2024,per_10000_people,AI002-1-5
01004,minimum_security_rate,16.7,2024,percent,AI-S-03
01004,natural_balance_per_10000,-60.4,2024,per_10000_people,AI002-1-5
01004,population_change_per_10000,43.7,2024,per_10000_people,AI002-1-5
01004,population_density,1113.7,2024,people_per_km2,AI002-1-5
01004,services_employment_share,81.7,2024,percent,AI007-1
01004,unemployment_rate,8.5,2025,percent,AI008-1-5
01004,workplace_density,1083.5,2024,employed_per_1000_working_age,AI007-1
01051,age_65_plus_share,26.3,2024,percent,AI002-2-5
01051,age_under_18_share,15.7,2024,percent,AI002-2-5
01051,disposable_income_per_capita,26763.0,2022,eur_per_person,AI016-1
01051,foreign_population_share,8.3,2024,percent,AI002-1-5
01051,gdp_per_capita,45470.0,2023,eur_per_person,AI017-1
01051,manufacturing_employment_share,11.4,2024,percent,AI007-1
01051,migration_balance_per_10000,72.3,2024,per_10000_people,AI002-1-5
01051,minimum_security_rate,9.4,2024,percent,AI-S-03
01051,natural_balance_per_10000,-76.9,2024,per_10000_people,AI002-1-5
01051,population_change_per_10000,-4.0,2024,per_10000_people,AI002-1-5
01051,population_density,93.4,2024,people_per_km2,AI002-1-5
01051,services_employment_share,72.7,2024,percent,AI007-1
01051,unemployment_rate,6.5,2025,percent,AI008-1-5
01051,workplace_density,787.5,2024,employed_per_1000_working_age,AI007-1
01053,age_65_plus_share,23.3,2024,percent,AI002-2-5
01053,age_under_18_share,17.7,2024,percent,AI002-2-5
01053,disposable_income_per_capita,27253.0,2022,eur_per_person,AI016-1
01053,foreign_population_share,10.2,2024,percent,AI002-1-5
01053,gdp_per_capita,28500.0,2023,eur_per_person,AI017-1
01053,manufacturing_employment_share,11.8,2024,percent,AI007-1
01053,migration_balance_per_10000,88.4,2024,per_10000_people,AI002-1-5
01053,minimum_security_rate,8.1,2024,percent,AI-S-03
01053,natural_balance_per_10000,-50.4,2024,per_10000_people,AI002-1-5
01053,population_change_per_10000,38.4,2024,per_10000_people,AI002-1-5
01053,population_density,163.3,2024,people_per_km2,AI002-1-5
01053,services_employment_share,75.8,2024,percent,AI007-1
01053,unemployment_rate,5.3,2025,percent,AI008-1-5
01053,workplace_density,579.7,2024,employed_per_1000_working_age,AI007-1
01054,age_65_plus_share,25.6,2024,percent,AI002-2-5
01054,age_under_18_share,15.7,2024,percent,AI002-2-5
01054,disposable_income_per_capita,30531.0,2022,eur_per_person,AI016-1
01054,foreign_population_share,9.6,2024,percent,AI002-1-5
01054,gdp_per_capita,46184.0,2023,eur_per_person,AI017-1
01054,manufacturing_employment_share,7.9,2024,percent,AI007-1
01054,migration_balance_per_10000,71.6,2024,per_10000_people,AI002-1-5
01054,minimum_security_rate,6.6,2024,percent,AI-S-03
01054,natural_balance_per_10000,-64.5,2024,per_10000_people,AI002-1-5
01054,population_change_per_10000,-1.1,2024,per_10000_people,AI002-1-5
01054,population_density,81.6,2024,people_per_km2,AI002-1-5
01054,services_employment_share,78.2,2024,percent,AI007-1
01054,unemployment_rate,5.1,2025,percent,AI008-1-5
01054,workplace_density,912.1,2024,employed_per_1000_working_age,AI007-1
01055,age_65_plus_share,29.0,2024,percent,AI002-2-5
01055,age_under_18_share,14.2,2024,percent,AI002-2-5
01055,disposable_income_per_capita,27448.0,2022,eur_per_person,AI016-1
01055,foreign_population_share,7.7,2024,percent,AI002-1-5
01055,gdp_per_capita,34752.0,2023,eur_per_person,AI017-1
01055,manufacturing_employment_share,8.4,2024,percent,AI007-1
01055,migration_balance_per_10000,96.1,2024,per_10000_people,AI002-1-5
01055,minimum_security_rate,7.0,2024,percent,AI-S-03
01055,natural_balance_per_10000,-98.3,2024,per_10000_people,AI002-1-5
01055,population_change_per_10000,-2.8,2024,per_10000_people,AI002-1-5
01055,population_density,144.6,2024,people_per_km2,AI002-1-5
01055,services_employment_share,81.0,2024,percent,AI007-1
01055,unemployment_rate,5.0,2025,percent,AI008-1-5
01055,workplace_density,788.5,2024,employed_per_1000_working_age,AI007-1
01056,age_65_plus_share,22.8,2024,percent,AI002-2-5
01056,age_under_18_share,17.1,2024,percent,AI002-2-5
01056,disposable_income_per_capita,28187.0,2022,eur_per_person,AI016-1
01056,foreign_population_share,13.7,2024,percent,AI002-1-5
01056,gdp_per_capita,34777.0,2023,eur_per_person,AI017-1
01056,manufacturing_employment_share,13.9,2024,percent,AI007-1
01056,migration_balance_per_10000,89.7,2024,per_10000_people,AI002-1-5
01056,minimum_security_rate,8.4,2024,percent,AI-S-03
01056,natural_balance_per_10000,-43.9,2024,per_10000_people,AI002-1-5
01056,population_change_per_10000,45.0,2024,per_10000_people,AI002-1-5
01056,population_density,489.6,2024,people_per_km2,AI002-1-5
01056,services_employment_share,75.0,2024,percent,AI007-1
01056,unemployment_rate,5.6,2025,percent,AI008-1-5
01056,workplace_density,650.6,2024,employed_per_1000_working_age,AI007-1
01057,age_65_plus_share,27.6,2024,percent,AI002-2-5
01057,age_under_18_share,16.2,2024,percent,AI002-2-5
01057,disposable_income_per_capita,27197.0,2022,eur_per_person,AI016-1
01057,foreign_population_share,5.7,2024,percent,AI002-1-5
01057,gdp_per_capita,25944.0,2023,eur_per_person,AI017-1
01057,manufacturing_employment_share,8.4,2024,percent,AI007-1
01057,migration_balance_per_10000,80.0,2024,per_10000_people,AI002-1-5
01057,minimum_security_rate,7.2,2024,percent,AI-S-03
01057,natural_balance_per_10000,-80.7,2024,per_10000_people,AI002-1-5
01057,population_change_per_10000,-2.0,2024,per_10000_people,AI002-1-5
01057,population_density,120.5,2024,people_per_km2,AI002-1-5
01057,services_employment_share,76.6,2024,percent,AI007-1
01057,unemployment_rate,4.4,2025,percent,AI008-1-5
01057,workplace_density,597.9,2024,employed_per_1000_working_age,AI007-1
01058,age_65_plus_share,24.8,2024,percent,AI002-2-5
01058,age_under_18_share,16.8,2024,percent,AI002-2-5
01058,disposable_income_per_capita,27471.0,2022,eur_per_person,AI016-1
01058,foreign_population_share,6.8,2024,percent,AI002-1-5
01058,gdp_per_capita,37470.0,2023,eur_per_person,AI017-1
01058,manufacturing_employment_share,8.7,2024,percent,AI007-1
01058,migration_balance_per_10000,67.0,2024,per_10000_people,AI002-1-5
01058,minimum_security_rate,7.1,2024,percent,AI-S-03
01058,natural_balance_per_10000,-59.9,2024,per_10000_people,AI002-1-5
01058,population_change_per_10000,6.1,2024,per_10000_people,AI002-1-5
01058,population_density,127.0,2024,people_per_km2,AI002-1-5
01058,services_employment_share,76.9,2024,percent,AI007-1
01058,unemployment_rate,4.7,2025,percent,AI008-1-5
01058,workplace_density,748.0,2024,employed_per_1000_working_age,AI007-1
01059,age_65_plus_share,25.3,2024,percent,AI002-2-5
01059,age_under_18_share,17.2,2024,percent,AI002-2-5
01059,disposable_income_per_capita,25686.0,2022,eur_per_person,AI016-1
01059,foreign_population_share,6.6,2024,percent,AI002-1-5
01059,gdp_per_capita,36315.0,2023,eur_per_person,AI017-1
01059,manufacturing_employment_share,10.4,2024,percent,AI007-1
01059,migration_balance_per_10000,98.4,2024,per_10000_people,AI002-1-5
01059,minimum_security_rate,7.7,2024,percent,AI-S-03
01059,natural_balance_per_10000,-63.7,2024,per_10000_people,AI002-1-5
01059,population_change_per_10000,34.7,2024,per_10000_people,AI002-1-5
01059,population_density,99.2,2024,people_per_km2,AI002-1-5
01059,services_employment_share,74.8,2024,percent,AI007-1
01059,unemployment_rate,5.7,2025,percent,AI008-1-5
01059,workplace_density,730.6,2024,employed_per_1000_working_age,AI007-1
01060,age_65_plus_share,22.6,2024,percent,AI002-2-5
01060,age_under_18_share,17.1,2024,percent,AI002-2-5
01060,disposable_income_per_capita,26505.0,2022,eur_per_person,AI016-1
01060,foreign_population_share,10.8,2024,percent,AI002-1-5
01060,gdp_per_capita,38677.0,2023,eur_per_person,AI017-1
01060,manufacturing_employment_share,14.8,2024,percent,AI007-1
01060,migration_balance_per_10000,92.9,2024,per_10000_people,AI002-1-5
01060,minimum_security_rate,7.6,2024,percent,AI-S-03
01060,natural_balance_per_10000,-47.7,2024,per_10000_people,AI002-1-5
01060,population_change_per_10000,45.7,2024,per_10000_people,AI002-1-5
01060,population_density,210.9,2024,people_per_km2,AI002-1-5
01060,services_employment_share,75.0,2024,percent,AI007-1
01060,unemployment_rate,5.1,2025,percent,AI008-1-5
01060,workplace_density,737.8,2024,employed_per_1000_working_age,AI007-1
01061,age_65_plus_share,24.0,2024,percent,AI002-2-5
01061,age_under_18_share,16.3,2024,percent,AI002-2-5
01061,disposable_income_per_capita,25502.0,2022,eur_per_person,AI016-1
01061,foreign_population_share,8.5,2024,percent,AI002-1-5
01061,gdp_per_capita,36277.0,2023,eur_per_person,AI017-1
01061,manufacturing_employment_share,13.8,2024,percent,AI007-1
01061,migration_balance_per_10000,92.2,2024,per_10000_people,AI002-1-5
01061,minimum_security_rate,8.4,2024,percent,AI-S-03
01061,natural_balance_per_10000,-68.7,2024,per_10000_people,AI002-1-5
01061,population_change_per_10000,21.4,2024,per_10000_people,AI002-1-5
01061,population_density,125.7,2024,people_per_km2,AI002-1-5
01061,services_employment_share,72.3,2024,percent,AI007-1
01061,unemployment_rate,5.9,2025,percent,AI008-1-5
01061,workplace_density,715.8,2024,employed_per_1000_working_age,AI007-1
01062,age_65_plus_share,24.0,2024,percent,AI002-2-5
01062,age_under_18_share,17.7,2024,percent,AI002-2-5
01062,disposable_income_per_capita,29678.0,2022,eur_per_person,AI016-1
01062,foreign_population_share,9.6,2024,percent,AI002-1-5
01062,gdp_per_capita,41700.0,2023,eur_per_person,AI017-1
01062,manufacturing_employment_share,16.2,2024,percent,AI007-1
01062,migration_balance_per_10000,85.8,2024,per_10000_people,AI002-1-5
01062,minimum_security_rate,6.6,2024,percent,AI-S-03
01062,natural_balance_per_10000,-54.4,2024,per_10000_people,AI002-1-5
01062,population_change_per_10000,31.3,2024,per_10000_people,AI002-1-5
01062,population_density,322.3,2024,people_per_km2,AI002-1-5
01062,services_employment_share,74.2,2024,percent,AI007-1
01062,unemployment_rate,4.5,2025,percent,AI008-1-5
01062,workplace_density,791.8,2024,employed_per_1000_working_age,AI007-1
02000,age_65_plus_share,18.0,2024,percent,AI002-2-5
02000,age_under_18_share,17.0,2024,percent,AI002-2-5
02000,disposable_income_per_capita,27498.0,2022,eur_per_person,AI016-1
02000,foreign_population_share,19.3,2024,percent,AI002-1-5
02000,gdp_per_capita,80866.0,2023,eur_per_person,AI017-1
02000,manufacturing_employment_share,8.3,2024,percent,AI007-1
02000,migration_balance_per_10000,67.1,2024,per_10000_people,AI002-1-5
02000,minimum_security_rate,13.6,2024,percent,AI-S-03
02000,natural_balance_per_10000,-5.6,2024,per_10000_people,AI002-1-5
02000,population_change_per_10000,59.1,2024,per_10000_people,AI002-1-5
02000,population_density,2466.7,2024,people_per_km2,AI002-1-5
02000,services_employment_share,86.8,2024,percent,AI007-1
02000,unemployment_rate,8.3,2025,percent,AI008-1-5
02000,workplace_density,1077.5,2024,employed_per_1000_working_age,AI007-1
03101,age_65_plus_share,21.6,2024,percent,AI002-2-5
03101,age_under_18_share,14.8,2024,percent,AI002-2-5
03101,disposable_income_per_capita,25180.0,2022,eur_per_person,AI016-1
03101,foreign_population_share,12.7,2024,percent,AI002-1-5
03101,gdp_per_capita,85091.0,2023,eur_per_person,AI017-1
03101,manufacturing_employment_share,13.1,2024,percent,AI007-1
03101,migration_balance_per_10000,18.1,2024,per_10000_people,AI002-1-5
03101,minimum_security_rate,9.4,2024,percent,AI-S-03
03101,natural_balance_per_10000,-37.2,2024,per_10000_people,AI002-1-5
03101,population_change_per_10000,-22.3,2024,per_10000_people,AI002-1-5
03101,population_density,1312.7,2024,people_per_km2,AI002-1-5
03101,services_employment_share,82.2,2024,percent,AI007-1
03101,unemployment_rate,6.3,2025,percent,AI008-1-5
03101,workplace_density,1035.0,2024,employed_per_1000_working_age,AI007-1
03102,age_65_plus_share,22.9,2024,percent,AI002-2-5
03102,age_under_18_share,18.5,2024,percent,AI002-2-5
03102,disposable_income_per_capita,21613.0,2022,eur_per_person,AI016-1
03102,foreign_population_share,21.3,2024,percent,AI002-1-5
03102,gdp_per_capita,55462.0,2023,eur_per_person,AI017-1
03102,manufacturing_employment_share,40.8,2024,percent,AI007-1
03102,migration_balance_per_10000,34.2,2024,per_10000_people,AI002-1-5
03102,minimum_security_rate,14.3,2024,percent,AI-S-03
03102,natural_balance_per_10000,-42.9,2024,per_10000_people,AI002-1-5
03102,population_change_per_10000,-8.2,2024,per_10000_people,AI002-1-5
03102,population_density,467.6,2024,people_per_km2,AI002-1-5
03102,services_employment_share,52.1,2024,percent,AI007-1
03102,unemployment_rate,10.1,2025,percent,AI008-1-5
03102,workplace_density,911.6,2024,employed_per_1000_working_age,AI007-1
03103,age_65_plus_share,22.2,2024,percent,AI002-2-5
03103,age_under_18_share,17.8,2024,percent,AI002-2-5
03103,disposable_income_per_capita,26669.0,2022,eur_per_person,AI016-1
03103,foreign_population_share,18.3,2024,percent,AI002-1-5
03103,gdp_per_capita,183020.0,2023,eur_per_person,AI017-1
03103,manufacturing_employment_share,52.8,2024,percent,AI007-1
03103,migration_balance_per_10000,61.1,2024,per_10000_people,AI002-1-5
03103,minimum_security_rate,9.6,2024,percent,AI-S-03
03103,natural_balance_per_10000,-41.6,2024,per_10000_people,AI002-1-5
03103,population_change_per_10000,16.5,2024,per_10000_people,AI002-1-5
03103,population_density,633.2,2024,people_per_km2,AI002-1-5
03103,services_employment_share,44.3,2024,percent,AI007-1
03103,unemployment_rate,6.6,2025,percent,AI008-1-5
03103,workplace_density,1622.6,2024,employed_per_1000_working_age,AI007-1
03151,age_65_plus_share,22.3,2024,percent,AI002-2-5
03151,age_under_18_share,18.7,2024,percent,AI002-2-5
03151,disposable_income_per_capita,26547.0,2022,eur_per_person,AI016-1
03151,foreign_population_share,8.4,2024,percent,AI002-1-5
03151,gdp_per_capita,27071.0,2023,eur_per_person,AI017-1
03151,manufacturing_employment_share,11.4,2024,percent,AI007-1
03151,migration_balance_per_10000,32.7,2024,per_10000_people,AI002-1-5
03151,minimum_security_rate,6.4,2024,percent,AI-S-03
03151,natural_balance_per_10000,-27.7,2024,per_10000_people,AI002-1-5
03151,population_change_per_10000,3.8,2024,per_10000_people,AI002-1-5
03151,population_density,112.2,2024,people_per_km2,AI002-1-5
03151,services_employment_share,76.5,2024,percent,AI007-1
03151,unemployment_rate,4.7,2025,percent,AI008-1-5
03151,workplace_density,556.8,2024,employed_per_1000_working_age,AI007-1
03153,age_65_plus_share,28.5,2024,percent,AI002-2-5
03153,age_under_18_share,14.0,2024,percent,AI002-2-5
03153,disposable_income_per_capita,24010.0,2022,eur_per_person,AI016-1
03153,foreign_population_share,10.9,2024,percent,AI002-1-5
03153,gdp_per_capita,34551.0,2023,eur_per_person,AI017-1
03153,manufacturing_employment_share,14.7,2024,percent,AI007-1
03153,migration_balance_per_10000,36.6,2024,per_10000_people,AI002-1-5
03153,minimum_security_rate,10.8,2024,percent,AI-S-03
03153,natural_balance_per_10000,-108.8,2024,per_10000_people,AI002-1-5
03153,population_change_per_10000,-73.6,2024,per_10000_people,AI002-1-5
03153,population_density,131.1,2024,people_per_km2,AI002-1-5
03153,services_employment_share,76.2,2024,percent,AI007-1
03153,unemployment_rate,7.2,2025,percent,AI008-1-5
03153,workplace_density,788.5,2024,employed_per_1000_working_age,AI007-1
03154,age_65_plus_share,24.7,2024,percent,AI002-2-5
03154,age_under_18_share,16.6,2024,percent,AI002-2-5
03154,disposable_income_per_capita,26109.0,2022,eur_per_person,AI016-1
03154,foreign_population_share,9.2,2024,percent,AI002-1-5
03154,gdp_per_capita,27591.0,2023,eur_per_person,AI017-1
03154,manufacturing_employment_share,9.5,2024,percent,AI007-1
03154,migration_balance_per_10000,21.0,2024,per_10000_people,AI002-1-5
03154,minimum_security_rate,9.0,2024,percent,AI-S-03
03154,natural_balance_per_10000,-73.3,2024,per_10000_people,AI002-1-5
03154,population_change_per_10000,-51.4,2024,per_10000_people,AI002-1-5
03154,population_density,133.4,2024,people_per_km2,AI002-1-5
03154,services_employment_share,79.1,2024,percent,AI007-1
03154,unemployment_rate,7.2,2025,percent,AI008-1-5
03154,workplace_density,589.5,2024,employed_per_1000_working_age,AI007-1
03155,age_65_plus_share,27.1,2024,percent,AI002-2-5
03155,age_under_18_share,15.5,2024,percent,AI002-2-5
03155,disposable_income_per_capita,25589.0,2022,eur_per_person,AI016-1
03155,foreign_population_share,8.6,2024,percent,AI002-1-5
03155,gdp_per_capita,33079.0,2023,eur_per_person,AI017-1
03155,manufacturing_employment_share,20.7,2024,percent,AI007-1
03155,migration_balance_per_10000,32.2,2024,per_10000_people,AI002-1-5
03155,minimum_security_rate,9.2,2024,percent,AI-S-03
03155,natural_balance_per_10000,-86.3,2024,per_10000_people,AI002-1-5
03155,population_change_per_10000,-54.5,2024,per_10000_people,AI002-1-5
03155,population_density,99.0,2024,people_per_km2,AI002-1-5
03155,services_employment_share,67.2,2024,percent,AI007-1
03155,unemployment_rate,6.5,2025,percent,AI008-1-5
03155,workplace_density,810.2,2024,employed_per_1000_working_age,AI007-1
03157,age_65_plus_share,22.4,2024,percent,AI002-2-5
03157,age_under_18_share,18.3,2024,percent,AI002-2-5
03157,disposable_income_per_capita,24765.0,2022,eur_per_person,AI016-1
03157,foreign_population_share,10.2,2024,percent,AI002-1-5
03157,gdp_per_capita,26575.0,2023,eur_per_person,AI017-1
03157,manufacturing_employment_share,12.8,2024,percent,AI007-1
03157,migration_balance_per_10000,51.5,2024,per_10000_people,AI002-1-5
03157,minimum_security_rate,8.9,2024,percent,AI-S-03
03157,natural_balance_per_10000,-45.3,2024,per_10000_people,AI002-1-5
03157,population_change_per_10000,4.5,2024,per_10000_people,AI002-1-5
03157,population_density,255.4,2024,people_per_km2,AI002-1-5
03157,services_employment_share,72.1,2024,percent,AI007-1
03157,unemployment_rate,6.0,2025,percent,AI008-1-5
03157,workplace_density,537.6,2024,employed_per_1000_working_age,AI007-1
03158,age_65_plus_share,25.1,2024,percent,AI002-2-5
03158,age_under_18_share,16.3,2024,percent,AI002-2-5
03158,disposable_income_per_capita,25444.0,2022,eur_per_person,AI016-1
03158,foreign_population_share,8.1,2024,percent,AI002-1-5
03158,gdp_per_capita,25825.0,2023,eur_per_person,AI017-1
03158,manufacturing_employment_share,10.3,2024,percent,AI007-1
03158,migration_balance_per_10000,43.0,2024,per_10000_people,AI002-1-5
03158,minimum_security_rate,8.4,2024,percent,AI-S-03
03158,natural_balance_per_10000,-63.3,2024,per_10000_people,AI002-1-5
03158,population_change_per_10000,-21.1,2024,per_10000_people,AI002-1-5
03158,population_density,163.3,2024,people_per_km2,AI002-1-5
03158,services_employment_share,76.9,2024,percent,AI007-1
03158,unemployment_rate,5.5,2025,percent,AI008-1-5
03158,workplace_density,527.3,2024,employed_per_1000_working_age,AI007-1
03159,age_65_plus_share,24.4,2024,percent,AI002-2-5
03159,age_under_18_share,15.1,2024,percent,AI002-2-5
03159,disposable_income_per_capita,23868.0,2022,eur_per_person,AI016-1
03159,foreign_population_share,11.8,2024,percent,AI002-1-5
03159,gdp_per_capita,42968.0,2023,eur_per_person,AI017-1
03159,manufacturing_employment_share,14.9,2024,percent,AI007-1
03159,migration_balance_per_10000,35.5,2024,per_10000_people,AI002-1-5
03159,minimum_security_rate,8.7,2024,percent,AI-S-03
03159,natural_balance_per_10000,-53.8,2024,per_10000_people,AI002-1-5
03159,population_change_per_10000,-19.2,2024,per_10000_people,AI002-1-5
03159,population_density,186.9,2024,people_per_km2,AI002-1-5
03159,services_employment_share,78.9,2024,percent,AI007-1
03159,unemployment_rate,6.7,2025,percent,AI008-1-5
03159,workplace_density,860.3,2024,employed_per_1000_working_age,AI007-1
03241,age_65_plus_share,21.9,2024,percent,AI002-2-5
03241,age_under_18_share,16.6,2024,percent,AI002-2-5
03241,disposable_income_per_capita,24094.0,2022,eur_per_person,AI016-1
03241,foreign_population_share,16.5,2024,percent,AI002-1-5
03241,gdp_per_capita,55518.0,2023,eur_per_person,AI017-1
03241,manufacturing_employment_share,10.4,2024,percent,AI007-1
03241,migration_balance_per_10000,53.4,2024,per_10000_people,AI002-1-5
03241,minimum_security_rate,12.4,2024,percent,AI-S-03
03241,natural_balance_per_10000,-35.9,2024,per_10000_people,AI002-1-5
03241,population_change_per_10000,17.1,2024,per_10000_people,AI002-1-5
03241,population_density,496.7,2024,people_per_km2,AI002-1-5
03241,services_employment_share,82.8,2024,percent,AI007-1
03241,unemployment_rate,8.1,2025,percent,AI008-1-5
03241,workplace_density,968.0,2024,employed_per_1000_working_age,AI007-1
03251,age_65_plus_share,23.8,2024,percent,AI002-2-5
03251,age_under_18_share,17.1,2024,percent,AI002-2-5
03251,disposable_income_per_capita,26789.0,2022,eur_per_person,AI016-1
03251,foreign_population_share,9.9,2024,percent,AI002-1-5
03251,gdp_per_capita,38740.0,2023,eur_per_person,AI017-1
03251,manufacturing_employment_share,16.2,2024,percent,AI007-1
03251,migration_balance_per_10000,67.7,2024,per_10000_people,AI002-1-5
03251,minimum_security_rate,6.9,2024,percent,AI-S-03
03251,natural_balance_per_10000,-46.1,2024,per_10000_people,AI002-1-5
03251,population_change_per_10000,20.8,2024,per_10000_people,AI002-1-5
03251,population_density,111.1,2024,people_per_km2,AI002-1-5
03251,services_employment_share,70.5,2024,percent,AI007-1
03251,unemployment_rate,4.4,2025,percent,AI008-1-5
03251,workplace_density,770.2,2024,employed_per_1000_working_age,AI007-1
03252,age_65_plus_share,26.2,2024,percent,AI002-2-5
03252,age_under_18_share,16.4,2024,percent,AI002-2-5
03252,disposable_income_per_capita,24628.0,2022,eur_per_person,AI016-1
03252,foreign_population_share,12.8,2024,percent,AI002-1-5
03252,gdp_per_capita,39077.0,2023,eur_per_person,AI017-1
03252,manufacturing_employment_share,16.8,2024,percent,AI007-1
03252,migration_balance_per_10000,49.8,2024,per_10000_people,AI002-1-5
03252,minimum_security_rate,11.1,2024,percent,AI-S-03
03252,natural_balance_per_10000,-71.2,2024,per_10000_people,AI002-1-5
03252,population_change_per_10000,-22.1,2024,per_10000_people,AI002-1-5
03252,population_density,188.3,2024,people_per_km2,AI002-1-5
03252,services_employment_share,73.9,2024,percent,AI007-1
03252,unemployment_rate,7.0,2025,percent,AI008-1-5
03252,workplace_density,784.2,2024,employed_per_1000_working_age,AI007-1
03254,age_65_plus_share,24.3,2024,percent,AI002-2-5
03254,age_under_18_share,16.0,2024,percent,AI002-2-5
03254,disposable_income_per_capita,24251.0,2022,eur_per_person,AI016-1
03254,foreign_population_share,10.3,2024,percent,AI002-1-5
03254,gdp_per_capita,35008.0,2023,eur_per_person,AI017-1
03254,manufacturing_employment_share,17.8,2024,percent,AI007-1
03254,migration_balance_per_10000,36.3,2024,per_10000_people,AI002-1-5
03254,minimum_security_rate,10.3,2024,percent,AI-S-03
03254,natural_balance_per_10000,-66.0,2024,per_10000_people,AI002-1-5
03254,population_change_per_10000,-30.3,2024,per_10000_people,AI002-1-5
03254,population_density,221.4,2024,people_per_km2,AI002-1-5
03254,services_employment_share,73.9,2024,percent,AI007-1
03254,unemployment_rate,7.5,2025,percent,AI008-1-5
03254,workplace_density,773.9,2024,employed_per_1000_working_age,AI007-1
03255,age_65_plus_share,27.3,2024,percent,AI002-2-5
03255,age_under_18_share,15.8,2024,percent,AI002-2-5
03255,disposable_income_per_capita,24055.0,2022,eur_per_person,AI016-1
03255,foreign_population_share,10.0,2024,percent,AI002-1-5
03255,gdp_per_capita,39019.0,2023,eur_per_person,AI017-1
03255,manufacturing_employment_share,32.1,2024,percent,AI007-1
03255,migration_balance_per_10000,21.9,2024,per_10000_people,AI002-1-5
03255,minimum_security_rate,10.0,2024,percent,AI-S-03
03255,natural_balance_per_10000,-98.4,2024,per_10000_people,AI002-1-5
03255,population_change_per_10000,-77.0,2024,per_10000_people,AI002-1-5
03255,population_density,94.5,2024,people_per_km2,AI002-1-5
03255,services_employment_share,58.7,2024,percent,AI007-1
03255,unemployment_rate,7.2,2025,percent,AI008-1-5
03255,workplace_density,798.4,2024,employed_per_1000_working_age,AI007-1
03256,age_65_plus_share,23.7,2024,percent,AI002-2-5
03256,age_under_18_share,17.3,2024,percent,AI002-2-5
03256,disposable_income_per_capita,24418.0,2022,eur_per_person,AI016-1
03256,foreign_population_share,10.1,2024,percent,AI002-1-5
03256,gdp_per_capita,37770.0,2023,eur_per_person,AI017-1
03256,manufacturing_employment_share,16.5,2024,percent,AI007-1
03256,migration_balance_per_10000,42.7,2024,per_10000_people,AI002-1-5
03256,minimum_security_rate,10.1,2024,percent,AI-S-03
03256,natural_balance_per_10000,-63.4,2024,per_10000_people,AI002-1-5
03256,population_change_per_10000,-21.0,2024,per_10000_people,AI002-1-5
03256,population_density,86.7,2024,people_per_km2,AI002-1-5
03256,services_employment_share,69.4,2024,percent,AI007-1
03256,unemployment_rate,6.0,2025,percent,AI008-1-5
03256,workplace_density,772.5,2024,employed_per_1000_working_age,AI007-1
03257,age_65_plus_share,25.8,2024,percent,AI002-2-5
03257,age_under_18_share,16.0,2024,percent,AI002-2-5
03257,disposable_income_per_capita,24879.0,2022,eur_per_person,AI016-1
03257,foreign_population_share,10.2,2024,percent,AI002-1-5
03257,gdp_per_capita,30814.0,2023,eur_per_person,AI017-1
03257,manufacturing_employment_share,14.6,2024,percent,AI007-1
03257,migration_balance_per_10000,63.5,2024,per_10000_people,AI002-1-5
03257,minimum_security_rate,8.6,2024,percent,AI-S-03
03257,natural_balance_per_10000,-77.7,2024,per_10000_people,AI002-1-5
03257,population_change_per_10000,-13.4,2024,per_10000_people,AI002-1-5
03257,population_density,232.1,2024,people_per_km2,AI002-1-5
03257,services_employment_share,76.6,2024,percent,AI007-1
03257,unemployment_rate,6.3,2025,percent,AI008-1-5
03257,workplace_density,698.7,2024,employed_per_1000_working_age,AI007-1
03351,age_65_plus_share,24.6,2024,percent,AI002-2-5
03351,age_under_18_share,17.3,2024,percent,AI002-2-5
03351,disposable_income_per_capita,23514.0,2022,eur_per_person,AI016-1
03351,foreign_population_share,9.1,2024,percent,AI002-1-5
03351,gdp_per_capita,37637.0,2023,eur_per_person,AI017-1
03351,manufacturing_employment_share,16.7,2024,percent,AI007-1
03351,migration_balance_per_10000,37.7,2024,per_10000_people,AI002-1-5
03351,minimum_security_rate,9.7,2024,percent,AI-S-03
03351,natural_balance_per_10000,-63.1,2024,per_10000_people,AI002-1-5
03351,population_change_per_10000,-24.4,2024,per_10000_people,AI002-1-5
03351,population_density,111.2,2024,people_per_km2,AI002-1-5
03351,services_employment_share,72.9,2024,percent,AI007-1
03351,unemployment_rate,6.1,2025,percent,AI008-1-5
03351,workplace_density,791.7,2024,employed_per_1000_working_age,AI007-1
03352,age_65_plus_share,26.7,2024,percent,AI002-2-5
03352,age_under_18_share,16.4,2024,percent,AI002-2-5
03352,disposable_income_per_capita,25268.0,2022,eur_per_person,AI016-1
03352,foreign_population_share,7.2,2024,percent,AI002-1-5
03352,gdp_per_capita,31606.0,2023,eur_per_person,AI017-1
03352,manufacturing_employment_share,10.7,2024,percent,AI007-1
03352,migration_balance_per_10000,47.3,2024,per_10000_people,AI002-1-5
03352,minimum_security_rate,7.5,2024,percent,AI-S-03
03352,natural_balance_per_10000,-74.4,2024,per_10000_people,AI002-1-5
03352,population_change_per_10000,-27.5,2024,per_10000_people,AI002-1-5
03352,population_density,96.6,2024,people_per_km2,AI002-1-5
03352,services_employment_share,74.0,2024,percent,AI007-1
03352,unemployment_rate,5.9,2025,percent,AI008-1-5
03352,workplace_density,664.6,2024,employed_per_1000_working_age,AI007-1
03353,age_65_plus_share,23.1,2024,percent,AI002-2-5
03353,age_under_18_share,17.2,2024,percent,AI002-2-5
03353,disposable_income_per_capita,28829.0,2022,eur_per_person,AI016-1
03353,foreign_population_share,9.7,2024,percent,AI002-1-5
03353,gdp_per_capita,30393.0,2023,eur_per_person,AI017-1
03353,manufacturing_employment_share,7.7,2024,percent,AI007-1
03353,migration_balance_per_10000,77.0,2024,per_10000_people,AI002-1-5
03353,minimum_security_rate,6.4,2024,percent,AI-S-03
03353,natural_balance_per_10000,-34.9,2024,per_10000_people,AI002-1-5
03353,population_change_per_10000,41.3,2024,per_10000_people,AI002-1-5
03353,population_density,213.0,2024,people_per_km2,AI002-1-5
03353,services_employment_share,79.4,2024,percent,AI007-1
03353,unemployment_rate,4.8,2025,percent,AI008-1-5
03353,workplace_density,625.4,2024,employed_per_1000_working_age,AI007-1
03354,age_65_plus_share,29.9,2024,percent,AI002-2-5
03354,age_under_18_share,15.0,2024,percent,AI002-2-5
03354,disposable_income_per_capita,23877.0,2022,eur_per_person,AI016-1
03354,foreign_population_share,6.9,2024,percent,AI002-1-5
03354,gdp_per_capita,32274.0,2023,eur_per_person,AI017-1
03354,manufacturing_employment_share,16.6,2024,percent,AI007-1
03354,migration_balance_per_10000,51.9,2024,per_10000_people,AI002-1-5
03354,minimum_security_rate,8.9,2024,percent,AI-S-03
03354,natural_balance_per_10000,-119.4,2024,per_10000_people,AI002-1-5
03354,population_change_per_10000,-67.1,2024,per_10000_people,AI002-1-5
03354,population_density,37.9,2024,people_per_km2,AI002-1-5
03354,services_employment_share,69.8,2024,percent,AI007-1
03354,unemployment_rate,7.7,2025,percent,AI008-1-5
03354,workplace_density,791.6,2024,employed_per_1000_working_age,AI007-1
03355,age_65_plus_share,21.5,2024,percent,AI002-2-5
03355,age_under_18_share,17.0,2024,percent,AI002-2-5
03355,disposable_income_per_capita,24237.0,2022,eur_per_person,AI016-1
03355,foreign_population_share,8.2,2024,percent,AI002-1-5
03355,gdp_per_capita,36017.0,2023,eur_per_person,AI017-1
03355,manufacturing_employment_share,10.7,2024,percent,AI007-1
03355,migration_balance_per_10000,44.5,2024,per_10000_people,AI002-1-5
03355,minimum_security_rate,8.7,2024,percent,AI-S-03
03355,natural_balance_per_10000,-41.5,2024,per_10000_people,AI002-1-5
03355,population_change_per_10000,2.5,2024,per_10000_people,AI002-1-5
03355,population_density,135.1,2024,people_per_km2,AI002-1-5
03355,services_employment_share,79.9,2024,percent,AI007-1
03355,unemployment_rate,6.1,2025,percent,AI008-1-5
03355,workplace_density,771.6,2024,employed_per_1000_working_age,AI007-1
03356,age_65_plus_share,24.9,2024,percent,AI002-2-5
03356,age_under_18_share,17.3,2024,percent,AI002-2-5
03356,disposable_income_per_capita,26027.0,2022,eur_per_person,AI016-1
03356,foreign_population_share,7.0,2024,percent,AI002-1-5
03356,gdp_per_capita,26693.0,2023,eur_per_person,AI017-1
03356,manufacturing_employment_share,11.3,2024,percent,AI007-1
03356,migration_balance_per_10000,40.0,2024,per_10000_people,AI002-1-5
03356,minimum_security_rate,5.8,2024,percent,AI-S-03
03356,natural_balance_per_10000,-56.7,2024,per_10000_people,AI002-1-5
03356,population_change_per_10000,-16.4,2024,per_10000_people,AI002-1-5
03356,population_density,174.1,2024,people_per_km2,AI002-1-5
03356,services_employment_share,76.0,2024,percent,AI007-1
03356,unemployment_rate,3.6,2025,percent,AI008-1-5
03356,workplace_density,610.2,2024,employed_per_1000_working_age,AI007-1
03357,age_65_plus_share,22.9,2024,percent,AI002-2-5
03357,age_under_18_share,16.9,2024,percent,AI002-2-5
03357,disposable_income_per_capita,26207.0,2022,eur_per_person,AI016-1
03357,foreign_population_share,8.7,2024,percent,AI002-1-5
03357,gdp_per_capita,42014.0,2023,eur_per_person,AI017-1
03357,manufacturing_employment_share,11.2,2024,percent,AI007-1
03357,migration_balance_per_10000,63.9,2024,per_10000_people,AI002-1-5
03357,minimum_security_rate,6.0,2024,percent,AI-S-03
03357,natural_balance_per_10000,-42.7,2024,per_10000_people,AI002-1-5
03357,population_change_per_10000,20.7,2024,per_10000_people,AI002-1-5
03357,population_density,80.0,2024,people_per_km2,AI002-1-5
03357,services_employment_share,74.5,2024,percent,AI007-1
03357,unemployment_rate,4.0,2025,percent,AI008-1-5
03357,workplace_density,813.1,2024,employed_per_1000_working_age,AI007-1
03358,age_65_plus_share,23.8,2024,percent,AI002-2-5
03358,age_under_18_share,16.8,2024,percent,AI002-2-5
03358,disposable_income_per_capita,23698.0,2022,eur_per_person,AI016-1
03358,foreign_population_share,9.4,2024,percent,AI002-1-5
03358,gdp_per_capita,41744.0,2023,eur_per_person,AI017-1
03358,manufacturing_employment_share,12.2,2024,percent,AI007-1
03358,migration_balance_per_10000,39.2,2024,per_10000_people,AI002-1-5
03358,minimum_security_rate,7.7,2024,percent,AI-S-03
03358,natural_balance_per_10000,-56.1,2024,per_10000_people,AI002-1-5
03358,population_change_per_10000,-21.6,2024,per_10000_people,AI002-1-5
03358,population_density,75.1,2024,people_per_km2,AI002-1-5
03358,services_employment_share,76.5,2024,percent,AI007-1
03358,unemployment_rate,6.5,2025,percent,AI008-1-5
03358,workplace_density,844.7,2024,employed_per_1000_working_age,AI007-1
03359,age_65_plus_share,22.7,2024,percent,AI002-2-5
03359,age_under_18_share,17.7,2024,percent,AI002-2-5
03359,disposable_income_per_capita,26054.0,2022,eur_per_person,AI016-1
03359,foreign_population_share,10.9,2024,percent,AI002-1-5
03359,gdp_per_capita,37867.0,2023,eur_per_person,AI017-1
03359,manufacturing_employment_share,13.0,2024,percent,AI007-1
03359,migration_balance_per_10000,35.3,2024,per_10000_people,AI002-1-5
03359,minimum_security_rate,8.9,2024,percent,AI-S-03
03359,natural_balance_per_10000,-33.6,2024,per_10000_people,AI002-1-5
03359,population_change_per_10000,2.0,2024,per_10000_people,AI002-1-5
03359,population_density,163.9,2024,people_per_km2,AI002-1-5
03359,services_employment_share,72.0,2024,percent,AI007-1
03359,unemployment_rate,6.0,2025,percent,AI008-1-5
03359,workplace_density,712.6,2024,employed_per_1000_working_age,AI007-1
03360,age_65_plus_share,26.4,2024,percent,AI002-2-5
03360,age_under_18_share,15.6,2024,percent,AI002-2-5
03360,disposable_income_per_capita,24504.0,2022,eur_per_person,AI016-1
03360,foreign_population_share,8.6,2024,percent,AI002-1-5
03360,gdp_per_capita,36433.0,2023,eur_per_person,AI017-1
03360,manufacturing_employment_share,10.5,2024,percent,AI007-1
03360,migration_balance_per_10000,65.2,2024,per_10000_people,AI002-1-5
03360,minimum_security_rate,8.0,2024,percent,AI-S-03
03360,natural_balance_per_10000,-87.3,2024,per_10000_people,AI002-1-5
03360,population_change_per_10000,-21.1,2024,per_10000_people,AI002-1-5
03360,population_density,62.7,2024,people_per_km2,AI002-1-5
03360,services_employment_share,76.8,2024,percent,AI007-1
03360,unemployment_rate,5.1,2025,percent,AI008-1-5
03360,workplace_density,769.5,2024,employed_per_1000_working_age,AI007-1
03361,age_65_plus_share,23.6,2024,percent,AI002-2-5
03361,age_under_18_share,18.1,2024,percent,AI002-2-5
03361,disposable_income_per_capita,26402.0,2022,eur_per_person,AI016-1
03361,foreign_population_share,9.6,2024,percent,AI002-1-5
03361,gdp_per_capita,37737.0,2023,eur_per_person,AI017-1
03361,manufacturing_employment_share,17.2,2024,percent,AI007-1
03361,migration_balance_per_10000,65.3,2024,per_10000_people,AI002-1-5
03361,minimum_security_rate,6.5,2024,percent,AI-S-03
03361,natural_balance_per_10000,-37.3,2024,per_10000_people,AI002-1-5
03361,population_change_per_10000,25.5,2024,per_10000_people,AI002-1-5
03361,population_density,175.6,2024,people_per_km2,AI002-1-5
03361,services_employment_share,70.5,2024,percent,AI007-1
03361,unemployment_rate,4.1,2025,percent,AI008-1-5
03361,workplace_density,820.9,2024,employed_per_1000_working_age,AI007-1
03401,age_65_plus_share,22.4,2024,percent,AI002-2-5
03401,age_under_18_share,17.8,2024,percent,AI002-2-5
03401,disposable_income_per_capita,21337.0,2022,eur_per_person,AI016-1
03401,foreign_population_share,17.9,2024,percent,AI002-1-5
03401,gdp_per_capita,29453.0,2023,eur_per_person,AI017-1
03401,manufacturing_employment_share,12.8,2024,percent,AI007-1
03401,migration_balance_per_10000,-7.5,2024,per_10000_people,AI002-1-5
03401,minimum_security_rate,14.1,2024,percent,AI-S-03
03401,natural_balance_per_10000,-38.4,2024,per_10000_people,AI002-1-5
03401,population_change_per_10000,-41.7,2024,per_10000_people,AI002-1-5
03401,population_density,1303.5,2024,people_per_km2,AI002-1-5
03401,services_employment_share,79.6,2024,percent,AI007-1
03401,unemployment_rate,10.8,2025,percent,AI008-1-5
03401,workplace_density,650.8,2024,employed_per_1000_working_age,AI007-1
03402,age_65_plus_share,22.3,2024,percent,AI002-2-5
03402,age_under_18_share,16.8,2024,percent,AI002-2-5
03402,disposable_income_per_capita,20857.0,2022,eur_per_person,AI016-1
03402,foreign_population_share,13.0,2024,percent,AI002-1-5
03402,gdp_per_capita,80493.0,2023,eur_per_person,AI017-1
03402,manufacturing_employment_share,29.3,2024,percent,AI007-1
03402,migration_balance_per_10000,-43.5,2024,per_10000_people,AI002-1-5
03402,minimum_security_rate,13.0,2024,percent,AI-S-03
03402,natural_balance_per_10000,-55.2,2024,per_10000_people,AI002-1-5
03402,population_change_per_10000,-100.9,2024,per_10000_people,AI002-1-5
03402,population_density,438.0,2024,people_per_km2,AI002-1-5
03402,services_employment_share,65.1,2024,percent,AI007-1
03402,unemployment_rate,9.0,2025,percent,AI008-1-5
03402,workplace_density,1269.6,2024,employed_per_1000_working_age,AI007-1
03403,age_65_plus_share,20.2,2024,percent,AI002-2-5
03403,age_under_18_share,15.4,2024,percent,AI002-2-5
03403,disposable_income_per_capita,22970.0,2022,eur_per_person,AI016-1
03403,foreign_population_share,12.3,2024,percent,AI002-1-5
03403,gdp_per_capita,57058.0,2023,eur_per_person,AI017-1
03403,manufacturing_employment_share,4.8,2024,percent,AI007-1
03403,migration_balance_per_10000,44.5,2024,per_10000_people,AI002-1-5
03403,minimum_security_rate,11.0,2024,percent,AI-S-03
03403,natural_balance_per_10000,-21.3,2024,per_10000_people,AI002-1-5
03403,population_change_per_10000,21.1,2024,per_10000_people,AI002-1-5
03403,population_density,1713.2,2024,people_per_km2,AI002-1-5
03403,services_employment_share,88.7,2024,percent,AI007-1
03403,unemployment_rate,6.9,2025,percent,AI008-1-5
03403,workplace_density,1055.9,2024,employed_per_1000_working_age,AI007-1
03404,age_65_plus_share,19.4,2024,percent,AI002-2-5
03404,age_under_18_share,15.1,2024,percent,AI002-2-5
03404,disposable_income_per_capita,23851.0,2022,eur_per_person,AI016-1
03404,foreign_population_share,16.6,2024,percent,AI002-1-5
03404,gdp_per_capita,61227.0,2023,eur_per_person,AI017-1
03404,manufacturing_employment_share,9.4,2024,percent,AI007-1
03404,migration_balance_per_10000,44.2,2024,per_10000_people,AI002-1-5
03404,minimum_security_rate,11.4,2024,percent,AI-S-03
03404,natural_balance_per_10000,-20.3,2024,per_10000_people,AI002-1-5
03404,population_change_per_10000,22.4,2024,per_10000_people,AI002-1-5
03404,population_density,1386.1,2024,people_per_km2,AI002-1-5
03404,services_employment_share,84.8,2024,percent,AI007-1
03404,unemployment_rate,8.1,2025,percent,AI008-1-5
03404,workplace_density,1174.6,2024,employed_per_1000_working_age,AI007-1
03405,age_65_plus_share,25.9,2024,percent,AI002-2-5
03405,age_under_18_share,15.1,2024,percent,AI002-2-5
03405,disposable_income_per_capita,20535.0,2022,eur_per_person,AI016-1
03405,foreign_population_share,13.7,2024,percent,AI002-1-5
03405,gdp_per_capita,49137.0,2023,eur_per_person,AI017-1
03405,manufacturing_employment_share,8.4,2024,percent,AI007-1
03405,migration_balance_per_10000,51.5,2024,per_10000_people,AI002-1-5
03405,minimum_security_rate,16.4,2024,percent,AI-S-03
03405,natural_balance_per_10000,-85.5,2024,per_10000_people,AI002-1-5
03405,population_change_per_10000,-34.9,2024,per_10000_people,AI002-1-5
03405,population_density,707.2,2024,people_per_km2,AI002-1-5
03405,services_employment_share,84.3,2024,percent,AI007-1
03405,unemployment_rate,11.1,2025,percent,AI008-1-5
03405,workplace_density,971.4,2024,employed_per_1000_working_age,AI007-1
03451,age_65_plus_share,24.6,2024,percent,AI002-2-5
03451,age_under_18_share,17.1,2024,percent,AI002-2-5
03451,disposable_income_per_capita,25471.0,2022,eur_per_person,AI016-1
03451,foreign_population_share,8.2,2024,percent,AI002-1-5
03451,gdp_per_capita,40652.0,2023,eur_per_person,AI017-1
03451,manufacturing_employment_share,15.3,2024,percent,AI007-1
03451,migration_balance_per_10000,84.4,2024,per_10000_people,AI002-1-5
03451,minimum_security_rate,6.7,2024,percent,AI-S-03
03451,natural_balance_per_10000,-48.5,2024,per_10000_people,AI002-1-5
03451,population_change_per_10000,36.0,2024,per_10000_people,AI002-1-5
03451,population_density,174.8,2024,people_per_km2,AI002-1-5
03451,services_employment_share,69.5,2024,percent,AI007-1
03451,unemployment_rate,4.1,2025,percent,AI008-1-5
03451,workplace_density,843.3,2024,employed_per_1000_working_age,AI007-1
03452,age_65_plus_share,25.1,2024,percent,AI002-2-5
03452,age_under_18_share,16.1,2024,percent,AI002-2-5
03452,disposable_income_per_capita,23794.0,2022,eur_per_person,AI016-1
03452,foreign_population_share,6.9,2024,percent,AI002-1-5
03452,gdp_per_capita,34209.0,2023,eur_per_person,AI017-1
03452,manufacturing_employment_share,9.7,2024,percent,AI007-1
03452,migration_balance_per_10000,59.3,2024,per_10000_people,AI002-1-5
03452,minimum_security_rate,8.6,2024,percent,AI-S-03
03452,natural_balance_per_10000,-66.7,2024,per_10000_people,AI002-1-5
03452,population_change_per_10000,-7.6,2024,per_10000_people,AI002-1-5
03452,population_density,146.7,2024,people_per_km2,AI002-1-5
03452,services_employment_share,77.5,2024,percent,AI007-1
03452,unemployment_rate,6.5,2025,percent,AI008-1-5
03452,workplace_density,753.1,2024,employed_per_1000_working_age,AI007-1
03453,age_65_plus_share,18.3,2024,percent,AI002-2-5
03453,age_under_18_share,20.0,2024,percent,AI002-2-5
03453,disposable_income_per_capita,24407.0,2022,eur_per_person,AI016-1
03453,foreign_population_share,13.9,2024,percent,AI002-1-5
03453,gdp_per_capita,46222.0,2023,eur_per_person,AI017-1
03453,manufacturing_employment_share,25.4,2024,percent,AI007-1
03453,migration_balance_per_10000,22.6,2024,per_10000_people,AI002-1-5
03453,minimum_security_rate,6.3,2024,percent,AI-S-03
03453,natural_balance_per_10000,6.1,2024,per_10000_people,AI002-1-5
03453,population_change_per_10000,27.4,2024,per_10000_people,AI002-1-5
03453,population_density,124.6,2024,people_per_km2,AI002-1-5
03453,services_employment_share,56.8,2024,percent,AI007-1
03453,unemployment_rate,4.4,2025,percent,AI008-1-5
03453,workplace_density,878.8,2024,employed_per_1000_working_age,AI007-1
03454,age_65_plus_share,20.8,2024,percent,AI002-2-5
03454,age_under_18_share,18.2,2024,percent,AI002-2-5
03454,disposable_income_per_capita,25329.0,2022,eur_per_person,AI016-1
03454,foreign_population_share,13.4,2024,percent,AI002-1-5
03454,gdp_per_capita,53576.0,2023,eur_per_person,AI017-1
03454,manufacturing_employment_share,23.0,2024,percent,AI007-1
03454,migration_balance_per_10000,32.5,2024,per_10000_people,AI002-1-5
03454,minimum_security_rate,5.6,2024,percent,AI-S-03
03454,natural_balance_per_10000,-20.5,2024,per_10000_people,AI002-1-5
03454,population_change_per_10000,10.0,2024,per_10000_people,AI002-1-5
03454,population_density,116.0,2024,people_per_km2,AI002-1-5
03454,services_employment_share,61.4,2024,percent,AI007-1
03454,unemployment_rate,3.5,2025,percent,AI008-1-5
03454,workplace_density,968.6,2024,employed_per_1000_working_age,AI007-1
03455,age_65_plus_share,27.1,2024,percent,AI002-2-5
03455,age_under_18_share,15.8,2024,percent,AI002-2-5
03455,disposable_income_per_capita,24297.0,2022,eur_per_person,AI016-1
03455,foreign_population_share,5.9,2024,percent,AI002-1-5
03455,gdp_per_capita,33112.0,2023,eur_per_person,AI017-1
03455,manufacturing_employment_share,11.5,2024,percent,AI007-1
03455,migration_balance_per_10000,74.0,2024,per_10000_people,AI002-1-5
03455,minimum_security_rate,6.7,2024,percent,AI-S-03
03455,natural_balance_per_10000,-81.1,2024,per_10000_people,AI002-1-5
03455,population_change_per_10000,-5.0,2024,per_10000_people,AI002-1-5
03455,population_density,164.7,2024,people_per_km2,AI002-1-5
03455,services_employment_share,78.0,2024,percent,AI007-1
03455,unemployment_rate,4.6,2025,percent,AI008-1-5
03455,workplace_density,744.6,2024,employed_per_1000_working_age,AI007-1
03456,age_65_plus_share,21.8,2024,percent,AI002-2-5
03456,age_under_18_share,18.1,2024,percent,AI002-2-5
03456,disposable_income_per_capita,24125.0,2022,eur_per_person,AI016-1
03456,foreign_population_share,15.8,2024,percent,AI002-1-5
03456,gdp_per_capita,42078.0,2023,eur_per_person,AI017-1
03456,manufacturing_employment_share,18.0,2024,percent,AI007-1
03456,migration_balance_per_10000,45.9,2024,per_10000_people,AI002-1-5
03456,minimum_security_rate,6.3,2024,percent,AI-S-03
03456,natural_balance_per_10000,-21.9,2024,per_10000_people,AI002-1-5
03456,population_change_per_10000,22.9,2024,per_10000_people,AI002-1-5
03456,population_density,147.2,2024,people_per_km2,AI002-1-5
03456,services_employment_share,66.7,2024,percent,AI007-1
03456,unemployment_rate,3.6,2025,percent,AI008-1-5
03456,workplace_density,825.6,2024,employed_per_1000_working_age,AI007-1
03457,age_65_plus_share,23.1,2024,percent,AI002-2-5
03457,age_under_18_share,17.6,2024,percent,AI002-2-5
03457,disposable_income_per_capita,22770.0,2022,eur_per_person,AI016-1
03457,foreign_population_share,9.6,2024,percent,AI002-1-5
03457,gdp_per_capita,33962.0,2023,eur_per_person,AI017-1
03457,manufacturing_employment_share,9.0,2024,percent,AI007-1
03457,migration_balance_per_10000,47.5,2024,per_10000_people,AI002-1-5
03457,minimum_security_rate,7.9,2024,percent,AI-S-03
03457,natural_balance_per_10000,-46.5,2024,per_10000_people,AI002-1-5
03457,population_change_per_10000,-0.5,2024,per_10000_people,AI002-1-5
03457,population_density,155.8,2024,people_per_km2,AI002-1-5
03457,services_employment_share,78.6,2024,percent,AI007-1
03457,unemployment_rate,6.2,2025,percent,AI008-1-5
03457,workplace_density,693.3,2024,employed_per_1000_working_age,AI007-1
03458,age_65_plus_share,23.0,2024,percent,AI002-2-5
03458,age_under_18_share,17.1,2024,percent,AI002-2-5
03458,disposable_income_per_capita,26614.0,2022,eur_per_person,AI016-1
03458,foreign_population_share,9.5,2024,percent,AI002-1-5
03458,gdp_per_capita,34346.0,2023,eur_per_person,AI017-1
03458,manufacturing_employment_share,19.4,2024,percent,AI007-1
03458,migration_balance_per_10000,53.3,2024,per_10000_people,AI002-1-5
03458,minimum_security_rate,6.2,2024,percent,AI-S-03
03458,natural_balance_per_10000,-50.7,2024,per_10000_people,AI002-1-5
03458,population_change_per_10000,3.3,2024,per_10000_people,AI002-1-5
03458,population_density,124.0,2024,people_per_km2,AI002-1-5
03458,services_employment_share,66.7,2024,percent,AI007-1
03458,unemployment_rate,3.8,2025,percent,AI008-1-5
03458,workplace_density,722.0,2024,employed_per_1000_working_age,AI007-1
03459,age_65_plus_share,22.8,2024,percent,AI002-2-5
03459,age_under_18_share,17.9,2024,percent,AI002-2-5
03459,disposable_income_per_capita,25924.0,2022,eur_per_person,AI016-1
03459,foreign_population_share,9.5,2024,percent,AI002-1-5
03459,gdp_per_capita,38719.0,2023,eur_per_person,AI017-1
03459,manufacturing_employment_share,24.0,2024,percent,AI007-1
03459,migration_balance_per_10000,-3.0,2024,per_10000_people,AI002-1-5
03459,minimum_security_rate,5.1,2024,percent,AI-S-03
03459,natural_balance_per_10000,-34.7,2024,per_10000_people,AI002-1-5
03459,population_change_per_10000,-38.6,2024,per_10000_people,AI002-1-5
03459,population_density,167.2,2024,people_per_km2,AI002-1-5
03459,services_employment_share,62.9,2024,percent,AI007-1
03459,unemployment_rate,3.8,2025,percent,AI008-1-5
03459,workplace_density,810.0,2024,employed_per_1000_working_age,AI007-1
03460,age_65_plus_share,18.3,2024,percent,AI002-2-5
03460,age_under_18_share,19.4,2024,percent,AI002-2-5
03460,disposable_income_per_capita,26355.0,2022,eur_per_person,AI016-1
03460,foreign_population_share,14.4,2024,percent,AI002-1-5
03460,gdp_per_capita,57750.0,2023,eur_per_person,AI017-1
03460,manufacturing_employment_share,28.2,2024,percent,AI007-1
03460,migration_balance_per_10000,3.3,2024,per_10000_people,AI002-1-5
03460,minimum_security_rate,5.8,2024,percent,AI-S-03
03460,natural_balance_per_10000,5.2,2024,per_10000_people,AI002-1-5
03460,population_change_per_10000,9.5,2024,per_10000_people,AI002-1-5
03460,population_density,180.0,2024,people_per_km2,AI002-1-5
03460,services_employment_share,57.6,2024,percent,AI007-1
03460,unemployment_rate,3.8,2025,percent,AI008-1-5
03460,workplace_density,1059.7,2024,employed_per_1000_working_age,AI007-1
03461,age_65_plus_share,24.8,2024,percent,AI002-2-5
03461,age_under_18_share,16.3,2024,percent,AI002-2-5
03461,disposable_income_per_capita,24782.0,2022,eur_per_person,AI016-1
03461,foreign_population_share,9.9,2024,percent,AI002-1-5
03461,gdp_per_capita,43108.0,2023,eur_per_person,AI017-1
03461,manufacturing_employment_share,28.6,2024,percent,AI007-1
03461,migration_balance_per_10000,36.5,2024,per_10000_people,AI002-1-5
03461,minimum_security_rate,8.9,2024,percent,AI-S-03
03461,natural_balance_per_10000,-77.4,2024,per_10000_people,AI002-1-5
03461,population_change_per_10000,-42.6,2024,per_10000_people,AI002-1-5
03461,population_density,107.8,2024,people_per_km2,AI002-1-5
03461,services_employment_share,58.6,2024,percent,AI007-1
03461,unemployment_rate,6.7,2025,percent,AI008-1-5
03461,workplace_density,784.8,2024,employed_per_1000_working_age,AI007-1
03462,age_65_plus_share,27.0,2024,percent,AI002-2-5
03462,age_under_18_share,15.9,2024,percent,AI002-2-5
03462,disposable_income_per_capita,24666.0,2022,eur_per_person,AI016-1
03462,foreign_population_share,6.6,2024,percent,AI002-1-5
03462,gdp_per_capita,33959.0,2023,eur_per_person,AI017-1
03462,manufacturing_employment_share,7.1,2024,percent,AI007-1
03462,migration_balance_per_10000,68.6,2024,per_10000_people,AI002-1-5
03462,minimum_security_rate,8.4,2024,percent,AI-S-03
03462,natural_balance_per_10000,-74.7,2024,per_10000_people,AI002-1-5
03462,population_change_per_10000,-7.9,2024,per_10000_people,AI002-1-5
03462,population_density,85.2,2024,people_per_km2,AI002-1-5
03462,services_employment_share,79.7,2024,percent,AI007-1
03462,unemployment_rate,5.6,2025,percent,AI008-1-5
03462,workplace_density,747.7,2024,employed_per_1000_working_age,AI007-1
04011,age_65_plus_share,20.6,2024,percent,AI002-2-5
04011,age_under_18_share,17.1,2024,percent,AI002-2-5
04011,disposable_income_per_capita,24562.0,2022,eur_per_person,AI016-1
04011,foreign_population_share,22.9,2024,percent,AI002-1-5
04011,gdp_per_capita,61548.0,2023,eur_per_person,AI017-1
04011,manufacturing_employment_share,13.2,2024,percent,AI007-1
04011,migration_balance_per_10000,62.2,2024,per_10000_people,AI002-1-5
04011,minimum_security_rate,16.4,2024,percent,AI-S-03
04011,natural_balance_per_10000,-28.4,2024,per_10000_people,AI002-1-5
04011,population_change_per_10000,33.1,2024,per_10000_people,AI002-1-5
04011,population_density,1797.4,2024,people_per_km2,AI002-1-5
04011,services_employment_share,82.1,2024,percent,AI007-1
04011,unemployment_rate,11.0,2025,percent,AI008-1-5
04011,workplace_density,1005.2,2024,employed_per_1000_working_age,AI007-1
04012,age_65_plus_share,21.8,2024,percent,AI002-2-5
04012,age_under_18_share,18.2,2024,percent,AI002-2-5
04012,disposable_income_per_capita,20059.0,2022,eur_per_person,AI016-1
04012,foreign_population_share,22.2,2024,percent,AI002-1-5
04012,gdp_per_capita,43951.0,2023,eur_per_person,AI017-1
04012,manufacturing_employment_share,10.9,2024,percent,AI007-1
04012,migration_balance_per_10000,60.2,2024,per_10000_people,AI002-1-5
04012,minimum_security_rate,19.9,2024,percent,AI-S-03
04012,natural_balance_per_10000,-40.9,2024,per_10000_people,AI002-1-5
04012,population_change_per_10000,24.2,2024,per_10000_people,AI002-1-5
04012,population_density,1264.9,2024,people_per_km2,AI002-1-5
04012,services_employment_share,83.2,2024,percent,AI007-1
04012,unemployment_rate,14.5,2025,percent,AI008-1-5
04012,workplace_density,826.0,2024,employed_per_1000_working_age,AI007-1
05111,age_65_plus_share,19.0,2024,percent,AI002-2-5
05111,age_under_18_share,15.8,2024,percent,AI002-2-5
05111,disposable_income_per_capita,29355.0,2022,eur_per_person,AI016-1
05111,foreign_population_share,23.7,2024,percent,AI002-1-5
05111,gdp_per_capita,100414.0,2023,eur_per_person,AI017-1
05111,manufacturing_employment_share,5.9,2024,percent,AI007-1
05111,migration_balance_per_10000,50.3,2024,per_10000_people,AI002-1-5
05111,minimum_security_rate,11.0,2024,percent,AI-S-03
05111,natural_balance_per_10000,-16.1,2024,per_10000_people,AI002-1-5
05111,population_change_per_10000,38.3,2024,per_10000_people,AI002-1-5
05111,population_density,2845.7,2024,people_per_km2,AI002-1-5
05111,services_employment_share,90.3,2024,percent,AI007-1
05111,unemployment_rate,8.0,2025,percent,AI008-1-5
05111,workplace_density,1387.8,2024,employed_per_1000_working_age,AI007-1
05112,age_65_plus_share,20.4,2024,percent,AI002-2-5
05112,age_under_18_share,18.1,2024,percent,AI002-2-5
05112,disposable_income_per_capita,19325.0,2022,eur_per_person,AI016-1
05112,foreign_population_share,23.7,2024,percent,AI002-1-5
05112,gdp_per_capita,40198.0,2023,eur_per_person,AI017-1
05112,manufacturing_employment_share,14.9,2024,percent,AI007-1
05112,migration_balance_per_10000,20.5,2024,per_10000_people,AI002-1-5
05112,minimum_security_rate,16.8,2024,percent,AI-S-03
05112,natural_balance_per_10000,-38.8,2024,per_10000_people,AI002-1-5
05112,population_change_per_10000,-18.2,2024,per_10000_people,AI002-1-5
05112,population_density,2157.1,2024,people_per_km2,AI002-1-5
05112,services_employment_share,78.0,2024,percent,AI007-1
05112,unemployment_rate,13.2,2025,percent,AI008-1-5
05112,workplace_density,719.7,2024,employed_per_1000_working_age,AI007-1
05113,age_65_plus_share,22.0,2024,percent,AI002-2-5
05113,age_under_18_share,17.0,2024,percent,AI002-2-5
05113,disposable_income_per_capita,23503.0,2022,eur_per_person,AI016-1
05113,foreign_population_share,19.0,2024,percent,AI002-1-5
05113,gdp_per_capita,54085.0,2023,eur_per_person,AI017-1
05113,manufacturing_employment_share,5.3,2024,percent,AI007-1
05113,migration_balance_per_10000,48.3,2024,per_10000_people,AI002-1-5
05113,minimum_security_rate,17.8,2024,percent,AI-S-03
05113,natural_balance_per_10000,-40.6,2024,per_10000_people,AI002-1-5
05113,population_change_per_10000,10.4,2024,per_10000_people,AI002-1-5
05113,population_density,2732.2,2024,people_per_km2,AI002-1-5
05113,services_employment_share,86.9,2024,percent,AI007-1
05113,unemployment_rate,11.4,2025,percent,AI008-1-5
05113,workplace_density,958.8,2024,employed_per_1000_working_age,AI007-1
05114,age_65_plus_share,22.3,2024,percent,AI002-2-5
05114,age_under_18_share,16.8,2024,percent,AI002-2-5
05114,disposable_income_per_capita,23914.0,2022,eur_per_person,AI016-1
05114,foreign_population_share,20.1,2024,percent,AI002-1-5
05114,gdp_per_capita,48155.0,2023,eur_per_person,AI017-1
05114,manufacturing_employment_share,17.1,2024,percent,AI007-1
05114,migration_balance_per_10000,83.6,2024,per_10000_people,AI002-1-5
05114,minimum_security_rate,14.0,2024,percent,AI-S-03
05114,natural_balance_per_10000,-43.6,2024,per_10000_people,AI002-1-5
05114,population_change_per_10000,43.9,2024,per_10000_people,AI002-1-5
05114,population_density,1679.5,2024,people_per_km2,AI002-1-5
05114,services_employment_share,76.6,2024,percent,AI007-1
05114,unemployment_rate,11.0,2025,percent,AI008-1-5
05114,workplace_density,847.1,2024,employed_per_1000_working_age,AI007-1
05116,age_65_plus_share,21.7,2024,percent,AI002-2-5
05116,age_under_18_share,17.1,2024,percent,AI002-2-5
05116,disposable_income_per_capita,23511.0,2022,eur_per_person,AI016-1
05116,foreign_population_share,20.7,2024,percent,AI002-1-5
05116,gdp_per_capita,40556.0,2023,eur_per_person,AI017-1
05116,manufacturing_employment_share,11.6,2024,percent,AI007-1
05116,migration_balance_per_10000,24.4,2024,per_10000_people,AI002-1-5
05116,minimum_security_rate,15.8,2024,percent,AI-S-03
05116,natural_balance_per_10000,-36.9,2024,per_10000_people,AI002-1-5
05116,population_change_per_10000,-17.0,2024,per_10000_people,AI002-1-5
05116,population_density,1567.5,2024,people_per_km2,AI002-1-5
05116,services_employment_share,81.9,2024,percent,AI007-1
05116,unemployment_rate,10.8,2025,percent,AI008-1-5
05116,workplace_density,818.8,2024,employed_per_1000_working_age,AI007-1
05117,age_65_plus_share,24.0,2024,percent,AI002-2-5
05117,age_under_18_share,17.0,2024,percent,AI002-2-5
05117,disposable_income_per_capita,25874.0,2022,eur_per_person,AI016-1
05117,foreign_population_share,18.1,2024,percent,AI002-1-5
05117,gdp_per_capita,45776.0,2023,eur_per_person,AI017-1
05117,manufacturing_employment_share,14.5,2024,percent,AI007-1
05117,migration_balance_per_10000,65.7,2024,per_10000_people,AI002-1-5
05117,minimum_security_rate,13.9,2024,percent,AI-S-03
05117,natural_balance_per_10000,-56.3,2024,per_10000_people,AI002-1-5
05117,population_change_per_10000,9.4,2024,per_10000_people,AI002-1-5
05117,population_density,1895.8,2024,people_per_km2,AI002-1-5
05117,services_employment_share,77.8,2024,percent,AI007-1
05117,unemployment_rate,8.1,2025,percent,AI008-1-5
05117,workplace_density,774.5,2024,employed_per_1000_working_age,AI007-1
05119,age_65_plus_share,22.9,2024,percent,AI002-2-5
05119,age_under_18_share,17.0,2024,percent,AI002-2-5
05119,disposable_income_per_capita,21257.0,2022,eur_per_person,AI016-1
05119,foreign_population_share,18.2,2024,percent,AI002-1-5
05119,gdp_per_capita,35450.0,2023,eur_per_person,AI017-1
05119,manufacturing_employment_share,10.5,2024,percent,AI007-1
05119,migration_balance_per_10000,54.8,2024,per_10000_people,AI002-1-5
05119,minimum_security_rate,14.6,2024,percent,AI-S-03
05119,natural_balance_per_10000,-51.5,2024,per_10000_people,AI002-1-5
05119,population_change_per_10000,6.4,2024,per_10000_people,AI002-1-5
05119,population_density,2771.4,2024,people_per_km2,AI002-1-5
05119,services_employment_share,80.8,2024,percent,AI007-1
05119,unemployment_rate,11.4,2025,percent,AI008-1-5
05119,workplace_density,709.7,2024,employed_per_1000_working_age,AI007-1
05120,age_65_plus_share,22.3,2024,percent,AI002-2-5
05120,age_under_18_share,17.0,2024,percent,AI002-2-5
05120,disposable_income_per_capita,24082.0,2022,eur_per_person,AI016-1
05120,foreign_population_share,19.7,2024,percent,AI002-1-5
05120,gdp_per_capita,42923.0,2023,eur_per_person,AI017-1
05120,manufacturing_employment_share,28.8,2024,percent,AI007-1
05120,migration_balance_per_10000,19.2,2024,per_10000_people,AI002-1-5
05120,minimum_security_rate,12.4,2024,percent,AI-S-03
05120,natural_balance_per_10000,-41.5,2024,per_10000_people,AI002-1-5
05120,population_change_per_10000,-20.4,2024,per_10000_people,AI002-1-5
05120,population_density,1527.5,2024,people_per_km2,AI002-1-5
05120,services_employment_share,65.0,2024,percent,AI007-1
05120,unemployment_rate,8.4,2025,percent,AI008-1-5
05120,workplace_density,846.4,2024,employed_per_1000_working_age,AI007-1
05122,age_65_plus_share,22.3,2024,percent,AI002-2-5
05122,age_under_18_share,16.9,2024,percent,AI002-2-5
05122,disposable_income_per_capita,25530.0,2022,eur_per_person,AI016-1
05122,foreign_population_share,18.0,2024,percent,AI002-1-5
05122,gdp_per_capita,34249.0,2023,eur_per_person,AI017-1
05122,manufacturing_employment_share,20.5,2024,percent,AI007-1
05122,migration_balance_per_10000,22.8,2024,per_10000_people,AI002-1-5
05122,minimum_security_rate,11.4,2024,percent,AI-S-03
05122,natural_balance_per_10000,-50.7,2024,per_10000_people,AI002-1-5
05122,population_change_per_10000,-27.3,2024,per_10000_people,AI002-1-5
05122,population_density,1849.7,2024,people_per_km2,AI002-1-5
05122,services_employment_share,72.6,2024,percent,AI007-1
05122,unemployment_rate,8.5,2025,percent,AI008-1-5
05122,workplace_density,662.8,2024,employed_per_1000_working_age,AI007-1
05124,age_65_plus_share,21.1,2024,percent,AI002-2-5
05124,age_under_18_share,17.5,2024,percent,AI002-2-5
05124,disposable_income_per_capita,22829.0,2022,eur_per_person,AI016-1
05124,foreign_population_share,22.9,2024,percent,AI002-1-5
05124,gdp_per_capita,40162.0,2023,eur_per_person,AI017-1
05124,manufacturing_employment_share,15.9,2024,percent,AI007-1
05124,migration_balance_per_10000,20.8,2024,per_10000_people,AI002-1-5
05124,minimum_security_rate,15.7,2024,percent,AI-S-03
05124,natural_balance_per_10000,-32.4,2024,per_10000_people,AI002-1-5
05124,population_change_per_10000,-11.1,2024,per_10000_people,AI002-1-5
05124,population_density,2127.2,2024,people_per_km2,AI002-1-5
05124,services_employment_share,78.8,2024,percent,AI007-1
05124,unemployment_rate,10.7,2025,percent,AI008-1-5
05124,workplace_density,770.9,2024,employed_per_1000_working_age,AI007-1
05154,age_65_plus_share,22.0,2024,percent,AI002-2-5
05154,age_under_18_share,16.6,2024,percent,AI002-2-5
05154,disposable_income_per_capita,23865.0,2022,eur_per_person,AI016-1
05154,foreign_population_share,18.7,2024,percent,AI002-1-5
05154,gdp_per_capita,37138.0,2023,eur_per_person,AI017-1
05154,manufacturing_employment_share,12.2,2024,percent,AI007-1
05154,migration_balance_per_10000,104.6,2024,per_10000_people,AI002-1-5
05154,minimum_security_rate,8.2,2024,percent,AI-S-03
05154,natural_balance_per_10000,-39.7,2024,per_10000_people,AI002-1-5
05154,population_change_per_10000,65.1,2024,per_10000_people,AI002-1-5
05154,population_density,261.2,2024,people_per_km2,AI002-1-5
05154,services_employment_share,75.0,2024,percent,AI007-1
05154,unemployment_rate,6.3,2025,percent,AI008-1-5
05154,workplace_density,741.1,2024,employed_per_1000_working_age,AI007-1
05158,age_65_plus_share,24.6,2024,percent,AI002-2-5
05158,age_under_18_share,16.9,2024,percent,AI002-2-5
05158,disposable_income_per_capita,28195.0,2022,eur_per_person,AI016-1
05158,foreign_population_share,14.9,2024,percent,AI002-1-5
05158,gdp_per_capita,54774.0,2023,eur_per_person,AI017-1
05158,manufacturing_employment_share,17.7,2024,percent,AI007-1
05158,migration_balance_per_10000,79.6,2024,per_10000_people,AI002-1-5
05158,minimum_security_rate,10.3,2024,percent,AI-S-03
05158,natural_balance_per_10000,-56.5,2024,per_10000_people,AI002-1-5
05158,population_change_per_10000,23.5,2024,per_10000_people,AI002-1-5
05158,population_density,1205.5,2024,people_per_km2,AI002-1-5
05158,services_employment_share,75.1,2024,percent,AI007-1
05158,unemployment_rate,7.2,2025,percent,AI008-1-5
05158,workplace_density,869.2,2024,employed_per_1000_working_age,AI007-1
05162,age_65_plus_share,23.0,2024,percent,AI002-2-5
05162,age_under_18_share,17.4,2024,percent,AI002-2-5
05162,disposable_income_per_capita,27956.0,2022,eur_per_person,AI016-1
05162,foreign_population_share,14.7,2024,percent,AI002-1-5
05162,gdp_per_capita,47346.0,2023,eur_per_person,AI017-1
05162,manufacturing_employment_share,13.4,2024,percent,AI007-1
05162,migration_balance_per_10000,33.1,2024,per_10000_people,AI002-1-5
05162,minimum_security_rate,8.3,2024,percent,AI-S-03
05162,natural_balance_per_10000,-40.5,2024,per_10000_people,AI002-1-5
05162,population_change_per_10000,-7.0,2024,per_10000_people,AI002-1-5
05162,population_density,793.0,2024,people_per_km2,AI002-1-5
05162,services_employment_share,77.8,2024,percent,AI007-1
05162,unemployment_rate,6.4,2025,percent,AI008-1-5
05162,workplace_density,759.2,2024,employed_per_1000_working_age,AI007-1
05166,age_65_plus_share,23.9,2024,percent,AI002-2-5
05166,age_under_18_share,16.3,2024,percent,AI002-2-5
05166,disposable_income_per_capita,26473.0,2022,eur_per_person,AI016-1
05166,foreign_population_share,12.4,2024,percent,AI002-1-5
05166,gdp_per_capita,34427.0,2023,eur_per_person,AI017-1
05166,manufacturing_employment_share,15.0,2024,percent,AI007-1
05166,migration_balance_per_10000,68.6,2024,per_10000_people,AI002-1-5
05166,minimum_security_rate,7.9,2024,percent,AI-S-03
05166,natural_balance_per_10000,-59.1,2024,per_10000_people,AI002-1-5
05166,population_change_per_10000,11.9,2024,per_10000_people,AI002-1-5
05166,population_density,528.8,2024,people_per_km2,AI002-1-5
05166,services_employment_share,74.3,2024,percent,AI007-1
05166,unemployment_rate,5.9,2025,percent,AI008-1-5
05166,workplace_density,738.0,2024,employed_per_1000_working_age,AI007-1
05170,age_65_plus_share,25.0,2024,percent,AI002-2-5
05170,age_under_18_share,16.4,2024,percent,AI002-2-5
05170,disposable_income_per_capita,25299.0,2022,eur_per_person,AI016-1
05170,foreign_population_share,11.1,2024,percent,AI002-1-5
05170,gdp_per_capita,34273.0,2023,eur_per_person,AI017-1
05170,manufacturing_employment_share,13.2,2024,percent,AI007-1
05170,migration_balance_per_10000,65.9,2024,per_10000_people,AI002-1-5
05170,minimum_security_rate,9.4,2024,percent,AI-S-03
05170,natural_balance_per_10000,-58.9,2024,per_10000_people,AI002-1-5
05170,population_change_per_10000,8.1,2024,per_10000_people,AI002-1-5
05170,population_density,439.1,2024,people_per_km2,AI002-1-5
05170,services_employment_share,76.9,2024,percent,AI007-1
05170,unemployment_rate,7.3,2025,percent,AI008-1-5
05170,workplace_density,730.2,2024,employed_per_1000_working_age,AI007-1
05314,age_65_plus_share,19.1,2024,percent,AI002-2-5
05314,age_under_18_share,16.5,2024,percent,AI002-2-5
05314,disposable_income_per_capita,25852.0,2022,eur_per_person,AI016-1
05314,foreign_population_share,19.4,2024,percent,AI002-1-5
05314,gdp_per_capita,84138.0,2023,eur_per_person,AI017-1
05314,manufacturing_employment_share,3.0,2024,percent,AI007-1
05314,migration_balance_per_10000,61.4,2024,per_10000_people,AI002-1-5
05314,minimum_security_rate,11.2,2024,percent,AI-S-03
05314,natural_balance_per_10000,-13.4,2024,per_10000_people,AI002-1-5
05314,population_change_per_10000,51.3,2024,per_10000_people,AI002-1-5
05314,population_density,2292.2,2024,people_per_km2,AI002-1-5
05314,services_employment_share,94.5,2024,percent,AI007-1
05314,unemployment_rate,7.4,2025,percent,AI008-1-5
05314,workplace_density,1242.0,2024,employed_per_1000_working_age,AI007-1
05315,age_65_plus_share,18.0,2024,percent,AI002-2-5
05315,age_under_18_share,15.9,2024,percent,AI002-2-5
05315,disposable_income_per_capita,25657.0,2022,eur_per_person,AI016-1
05315,foreign_population_share,19.5,2024,percent,AI002-1-5
05315,gdp_per_capita,73092.0,2023,eur_per_person,AI017-1
05315,manufacturing_employment_share,7.3,2024,percent,AI007-1
05315,migration_balance_per_10000,15.8,2024,per_10000_people,AI002-1-5
05315,minimum_security_rate,13.9,2024,percent,AI-S-03
05315,natural_balance_per_10000,-11.1,2024,per_10000_people,AI002-1-5
05315,population_change_per_10000,2.1,2024,per_10000_people,AI002-1-5
05315,population_density,2529.8,2024,people_per_km2,AI002-1-5
05315,services_employment_share,88.2,2024,percent,AI007-1
05315,unemployment_rate,9.1,2025,percent,AI008-1-5
05315,workplace_density,1158.4,2024,employed_per_1000_working_age,AI007-1
05316,age_65_plus_share,21.6,2024,percent,AI002-2-5
05316,age_under_18_share,17.2,2024,percent,AI002-2-5
05316,disposable_income_per_capita,24477.0,2022,eur_per_person,AI016-1
05316,foreign_population_share,19.0,2024,percent,AI002-1-5
05316,gdp_per_capita,55377.0,2023,eur_per_person,AI017-1
05316,manufacturing_employment_share,20.4,2024,percent,AI007-1
05316,migration_balance_per_10000,76.0,2024,per_10000_people,AI002-1-5
05316,minimum_security_rate,12.1,2024,percent,AI-S-03
05316,natural_balance_per_10000,-28.8,2024,per_10000_people,AI002-1-5
05316,population_change_per_10000,43.5,2024,per_10000_people,AI002-1-5
05316,population_density,2137.5,2024,people_per_km2,AI002-1-5
05316,services_employment_share,70.3,2024,percent,AI007-1
05316,unemployment_rate,7.6,2025,percent,AI008-1-5
05316,workplace_density,803.6,2024,employed_per_1000_working_age,AI007-1
05334,age_65_plus_share,21.2,2024,percent,AI002-2-5
05334,age_under_18_share,15.5,2024,percent,AI002-2-5
05334,disposable_income_per_capita,23201.0,2022,eur_per_person,AI016-1
05334,foreign_population_share,18.1,2024,percent,AI002-1-5
05334,gdp_per_capita,46266.0,2023,eur_per_person,AI017-1
05334,manufacturing_employment_share,12.8,2024,percent,AI007-1
05334,migration_balance_per_10000,30.9,2024,per_10000_people,AI002-1-5
05334,minimum_security_rate,10.4,2024,percent,AI-S-03
05334,natural_balance_per_10000,-32.8,2024,per_10000_people,AI002-1-5
05334,population_change_per_10000,-0.9,2024,per_10000_people,AI002-1-5
05334,population_density,823.9,2024,people_per_km2,AI002-1-5
05334,services_employment_share,81.3,2024,percent,AI007-1
05334,unemployment_rate,7.8,2025,percent,AI008-1-5
05334,workplace_density,803.5,2024,employed_per_1000_working_age,AI007-1
05358,age_65_plus_share,22.6,2024,percent,AI002-2-5
05358,age_under_18_share,17.2,2024,percent,AI002-2-5
05358,disposable_income_per_capita,24424.0,2022,eur_per_person,AI016-1
05358,foreign_population_share,13.5,2024,percent,AI002-1-5
05358,gdp_per_capita,36012.0,2023,eur_per_person,AI017-1
05358,manufacturing_employment_share,14.2,2024,percent,AI007-1
05358,migration_balance_per_10000,68.1,2024,per_10000_people,AI002-1-5
05358,minimum_security_rate,9.9,2024,percent,AI-S-03
05358,natural_balance_per_10000,-39.3,2024,per_10000_people,AI002-1-5
05358,population_change_per_10000,29.5,2024,per_10000_people,AI002-1-5
05358,population_density,296.6,2024,people_per_km2,AI002-1-5
05358,services_employment_share,74.9,2024,percent,AI007-1
05358,unemployment_rate,7.6,2025,percent,AI008-1-5
05358,workplace_density,709.1,2024,employed_per_1000_working_age,AI007-1
05362,age_65_plus_share,22.2,2024,percent,AI002-2-5
05362,age_under_18_share,17.6,2024,percent,AI002-2-5
05362,disposable_income_per_capita,25647.0,2022,eur_per_person,AI016-1
05362,foreign_population_share,15.5,2024,percent,AI002-1-5
05362,gdp_per_capita,42637.0,2023,eur_per_person,AI017-1
05362,manufacturing_employment_share,12.8,2024,percent,AI007-1
05362,migration_balance_per_10000,71.6,2024,per_10000_people,AI002-1-5
05362,minimum_security_rate,8.6,2024,percent,AI-S-03
05362,natural_balance_per_10000,-38.6,2024,per_10000_people,AI002-1-5
05362,population_change_per_10000,33.0,2024,per_10000_people,AI002-1-5
05362,population_density,678.3,2024,people_per_km2,AI002-1-5
05362,services_employment_share,77.0,2024,percent,AI007-1
05362,unemployment_rate,6.5,2025,percent,AI008-1-5
05362,workplace_density,678.8,2024,employed_per_1000_working_age,AI007-1
05366,age_65_plus_share,23.3,2024,percent,AI002-2-5
05366,age_under_18_share,17.0,2024,percent,AI002-2-5
05366,disposable_income_per_capita,24805.0,2022,eur_per_person,AI016-1
05366,foreign_population_share,10.2,2024,percent,AI002-1-5
05366,gdp_per_capita,34123.0,2023,eur_per_person,AI017-1
05366,manufacturing_employment_share,14.1,2024,percent,AI007-1
05366,migration_balance_per_10000,82.0,2024,per_10000_people,AI002-1-5
05366,minimum_security_rate,7.7,2024,percent,AI-S-03
05366,natural_balance_per_10000,-43.1,2024,per_10000_people,AI002-1-5
05366,population_change_per_10000,38.0,2024,per_10000_people,AI002-1-5
05366,population_density,162.3,2024,people_per_km2,AI002-1-5
05366,services_employment_share,75.5,2024,percent,AI007-1
05366,unemployment_rate,5.9,2025,percent,AI008-1-5
05366,workplace_density,675.5,2024,employed_per_1000_working_age,AI007-1
05370,age_65_plus_share,22.8,2024,percent,AI002-2-5
05370,age_under_18_share,17.1,2024,percent,AI002-2-5
05370,disposable_income_per_capita,23751.0,2022,eur_per_person,AI016-1
05370,foreign_population_share,13.7,2024,percent,AI002-1-5
05370,gdp_per_capita,31934.0,2023,eur_per_person,AI017-1
05370,manufacturing_employment_share,14.6,2024,percent,AI007-1
05370,migration_balance_per_10000,102.7,2024,per_10000_people,AI002-1-5
05370,minimum_security_rate,8.4,2024,percent,AI-S-03
05370,natural_balance_per_10000,-43.4,2024,per_10000_people,AI002-1-5
05370,population_change_per_10000,58.3,2024,per_10000_people,AI002-1-5
05370,population_density,419.9,2024,people_per_km2,AI002-1-5
05370,services_employment_share,73.9,2024,percent,AI007-1
05370,unemployment_rate,6.1,2025,percent,AI008-1-5
05370,workplace_density,671.7,2024,employed_per_1000_working_age,AI007-1
05374,age_65_plus_share,22.8,2024,percent,AI002-2-5
05374,age_under_18_share,17.9,2024,percent,AI002-2-5
05374,disposable_income_per_capita,25557.0,2022,eur_per_person,AI016-1
05374,foreign_population_share,11.3,2024,percent,AI002-1-5
05374,gdp_per_capita,42013.0,2023,eur_per_person,AI017-1
05374,manufacturing_employment_share,27.0,2024,percent,AI007-1
05374,migration_balance_per_10000,45.4,2024,per_10000_people,AI002-1-5
05374,minimum_security_rate,7.5,2024,percent,AI-S-03
05374,natural_balance_per_10000,-41.2,2024,per_10000_people,AI002-1-5
05374,population_change_per_10000,3.4,2024,per_10000_people,AI002-1-5
05374,population_density,298.3,2024,people_per_km2,AI002-1-5
05374,services_employment_share,65.6,2024,percent,AI007-1
05374,unemployment_rate,5.7,2025,percent,AI008-1-5
05374,workplace_density,841.2,2024,employed_per_1000_working_age,AI007-1
05378,age_65_plus_share,24.3,2024,percent,AI002-2-5
05378,age_under_18_share,16.9,2024,percent,AI002-2-5
05378,disposable_income_per_capita,29471.0,2022,eur_per_person,AI016-1
05378,foreign_population_share,11.3,2024,percent,AI002-1-5
05378,gdp_per_capita,31632.0,2023,eur_per_person,AI017-1
05378,manufacturing_employment_share,14.6,2024,percent,AI007-1
05378,migration_balance_per_10000,69.8,2024,per_10000_people,AI002-1-5
05378,minimum_security_rate,8.2,2024,percent,AI-S-03
05378,natural_balance_per_10000,-46.6,2024,per_10000_people,AI002-1-5
05378,population_change_per_10000,23.5,2024,per_10000_people,AI002-1-5
05378,population_density,650.0,2024,people_per_km2,AI002-1-5
05378,services_employment_share,77.6,2024,percent,AI007-1
05378,unemployment_rate,6.2,2025,percent,AI008-1-5
05378,workplace_density,642.8,2024,employed_per_1000_working_age,AI007-1
05382,age_65_plus_share,23.1,2024,percent,AI002-2-5
05382,age_under_18_share,17.3,2024,percent,AI002-2-5
05382,disposable_income_per_capita,27167.0,2022,eur_per_person,AI016-1
05382,foreign_population_share,12.0,2024,percent,AI002-1-5
05382,gdp_per_capita,33492.0,2023,eur_per_person,AI017-1
05382,manufacturing_employment_share,13.1,2024,percent,AI007-1
05382,migration_balance_per_10000,35.3,2024,per_10000_people,AI002-1-5
05382,minimum_security_rate,7.9,2024,percent,AI-S-03
05382,natural_balance_per_10000,-33.0,2024,per_10000_people,AI002-1-5
05382,population_change_per_10000,2.6,2024,per_10000_people,AI002-1-5
05382,population_density,525.0,2024,people_per_km2,AI002-1-5
05382,services_employment_share,77.3,2024,percent,AI007-1
05382,unemployment_rate,5.9,2025,percent,AI008-1-5
05382,workplace_density,668.9,2024,employed_per_1000_working_age,AI007-1
05512,age_65_plus_share,24.3,2024,percent,AI002-2-5
05512,age_under_18_share,16.5,2024,percent,AI002-2-5
05512,disposable_income_per_capita,23555.0,2022,eur_per_person,AI016-1
05512,foreign_population_share,12.5,2024,percent,AI002-1-5
05512,gdp_per_capita,29117.0,2023,eur_per_person,AI017-1
05512,manufacturing_employment_share,9.6,2024,percent,AI007-1
05512,migration_balance_per_10000,15.3,2024,per_10000_people,AI002-1-5
05512,minimum_security_rate,11.1,2024,percent,AI-S-03
05512,natural_balance_per_10000,-47.9,2024,per_10000_people,AI002-1-5
05512,population_change_per_10000,-31.8,2024,per_10000_people,AI002-1-5
05512,population_density,1178.2,2024,people_per_km2,AI002-1-5
05512,services_employment_share,80.6,2024,percent,AI007-1
05512,unemployment_rate,8.2,2025,percent,AI008-1-5
05512,workplace_density,634.3,2024,employed_per_1000_working_age,AI007-1
05513,age_65_plus_share,20.4,2024,percent,AI002-2-5
05513,age_under_18_share,19.2,2024,percent,AI002-2-5
05513,disposable_income_per_capita,18522.0,2022,eur_per_person,AI016-1
05513,foreign_population_share,24.9,2024,percent,AI002-1-5
05513,gdp_per_capita,39065.0,2023,eur_per_person,AI017-1
05513,manufacturing_employment_share,8.4,2024,percent,AI007-1
05513,migration_balance_per_10000,46.1,2024,per_10000_people,AI002-1-5
05513,minimum_security_rate,21.7,2024,percent,AI-S-03
05513,natural_balance_per_10000,-26.5,2024,per_10000_people,AI002-1-5
05513,population_change_per_10000,24.1,2024,per_10000_people,AI002-1-5
05513,population_density,2553.2,2024,people_per_km2,AI002-1-5
05513,services_employment_share,81.6,2024,percent,AI007-1
05513,unemployment_rate,15.2,2025,percent,AI008-1-5
05513,workplace_density,693.9,2024,employed_per_1000_working_age,AI007-1
05515,age_65_plus_share,18.7,2024,percent,AI002-2-5
05515,age_under_18_share,15.0,2024,percent,AI002-2-5
05515,disposable_income_per_capita,26079.0,2022,eur_per_person,AI016-1
05515,foreign_population_share,12.0,2024,percent,AI002-1-5
05515,gdp_per_capita,66864.0,2023,eur_per_person,AI017-1
05515,manufacturing_employment_share,5.2,2024,percent,AI007-1
05515,migration_balance_per_10000,40.8,2024,per_10000_people,AI002-1-5
05515,minimum_security_rate,8.7,2024,percent,AI-S-03
05515,natural_balance_per_10000,-7.6,2024,per_10000_people,AI002-1-5
05515,population_change_per_10000,38.6,2024,per_10000_people,AI002-1-5
05515,population_density,1016.4,2024,people_per_km2,AI002-1-5
05515,services_employment_share,90.1,2024,percent,AI007-1
05515,unemployment_rate,5.3,2025,percent,AI008-1-5
05515,workplace_density,1192.1,2024,employed_per_1000_working_age,AI007-1
05554,age_65_plus_share,20.6,2024,percent,AI002-2-5
05554,age_under_18_share,18.5,2024,percent,AI002-2-5
05554,disposable_income_per_capita,26582.0,2022,eur_per_person,AI016-1
05554,foreign_population_share,11.3,2024,percent,AI002-1-5
05554,gdp_per_capita,46755.0,2023,eur_per_person,AI017-1
05554,manufacturing_employment_share,22.6,2024,percent,AI007-1
05554,migration_balance_per_10000,46.6,2024,per_10000_people,AI002-1-5
05554,minimum_security_rate,6.3,2024,percent,AI-S-03
05554,natural_balance_per_10000,-19.7,2024,per_10000_people,AI002-1-5
05554,population_change_per_10000,26.5,2024,per_10000_people,AI002-1-5
05554,population_density,268.0,2024,people_per_km2,AI002-1-5
05554,services_employment_share,64.8,2024,percent,AI007-1
05554,unemployment_rate,4.6,2025,percent,AI008-1-5
05554,workplace_density,894.0,2024,employed_per_1000_working_age,AI007-1
05558,age_65_plus_share,23.3,2024,percent,AI002-2-5
05558,age_under_18_share,17.6,2024,percent,AI002-2-5
05558,disposable_income_per_capita,27654.0,2022,eur_per_person,AI016-1
05558,foreign_population_share,9.1,2024,percent,AI002-1-5
05558,gdp_per_capita,36292.0,2023,eur_per_person,AI017-1
05558,manufacturing_employment_share,17.5,2024,percent,AI007-1
05558,migration_balance_per_10000,103.5,2024,per_10000_people,AI002-1-5
05558,minimum_security_rate,6.7,2024,percent,AI-S-03
05558,natural_balance_per_10000,-30.9,2024,per_10000_people,AI002-1-5
05558,population_change_per_10000,72.3,2024,per_10000_people,AI002-1-5
05558,population_density,204.9,2024,people_per_km2,AI002-1-5
05558,services_employment_share,71.8,2024,percent,AI007-1
05558,unemployment_rate,4.2,2025,percent,AI008-1-5
05558,workplace_density,762.3,2024,employed_per_1000_working_age,AI007-1
05562,age_65_plus_share,24.0,2024,percent,AI002-2-5
05562,age_under_18_share,17.0,2024,percent,AI002-2-5
05562,disposable_income_per_capita,23341.0,2022,eur_per_person,AI016-1
05562,foreign_population_share,14.3,2024,percent,AI002-1-5
05562,gdp_per_capita,30770.0,2023,eur_per_person,AI017-1
05562,manufacturing_employment_share,12.9,2024,percent,AI007-1
05562,migration_balance_per_10000,31.4,2024,per_10000_people,AI002-1-5
05562,minimum_security_rate,12.9,2024,percent,AI-S-03
05562,natural_balance_per_10000,-56.7,2024,per_10000_people,AI002-1-5
05562,population_change_per_10000,-24.9,2024,per_10000_people,AI002-1-5
05562,population_density,816.1,2024,people_per_km2,AI002-1-5
05562,services_employment_share,77.9,2024,percent,AI007-1
05562,unemployment_rate,8.7,2025,percent,AI008-1-5
05562,workplace_density,664.8,2024,employed_per_1000_working_age,AI007-1
05566,age_65_plus_share,21.5,2024,percent,AI002-2-5
05566,age_under_18_share,17.9,2024,percent,AI002-2-5
05566,disposable_income_per_capita,25795.0,2022,eur_per_person,AI016-1
05566,foreign_population_share,11.9,2024,percent,AI002-1-5
05566,gdp_per_capita,40106.0,2023,eur_per_person,AI017-1
05566,manufacturing_employment_share,19.0,2024,percent,AI007-1
05566,migration_balance_per_10000,60.7,2024,per_10000_people,AI002-1-5
05566,minimum_security_rate,7.3,2024,percent,AI-S-03
05566,natural_balance_per_10000,-22.0,2024,per_10000_people,AI002-1-5
05566,population_change_per_10000,37.0,2024,per_10000_people,AI002-1-5
05566,population_density,251.5,2024,people_per_km2,AI002-1-5
05566,services_employment_share,71.1,2024,percent,AI007-1
05566,unemployment_rate,5.2,2025,percent,AI008-1-5
05566,workplace_density,812.6,2024,employed_per_1000_working_age,AI007-1
05570,age_65_plus_share,22.8,2024,percent,AI002-2-5
05570,age_under_18_share,17.7,2024,percent,AI002-2-5
05570,disposable_income_per_capita,27091.0,2022,eur_per_person,AI016-1
05570,foreign_population_share,12.7,2024,percent,AI002-1-5
05570,gdp_per_capita,39040.0,2023,eur_per_person,AI017-1
05570,manufacturing_employment_share,24.3,2024,percent,AI007-1
05570,migration_balance_per_10000,40.1,2024,per_10000_people,AI002-1-5
05570,minimum_security_rate,7.6,2024,percent,AI-S-03
05570,natural_balance_per_10000,-26.6,2024,per_10000_people,AI002-1-5
05570,population_change_per_10000,15.0,2024,per_10000_people,AI002-1-5
05570,population_density,214.2,2024,people_per_km2,AI002-1-5
05570,services_employment_share,66.5,2024,percent,AI007-1
05570,unemployment_rate,5.7,2025,percent,AI008-1-5
05570,workplace_density,797.6,2024,employed_per_1000_working_age,AI007-1
05711,age_65_plus_share,20.3,2024,percent,AI002-2-5
05711,age_under_18_share,17.2,2024,percent,AI002-2-5
05711,disposable_income_per_capita,24699.0,2022,eur_per_person,AI016-1
05711,foreign_population_share,17.7,2024,percent,AI002-1-5
05711,gdp_per_capita,53045.0,2023,eur_per_person,AI017-1
05711,manufacturing_employment_share,11.4,2024,percent,AI007-1
05711,migration_balance_per_10000,23.5,2024,per_10000_people,AI002-1-5
05711,minimum_security_rate,13.1,2024,percent,AI-S-03
05711,natural_balance_per_10000,-19.7,2024,per_10000_people,AI002-1-5
05711,population_change_per_10000,2.6,2024,per_10000_people,AI002-1-5
05711,population_density,1281.2,2024,people_per_km2,AI002-1-5
05711,services_employment_share,83.5,2024,percent,AI007-1
05711,unemployment_rate,9.1,2025,percent,AI008-1-5
05711,workplace_density,1024.1,2024,employed_per_1000_working_age,AI007-1
05754,age_65_plus_share,21.2,2024,percent,AI002-2-5
05754,age_under_18_share,17.9,2024,percent,AI002-2-5
05754,disposable_income_per_capita,28092.0,2022,eur_per_person,AI016-1
05754,foreign_population_share,15.2,2024,percent,AI002-1-5
05754,gdp_per_capita,56763.0,2023,eur_per_person,AI017-1
05754,manufacturing_employment_share,33.7,2024,percent,AI007-1
05754,migration_balance_per_10000,36.4,2024,per_10000_people,AI002-1-5
05754,minimum_security_rate,7.3,2024,percent,AI-S-03
05754,natural_balance_per_10000,-26.2,2024,per_10000_people,AI002-1-5
05754,population_change_per_10000,8.5,2024,per_10000_people,AI002-1-5
05754,population_density,375.5,2024,people_per_km2,AI002-1-5
05754,services_employment_share,58.9,2024,percent,AI007-1
05754,unemployment_rate,5.1,2025,percent,AI008-1-5
05754,workplace_density,1004.8,2024,employed_per_1000_working_age,AI007-1
05758,age_65_plus_share,23.3,2024,percent,AI002-2-5
05758,age_under_18_share,17.3,2024,percent,AI002-2-5
05758,disposable_income_per_capita,26420.0,2022,eur_per_person,AI016-1
05758,foreign_population_share,11.9,2024,percent,AI002-1-5
05758,gdp_per_capita,39752.0,2023,eur_per_person,AI017-1
05758,manufacturing_employment_share,27.0,2024,percent,AI007-1
05758,migration_balance_per_10000,38.5,2024,per_10000_people,AI002-1-5
05758,minimum_security_rate,8.5,2024,percent,AI-S-03
05758,natural_balance_per_10000,-44.9,2024,per_10000_people,AI002-1-5
05758,population_change_per_10000,-7.4,2024,per_10000_people,AI002-1-5
05758,population_density,564.8,2024,people_per_km2,AI002-1-5
05758,services_employment_share,65.0,2024,percent,AI007-1
05758,unemployment_rate,6.4,2025,percent,AI008-1-5
05758,workplace_density,792.1,2024,employed_per_1000_working_age,AI007-1
05762,age_65_plus_share,24.9,2024,percent,AI002-2-5
05762,age_under_18_share,16.7,2024,percent,AI002-2-5
05762,disposable_income_per_capita,25787.0,2022,eur_per_person,AI016-1
05762,foreign_population_share,9.0,2024,percent,AI002-1-5
05762,gdp_per_capita,32972.0,2023,eur_per_person,AI017-1
05762,manufacturing_employment_share,18.7,2024,percent,AI007-1
05762,migration_balance_per_10000,63.5,2024,per_10000_people,AI002-1-5
05762,minimum_security_rate,7.4,2024,percent,AI-S-03
05762,natural_balance_per_10000,-49.1,2024,per_10000_people,AI002-1-5
05762,population_change_per_10000,15.1,2024,per_10000_people,AI002-1-5
05762,population_density,115.9,2024,people_per_km2,AI002-1-5
05762,services_employment_share,70.2,2024,percent,AI007-1
05762,unemployment_rate,4.6,2025,percent,AI008-1-5
05762,workplace_density,746.1,2024,employed_per_1000_working_age,AI007-1
05766,age_65_plus_share,23.9,2024,percent,AI002-2-5
05766,age_under_18_share,18.0,2024,percent,AI002-2-5
05766,disposable_income_per_capita,24993.0,2022,eur_per_person,AI016-1
05766,foreign_population_share,10.5,2024,percent,AI002-1-5
05766,gdp_per_capita,36495.0,2023,eur_per_person,AI017-1
05766,manufacturing_employment_share,22.7,2024,percent,AI007-1
05766,migration_balance_per_10000,29.6,2024,per_10000_people,AI002-1-5
05766,minimum_security_rate,8.9,2024,percent,AI-S-03
05766,natural_balance_per_10000,-43.1,2024,per_10000_people,AI002-1-5
05766,population_change_per_10000,-13.4,2024,per_10000_people,AI002-1-5
05766,population_density,278.6,2024,people_per_km2,AI002-1-5
05766,services_employment_share,69.4,2024,percent,AI007-1
05766,unemployment_rate,6.1,2025,percent,AI008-1-5
05766,workplace_density,777.0,2024,employed_per_1000_working_age,AI007-1
05770,age_65_plus_share,23.2,2024,percent,AI002-2-5
05770,age_under_18_share,17.8,2024,percent,AI002-2-5
05770,disposable_income_per_capita,25962.0,2022,eur_per_person,AI016-1
05770,foreign_population_share,11.1,2024,percent,AI002-1-5
05770,gdp_per_capita,46680.0,2023,eur_per_person,AI017-1
05770,manufacturing_employment_share,22.2,2024,percent,AI007-1
05770,migration_balance_per_10000,34.3,2024,per_10000_people,AI002-1-5
05770,minimum_security_rate,9.6,2024,percent,AI-S-03
05770,natural_balance_per_10000,-44.9,2024,per_10000_people,AI002-1-5
05770,population_change_per_10000,-11.5,2024,per_10000_people,AI002-1-5
05770,population_density,278.2,2024,people_per_km2,AI002-1-5
05770,services_employment_share,70.0,2024,percent,AI007-1
05770,unemployment_rate,6.4,2025,percent,AI008-1-5
05770,workplace_density,880.7,2024,employed_per_1000_working_age,AI007-1
05774,age_65_plus_share,20.5,2024,percent,AI002-2-5
05774,age_under_18_share,17.7,2024,percent,AI002-2-5
05774,disposable_income_per_capita,25097.0,2022,eur_per_person,AI016-1
05774,foreign_population_share,11.3,2024,percent,AI002-1-5
05774,gdp_per_capita,44711.0,2023,eur_per_person,AI017-1
05774,manufacturing_employment_share,19.1,2024,percent,AI007-1
05774,migration_balance_per_10000,21.8,2024,per_10000_people,AI002-1-5
05774,minimum_security_rate,8.2,2024,percent,AI-S-03
05774,natural_balance_per_10000,-12.7,2024,per_10000_people,AI002-1-5
05774,population_change_per_10000,9.7,2024,per_10000_people,AI002-1-5
05774,population_density,253.4,2024,people_per_km2,AI002-1-5
05774,services_employment_share,73.1,2024,percent,AI007-1
05774,unemployment_rate,6.0,2025,percent,AI008-1-5
05774,workplace_density,853.5,2024,employed_per_1000_working_age,AI007-1
05911,age_65_plus_share,22.4,2024,percent,AI002-2-5
05911,age_under_18_share,15.4,2024,percent,AI002-2-5
05911,disposable_income_per_capita,22419.0,2022,eur_per_person,AI016-1
05911,foreign_population_share,15.7,2024,percent,AI002-1-5
05911,gdp_per_capita,43377.0,2023,eur_per_person,AI017-1
05911,manufacturing_employment_share,8.7,2024,percent,AI007-1
05911,migration_balance_per_10000,91.2,2024,per_10000_people,AI002-1-5
05911,minimum_security_rate,13.3,2024,percent,AI-S-03
05911,natural_balance_per_10000,-45.0,2024,per_10000_people,AI002-1-5
05911,population_change_per_10000,46.2,2024,per_10000_people,AI002-1-5
05911,population_density,2462.4,2024,people_per_km2,AI002-1-5
05911,services_employment_share,85.4,2024,percent,AI007-1
05911,unemployment_rate,9.1,2025,percent,AI008-1-5
05911,workplace_density,866.4,2024,employed_per_1000_working_age,AI007-1
05913,age_65_plus_share,20.5,2024,percent,AI002-2-5
05913,age_under_18_share,17.2,2024,percent,AI002-2-5
05913,disposable_income_per_capita,21921.0,2022,eur_per_person,AI016-1
05913,foreign_population_share,20.7,2024,percent,AI002-1-5
05913,gdp_per_capita,49663.0,2023,eur_per_person,AI017-1
05913,manufacturing_employment_share,7.5,2024,percent,AI007-1
05913,migration_balance_per_10000,65.3,2024,per_10000_people,AI002-1-5
05913,minimum_security_rate,17.6,2024,percent,AI-S-03
05913,natural_balance_per_10000,-33.6,2024,per_10000_people,AI002-1-5
05913,population_change_per_10000,35.2,2024,per_10000_people,AI002-1-5
05913,population_density,2149.8,2024,people_per_km2,AI002-1-5
05913,services_employment_share,85.6,2024,percent,AI007-1
05913,unemployment_rate,12.0,2025,percent,AI008-1-5
05913,workplace_density,884.6,2024,employed_per_1000_working_age,AI007-1
05914,age_65_plus_share,21.5,2024,percent,AI002-2-5
05914,age_under_18_share,18.2,2024,percent,AI002-2-5
05914,disposable_income_per_capita,21488.0,2022,eur_per_person,AI016-1
05914,foreign_population_share,22.7,2024,percent,AI002-1-5
05914,gdp_per_capita,39289.0,2023,eur_per_person,AI017-1
05914,manufacturing_employment_share,16.4,2024,percent,AI007-1
05914,migration_balance_per_10000,28.5,2024,per_10000_people,AI002-1-5
05914,minimum_security_rate,16.6,2024,percent,AI-S-03
05914,natural_balance_per_10000,-44.1,2024,per_10000_people,AI002-1-5
05914,population_change_per_10000,-13.4,2024,per_10000_people,AI002-1-5
05914,population_density,1186.6,2024,people_per_km2,AI002-1-5
05914,services_employment_share,77.9,2024,percent,AI007-1
05914,unemployment_rate,12.3,2025,percent,AI008-1-5
05914,workplace_density,769.7,2024,employed_per_1000_working_age,AI007-1
05915,age_65_plus_share,21.8,2024,percent,AI002-2-5
05915,age_under_18_share,17.4,2024,percent,AI002-2-5
05915,disposable_income_per_capita,21230.0,2022,eur_per_person,AI016-1
05915,foreign_population_share,18.0,2024,percent,AI002-1-5
05915,gdp_per_capita,36600.0,2023,eur_per_person,AI017-1
05915,manufacturing_employment_share,12.6,2024,percent,AI007-1
05915,migration_balance_per_10000,77.8,2024,per_10000_people,AI002-1-5
05915,minimum_security_rate,11.5,2024,percent,AI-S-03
05915,natural_balance_per_10000,-44.6,2024,per_10000_people,AI002-1-5
05915,population_change_per_10000,32.7,2024,per_10000_people,AI002-1-5
05915,population_density,794.8,2024,people_per_km2,AI002-1-5
05915,services_employment_share,79.0,2024,percent,AI007-1
05915,unemployment_rate,8.7,2025,percent,AI008-1-5
05915,workplace_density,743.1,2024,employed_per_1000_working_age,AI007-1
05916,age_65_plus_share,22.1,2024,percent,AI002-2-5
05916,age_under_18_share,17.4,2024,percent,AI002-2-5
05916,disposable_income_per_capita,20282.0,2022,eur_per_person,AI016-1
05916,foreign_population_share,20.4,2024,percent,AI002-1-5
05916,gdp_per_capita,33883.0,2023,eur_per_person,AI017-1
05916,manufacturing_employment_share,8.9,2024,percent,AI007-1
05916,migration_balance_per_10000,39.9,2024,per_10000_people,AI002-1-5
05916,minimum_security_rate,16.8,2024,percent,AI-S-03
05916,natural_balance_per_10000,-59.7,2024,per_10000_people,AI002-1-5
05916,population_change_per_10000,-19.4,2024,per_10000_people,AI002-1-5
05916,population_density,3030.9,2024,people_per_km2,AI002-1-5
05916,services_employment_share,80.7,2024,percent,AI007-1
05916,unemployment_rate,12.2,2025,percent,AI008-1-5
05916,workplace_density,683.9,2024,employed_per_1000_working_age,AI007-1
05954,age_65_plus_share,25.0,2024,percent,AI002-2-5
05954,age_under_18_share,16.0,2024,percent,AI002-2-5
05954,disposable_income_per_capita,27150.0,2022,eur_per_person,AI016-1
05954,foreign_population_share,12.7,2024,percent,AI002-1-5
05954,gdp_per_capita,34635.0,2023,eur_per_person,AI017-1
05954,manufacturing_employment_share,22.7,2024,percent,AI007-1
05954,migration_balance_per_10000,34.5,2024,per_10000_people,AI002-1-5
05954,minimum_security_rate,10.9,2024,percent,AI-S-03
05954,natural_balance_per_10000,-62.6,2024,per_10000_people,AI002-1-5
05954,population_change_per_10000,-28.7,2024,per_10000_people,AI002-1-5
05954,population_density,766.9,2024,people_per_km2,AI002-1-5
05954,services_employment_share,71.0,2024,percent,AI007-1
05954,unemployment_rate,7.3,2025,percent,AI008-1-5
05954,workplace_density,762.6,2024,employed_per_1000_working_age,AI007-1
05958,age_65_plus_share,23.9,2024,percent,AI002-2-5
05958,age_under_18_share,16.3,2024,percent,AI002-2-5
05958,disposable_income_per_capita,27635.0,2022,eur_per_person,AI016-1
05958,foreign_population_share,11.4,2024,percent,AI002-1-5
05958,gdp_per_capita,44344.0,2023,eur_per_person,AI017-1
05958,manufacturing_employment_share,24.7,2024,percent,AI007-1
05958,migration_balance_per_10000,34.6,2024,per_10000_people,AI002-1-5
05958,minimum_security_rate,7.1,2024,percent,AI-S-03
05958,natural_balance_per_10000,-46.9,2024,per_10000_people,AI002-1-5
05958,population_change_per_10000,-13.4,2024,per_10000_people,AI002-1-5
05958,population_density,133.1,2024,people_per_km2,AI002-1-5
05958,services_employment_share,66.2,2024,percent,AI007-1
05958,unemployment_rate,5.0,2025,percent,AI008-1-5
05958,workplace_density,924.4,2024,employed_per_1000_working_age,AI007-1
05962,age_65_plus_share,23.4,2024,percent,AI002-2-5
05962,age_under_18_share,16.9,2024,percent,AI002-2-5
05962,disposable_income_per_capita,25949.0,2022,eur_per_person,AI016-1
05962,foreign_population_share,15.0,2024,percent,AI002-1-5
05962,gdp_per_capita,41383.0,2023,eur_per_person,AI017-1
05962,manufacturing_employment_share,35.0,2024,percent,AI007-1
05962,migration_balance_per_10000,35.2,2024,per_10000_people,AI002-1-5
05962,minimum_security_rate,10.0,2024,percent,AI-S-03
05962,natural_balance_per_10000,-57.0,2024,per_10000_people,AI002-1-5
05962,population_change_per_10000,-20.9,2024,per_10000_people,AI002-1-5
05962,population_density,384.6,2024,people_per_km2,AI002-1-5
05962,services_employment_share,58.6,2024,percent,AI007-1
05962,unemployment_rate,8.3,2025,percent,AI008-1-5
05962,workplace_density,815.6,2024,employed_per_1000_working_age,AI007-1
05966,age_65_plus_share,21.9,2024,percent,AI002-2-5
05966,age_under_18_share,17.1,2024,percent,AI002-2-5
05966,disposable_income_per_capita,29108.0,2022,eur_per_person,AI016-1
05966,foreign_population_share,11.4,2024,percent,AI002-1-5
05966,gdp_per_capita,54024.0,2023,eur_per_person,AI017-1
05966,manufacturing_employment_share,38.8,2024,percent,AI007-1
05966,migration_balance_per_10000,37.9,2024,per_10000_people,AI002-1-5
05966,minimum_security_rate,6.1,2024,percent,AI-S-03
05966,natural_balance_per_10000,-40.5,2024,per_10000_people,AI002-1-5
05966,population_change_per_10000,-6.0,2024,per_10000_people,AI002-1-5
05966,population_density,185.9,2024,people_per_km2,AI002-1-5
05966,services_employment_share,53.5,2024,percent,AI007-1
05966,unemployment_rate,4.6,2025,percent,AI008-1-5
05966,workplace_density,948.8,2024,employed_per_1000_working_age,AI007-1
05970,age_65_plus_share,22.8,2024,percent,AI002-2-5
05970,age_under_18_share,17.0,2024,percent,AI002-2-5
05970,disposable_income_per_capita,26737.0,2022,eur_per_person,AI016-1
05970,foreign_population_share,13.2,2024,percent,AI002-1-5
05970,gdp_per_capita,45252.0,2023,eur_per_person,AI017-1
05970,manufacturing_employment_share,25.5,2024,percent,AI007-1
05970,migration_balance_per_10000,33.1,2024,per_10000_people,AI002-1-5
05970,minimum_security_rate,8.5,2024,percent,AI-S-03
05970,natural_balance_per_10000,-42.0,2024,per_10000_people,AI002-1-5
05970,population_change_per_10000,-11.1,2024,per_10000_people,AI002-1-5
05970,population_density,241.9,2024,people_per_km2,AI002-1-5
05970,services_employment_share,67.2,2024,percent,AI007-1
05970,unemployment_rate,6.0,2025,percent,AI008-1-5
05970,workplace_density,908.2,2024,employed_per_1000_working_age,AI007-1
05974,age_65_plus_share,23.1,2024,percent,AI002-2-5
05974,age_under_18_share,16.8,2024,percent,AI002-2-5
05974,disposable_income_per_capita,25849.0,2022,eur_per_person,AI016-1
05974,foreign_population_share,11.5,2024,percent,AI002-1-5
05974,gdp_per_capita,43427.0,2023,eur_per_person,AI017-1
05974,manufacturing_employment_share,23.2,2024,percent,AI007-1
05974,migration_balance_per_10000,49.1,2024,per_10000_people,AI002-1-5
05974,minimum_security_rate,8.3,2024,percent,AI-S-03
05974,natural_balance_per_10000,-48.9,2024,per_10000_people,AI002-1-5
05974,population_change_per_10000,-1.7,2024,per_10000_people,AI002-1-5
05974,population_density,226.0,2024,people_per_km2,AI002-1-5
05974,services_employment_share,67.9,2024,percent,AI007-1
05974,unemployment_rate,6.0,2025,percent,AI008-1-5
05974,workplace_density,824.8,2024,employed_per_1000_working_age,AI007-1
05978,age_65_plus_share,24.3,2024,percent,AI002-2-5
05978,age_under_18_share,16.5,2024,percent,AI002-2-5
05978,disposable_income_per_capita,24163.0,2022,eur_per_person,AI016-1
05978,foreign_population_share,12.5,2024,percent,AI002-1-5
05978,gdp_per_capita,36898.0,2023,eur_per_person,AI017-1
05978,manufacturing_employment_share,16.3,2024,percent,AI007-1
05978,migration_balance_per_10000,-7.4,2024,per_10000_people,AI002-1-5
05978,minimum_security_rate,10.3,2024,percent,AI-S-03
05978,natural_balance_per_10000,-58.5,2024,per_10000_people,AI002-1-5
05978,population_change_per_10000,-63.3,2024,per_10000_people,AI002-1-5
05978,population_density,724.9,2024,people_per_km2,AI002-1-5
05978,services_employment_share,75.2,2024,percent,AI007-1
05978,unemployment_rate,7.5,2025,percent,AI008-1-5
05978,workplace_density,749.9,2024,employed_per_1000_working_age,AI007-1
06411,age_65_plus_share,17.4,2024,percent,AI002-2-5
06411,age_under_18_share,15.9,2024,percent,AI002-2-5
06411,disposable_income_per_capita,25604.0,2022,eur_per_person,AI016-1
06411,foreign_population_share,23.6,2024,percent,AI002-1-5
06411,gdp_per_capita,92890.0,2023,eur_per_person,AI017-1
06411,manufacturing_employment_share,12.7,2024,percent,AI007-1
06411,migration_balance_per_10000,132.0,2024,per_10000_people,AI002-1-5
06411,minimum_security_rate,11.6,2024,percent,AI-S-03
06411,natural_balance_per_10000,3.1,2024,per_10000_people,AI002-1-5
06411,population_change_per_10000,132.4,2024,per_10000_people,AI002-1-5
06411,population_density,1368.3,2024,people_per_km2,AI002-1-5
06411,services_employment_share,82.9,2024,percent,AI007-1
06411,unemployment_rate,6.3,2025,percent,AI008-1-5
06411,workplace_density,1219.3,2024,employed_per_1000_working_age,AI007-1
06412,age_65_plus_share,15.9,2024,percent,AI002-2-5
06412,age_under_18_share,16.8,2024,percent,AI002-2-5
06412,disposable_income_per_capita,25394.0,2022,eur_per_person,AI016-1
06412,foreign_population_share,29.5,2024,percent,AI002-1-5
06412,gdp_per_capita,115364.0,2023,eur_per_person,AI017-1
06412,manufacturing_employment_share,5.2,2024,percent,AI007-1
06412,migration_balance_per_10000,57.8,2024,per_10000_people,AI002-1-5
06412,minimum_security_rate,11.0,2024,percent,AI-S-03
06412,natural_balance_per_10000,15.8,2024,per_10000_people,AI002-1-5
06412,population_change_per_10000,85.3,2024,per_10000_people,AI002-1-5
06412,population_density,3044.7,2024,people_per_km2,AI002-1-5
06412,services_employment_share,90.7,2024,percent,AI007-1
06412,unemployment_rate,6.9,2025,percent,AI008-1-5
06412,workplace_density,1456.9,2024,employed_per_1000_working_age,AI007-1
06413,age_65_plus_share,16.1,2024,percent,AI002-2-5
06413,age_under_18_share,18.0,2024,percent,AI002-2-5
06413,disposable_income_per_capita,20277.0,2022,eur_per_person,AI016-1
06413,foreign_population_share,39.8,2024,percent,AI002-1-5
06413,gdp_per_capita,48882.0,2023,eur_per_person,AI017-1
06413,manufacturing_employment_share,5.5,2024,percent,AI007-1
06413,migration_balance_per_10000,38.3,2024,per_10000_people,AI002-1-5
06413,minimum_security_rate,13.4,2024,percent,AI-S-03
06413,natural_balance_per_10000,22.4,2024,per_10000_people,AI002-1-5
06413,population_change_per_10000,68.1,2024,per_10000_people,AI002-1-5
06413,population_density,2957.8,2024,people_per_km2,AI002-1-5
06413,services_employment_share,86.1,2024,percent,AI007-1
06413,unemployment_rate,9.6,2025,percent,AI008-1-5
06413,workplace_density,808.5,2024,employed_per_1000_working_age,AI007-1
06414,age_65_plus_share,19.9,2024,percent,AI002-2-5
06414,age_under_18_share,17.3,2024,percent,AI002-2-5
06414,disposable_income_per_capita,26369.0,2022,eur_per_person,AI016-1
06414,foreign_population_share,23.1,2024,percent,AI002-1-5
06414,gdp_per_capita,72915.0,2023,eur_per_person,AI017-1
06414,manufacturing_employment_share,8.1,2024,percent,AI007-1
06414,migration_balance_per_10000,64.1,2024,per_10000_people,AI002-1-5
06414,minimum_security_rate,13.4,2024,percent,AI-S-03
06414,natural_balance_per_10000,-9.1,2024,per_10000_people,AI002-1-5
06414,population_change_per_10000,55.9,2024,per_10000_people,AI002-1-5
06414,population_density,1416.8,2024,people_per_km2,AI002-1-5
06414,services_employment_share,86.5,2024,percent,AI007-1
06414,unemployment_rate,8.2,2025,percent,AI008-1-5
06414,workplace_density,1052.9,2024,employed_per_1000_working_age,AI007-1
06431,age_65_plus_share,23.7,2024,percent,AI002-2-5
06431,age_under_18_share,16.9,2024,percent,AI002-2-5
06431,disposable_income_per_capita,27203.0,2022,eur_per_person,AI016-1
06431,foreign_population_share,15.5,2024,percent,AI002-1-5
06431,gdp_per_capita,35226.0,2023,eur_per_person,AI017-1
06431,manufacturing_employment_share,15.4,2024,percent,AI007-1
06431,migration_balance_per_10000,32.3,2024,per_10000_people,AI002-1-5
06431,minimum_security_rate,7.4,2024,percent,AI-S-03
06431,natural_balance_per_10000,-42.4,2024,per_10000_people,AI002-1-5
06431,population_change_per_10000,-11.5,2024,per_10000_people,AI002-1-5
06431,population_density,381.1,2024,people_per_km2,AI002-1-5
06431,services_employment_share,73.3,2024,percent,AI007-1
06431,unemployment_rate,4.6,2025,percent,AI008-1-5
06431,workplace_density,658.6,2024,employed_per_1000_working_age,AI007-1
06432,age_65_plus_share,22.4,2024,percent,AI002-2-5
06432,age_under_18_share,17.4,2024,percent,AI002-2-5
06432,disposable_income_per_capita,27676.0,2022,eur_per_person,AI016-1
06432,foreign_population_share,15.8,2024,percent,AI002-1-5
06432,gdp_per_capita,33293.0,2023,eur_per_person,AI017-1
06432,manufacturing_employment_share,15.7,2024,percent,AI007-1
06432,migration_balance_per_10000,21.9,2024,per_10000_people,AI002-1-5
06432,minimum_security_rate,7.3,2024,percent,AI-S-03
06432,natural_balance_per_10000,-29.9,2024,per_10000_people,AI002-1-5
06432,population_change_per_10000,-8.0,2024,per_10000_people,AI002-1-5
06432,population_density,458.6,2024,people_per_km2,AI002-1-5
06432,services_employment_share,73.7,2024,percent,AI007-1
06432,unemployment_rate,5.2,2025,percent,AI008-1-5
06432,workplace_density,590.9,2024,employed_per_1000_working_age,AI007-1
06433,age_65_plus_share,19.8,2024,percent,AI002-2-5
06433,age_under_18_share,18.5,2024,percent,AI002-2-5
06433,disposable_income_per_capita,23405.0,2022,eur_per_person,AI016-1
06433,foreign_population_share,23.9,2024,percent,AI002-1-5
06433,gdp_per_capita,52475.0,2023,eur_per_person,AI017-1
06433,manufacturing_employment_share,14.3,2024,percent,AI007-1
06433,migration_balance_per_10000,29.8,2024,per_10000_people,AI002-1-5
06433,minimum_security_rate,9.7,2024,percent,AI-S-03
06433,natural_balance_per_10000,-15.6,2024,per_10000_people,AI002-1-5
06433,population_change_per_10000,14.5,2024,per_10000_people,AI002-1-5
06433,population_density,592.3,2024,people_per_km2,AI002-1-5
06433,services_employment_share,76.4,2024,percent,AI007-1
06433,unemployment_rate,6.8,2025,percent,AI008-1-5
06433,workplace_density,724.1,2024,employed_per_1000_working_age,AI007-1
06434,age_65_plus_share,23.5,2024,percent,AI002-2-5
06434,age_under_18_share,17.8,2024,percent,AI002-2-5
06434,disposable_income_per_capita,35586.0,2022,eur_per_person,AI016-1
06434,foreign_population_share,18.8,2024,percent,AI002-1-5
06434,gdp_per_capita,71398.0,2023,eur_per_person,AI017-1
06434,manufacturing_employment_share,9.2,2024,percent,AI007-1
06434,migration_balance_per_10000,88.5,2024,per_10000_people,AI002-1-5
06434,minimum_security_rate,6.1,2024,percent,AI-S-03
06434,natural_balance_per_10000,-45.2,2024,per_10000_people,AI002-1-5
06434,population_change_per_10000,43.2,2024,per_10000_people,AI002-1-5
06434,population_density,501.5,2024,people_per_km2,AI002-1-5
06434,services_employment_share,85.4,2024,percent,AI007-1
06434,unemployment_rate,4.6,2025,percent,AI008-1-5
06434,workplace_density,881.4,2024,employed_per_1000_working_age,AI007-1
06435,age_65_plus_share,22.6,2024,percent,AI002-2-5
06435,age_under_18_share,17.4,2024,percent,AI002-2-5
06435,disposable_income_per_capita,26755.0,2022,eur_per_person,AI016-1
06435,foreign_population_share,18.6,2024,percent,AI002-1-5
06435,gdp_per_capita,38683.0,2023,eur_per_person,AI017-1
06435,manufacturing_employment_share,16.8,2024,percent,AI007-1
06435,migration_balance_per_10000,72.5,2024,per_10000_people,AI002-1-5
06435,minimum_security_rate,8.9,2024,percent,AI-S-03
06435,natural_balance_per_10000,-29.5,2024,per_10000_people,AI002-1-5
06435,population_change_per_10000,44.3,2024,per_10000_people,AI002-1-5
06435,population_density,301.2,2024,people_per_km2,AI002-1-5
06435,services_employment_share,73.4,2024,percent,AI007-1
06435,unemployment_rate,6.2,2025,percent,AI008-1-5
06435,workplace_density,716.4,2024,employed_per_1000_working_age,AI007-1
06436,age_65_plus_share,21.7,2024,percent,AI002-2-5
06436,age_under_18_share,18.1,2024,percent,AI002-2-5
06436,disposable_income_per_capita,30514.0,2022,eur_per_person,AI016-1
06436,foreign_population_share,18.9,2024,percent,AI002-1-5
06436,gdp_per_capita,70111.0,2023,eur_per_person,AI017-1
06436,manufacturing_employment_share,6.9,2024,percent,AI007-1
06436,migration_balance_per_10000,26.4,2024,per_10000_people,AI002-1-5
06436,minimum_security_rate,6.8,2024,percent,AI-S-03
06436,natural_balance_per_10000,-19.0,2024,per_10000_people,AI002-1-5
06436,population_change_per_10000,7.6,2024,per_10000_people,AI002-1-5
06436,population_density,1073.0,2024,people_per_km2,AI002-1-5
06436,services_employment_share,86.0,2024,percent,AI007-1
06436,unemployment_rate,5.4,2025,percent,AI008-1-5
06436,workplace_density,908.6,2024,employed_per_1000_working_age,AI007-1
06437,age_65_plus_share,25.7,2024,percent,AI002-2-5
06437,age_under_18_share,16.2,2024,percent,AI002-2-5
06437,disposable_income_per_capita,24783.0,2022,eur_per_person,AI016-1
06437,foreign_population_share,14.5,2024,percent,AI002-1-5
06437,gdp_per_capita,30985.0,2023,eur_per_person,AI017-1
06437,manufacturing_employment_share,23.1,2024,percent,AI007-1
06437,migration_balance_per_10000,19.6,2024,per_10000_people,AI002-1-5
06437,minimum_security_rate,7.3,2024,percent,AI-S-03
06437,natural_balance_per_10000,-62.2,2024,per_10000_people,AI002-1-5
06437,population_change_per_10000,-42.5,2024,per_10000_people,AI002-1-5
06437,population_density,150.4,2024,people_per_km2,AI002-1-5
06437,services_employment_share,65.7,2024,percent,AI007-1
06437,unemployment_rate,4.7,2025,percent,AI008-1-5
06437,workplace_density,687.0,2024,employed_per_1000_working_age,AI007-1
06438,age_65_plus_share,21.9,2024,percent,AI002-2-5
06438,age_under_18_share,17.8,2024,percent,AI002-2-5
06438,disposable_income_per_capita,26707.0,2022,eur_per_person,AI016-1
06438,foreign_population_share,21.2,2024,percent,AI002-1-5
06438,gdp_per_capita,46944.0,2023,eur_per_person,AI017-1
06438,manufacturing_employment_share,10.9,2024,percent,AI007-1
06438,migration_balance_per_10000,56.4,2024,per_10000_people,AI002-1-5
06438,minimum_security_rate,8.2,2024,percent,AI-S-03
06438,natural_balance_per_10000,-16.3,2024,per_10000_people,AI002-1-5
06438,population_change_per_10000,40.4,2024,per_10000_people,AI002-1-5
06438,population_density,1005.0,2024,people_per_km2,AI002-1-5
06438,services_employment_share,80.2,2024,percent,AI007-1
06438,unemployment_rate,5.4,2025,percent,AI008-1-5
06438,workplace_density,795.7,2024,employed_per_1000_working_age,AI007-1
06439,age_65_plus_share,24.6,2024,percent,AI002-2-5
06439,age_under_18_share,16.4,2024,percent,AI002-2-5
06439,disposable_income_per_capita,28470.0,2022,eur_per_person,AI016-1
06439,foreign_population_share,14.2,2024,percent,AI002-1-5
06439,gdp_per_capita,28672.0,2023,eur_per_person,AI017-1
06439,manufacturing_employment_share,13.2,2024,percent,AI007-1
06439,migration_balance_per_10000,29.8,2024,per_10000_people,AI002-1-5
06439,minimum_security_rate,7.5,2024,percent,AI-S-03
06439,natural_balance_per_10000,-51.5,2024,per_10000_people,AI002-1-5
06439,population_change_per_10000,-21.5,2024,per_10000_people,AI002-1-5
06439,population_density,228.8,2024,people_per_km2,AI002-1-5
06439,services_employment_share,75.8,2024,percent,AI007-1
06439,unemployment_rate,5.1,2025,percent,AI008-1-5
06439,workplace_density,584.9,2024,employed_per_1000_working_age,AI007-1
06440,age_65_plus_share,22.6,2024,percent,AI002-2-5
06440,age_under_18_share,17.2,2024,percent,AI002-2-5
06440,disposable_income_per_capita,27158.0,2022,eur_per_person,AI016-1
06440,foreign_population_share,15.2,2024,percent,AI002-1-5
06440,gdp_per_capita,35388.0,2023,eur_per_person,AI017-1
06440,manufacturing_employment_share,13.0,2024,percent,AI007-1
06440,migration_balance_per_10000,71.5,2024,per_10000_people,AI002-1-5
06440,minimum_security_rate,7.0,2024,percent,AI-S-03
06440,natural_balance_per_10000,-43.0,2024,per_10000_people,AI002-1-5
06440,population_change_per_10000,28.5,2024,per_10000_people,AI002-1-5
06440,population_density,283.1,2024,people_per_km2,AI002-1-5
06440,services_employment_share,76.6,2024,percent,AI007-1
06440,unemployment_rate,4.6,2025,percent,AI008-1-5
06440,workplace_density,651.9,2024,employed_per_1000_working_age,AI007-1
06531,age_65_plus_share,20.9,2024,percent,AI002-2-5
06531,age_under_18_share,16.4,2024,percent,AI002-2-5
06531,disposable_income_per_capita,23244.0,2022,eur_per_person,AI016-1
06531,foreign_population_share,15.4,2024,percent,AI002-1-5
06531,gdp_per_capita,43303.0,2023,eur_per_person,AI017-1
06531,manufacturing_employment_share,13.1,2024,percent,AI007-1
06531,migration_balance_per_10000,36.3,2024,per_10000_people,AI002-1-5
06531,minimum_security_rate,11.1,2024,percent,AI-S-03
06531,natural_balance_per_10000,-24.8,2024,per_10000_people,AI002-1-5
06531,population_change_per_10000,10.3,2024,per_10000_people,AI002-1-5
06531,population_density,314.1,2024,people_per_km2,AI002-1-5
06531,services_employment_share,80.2,2024,percent,AI007-1
06531,unemployment_rate,6.2,2025,percent,AI008-1-5
06531,workplace_density,835.4,2024,employed_per_1000_working_age,AI007-1
06532,age_65_plus_share,23.3,2024,percent,AI002-2-5
06532,age_under_18_share,17.2,2024,percent,AI002-2-5
06532,disposable_income_per_capita,24963.0,2022,eur_per_person,AI016-1
06532,foreign_population_share,13.2,2024,percent,AI002-1-5
06532,gdp_per_capita,41961.0,2023,eur_per_person,AI017-1
06532,manufacturing_employment_share,26.9,2024,percent,AI007-1
06532,migration_balance_per_10000,38.0,2024,per_10000_people,AI002-1-5
06532,minimum_security_rate,9.6,2024,percent,AI-S-03
06532,natural_balance_per_10000,-52.0,2024,per_10000_people,AI002-1-5
06532,population_change_per_10000,-14.6,2024,per_10000_people,AI002-1-5
06532,population_density,238.3,2024,people_per_km2,AI002-1-5
06532,services_employment_share,66.0,2024,percent,AI007-1
06532,unemployment_rate,6.0,2025,percent,AI008-1-5
06532,workplace_density,810.5,2024,employed_per_1000_working_age,AI007-1
06533,age_65_plus_share,23.2,2024,percent,AI002-2-5
06533,age_under_18_share,16.8,2024,percent,AI002-2-5
06533,disposable_income_per_capita,25687.0,2022,eur_per_person,AI016-1
06533,foreign_population_share,13.7,2024,percent,AI002-1-5
06533,gdp_per_capita,36667.0,2023,eur_per_person,AI017-1
06533,manufacturing_employment_share,15.5,2024,percent,AI007-1
06533,migration_balance_per_10000,20.3,2024,per_10000_people,AI002-1-5
06533,minimum_security_rate,8.2,2024,percent,AI-S-03
06533,natural_balance_per_10000,-46.5,2024,per_10000_people,AI002-1-5
06533,population_change_per_10000,-25.9,2024,per_10000_people,AI002-1-5
06533,population_density,235.4,2024,people_per_km2,AI002-1-5
06533,services_employment_share,72.4,2024,percent,AI007-1
06533,unemployment_rate,5.5,2025,percent,AI008-1-5
06533,workplace_density,740.9,2024,employed_per_1000_working_age,AI007-1
06534,age_65_plus_share,21.3,2024,percent,AI002-2-5
06534,age_under_18_share,16.2,2024,percent,AI002-2-5
06534,disposable_income_per_capita,23990.0,2022,eur_per_person,AI016-1
06534,foreign_population_share,13.2,2024,percent,AI002-1-5
06534,gdp_per_capita,47110.0,2023,eur_per_person,AI017-1
06534,manufacturing_employment_share,22.9,2024,percent,AI007-1
06534,migration_balance_per_10000,22.3,2024,per_10000_people,AI002-1-5
06534,minimum_security_rate,7.9,2024,percent,AI-S-03
06534,natural_balance_per_10000,-35.2,2024,per_10000_people,AI002-1-5
06534,population_change_per_10000,-11.9,2024,per_10000_people,AI002-1-5
06534,population_density,192.3,2024,people_per_km2,AI002-1-5
06534,services_employment_share,70.7,2024,percent,AI007-1
06534,unemployment_rate,4.7,2025,percent,AI008-1-5
06534,workplace_density,838.9,2024,employed_per_1000_working_age,AI007-1
06535,age_65_plus_share,26.8,2024,percent,AI002-2-5
06535,age_under_18_share,15.8,2024,percent,AI002-2-5
06535,disposable_income_per_capita,24808.0,2022,eur_per_person,AI016-1
06535,foreign_population_share,9.0,2024,percent,AI002-1-5
06535,gdp_per_capita,33799.0,2023,eur_per_person,AI017-1
06535,manufacturing_employment_share,20.6,2024,percent,AI007-1
06535,migration_balance_per_10000,29.9,2024,per_10000_people,AI002-1-5
06535,minimum_security_rate,7.1,2024,percent,AI-S-03
06535,natural_balance_per_10000,-63.0,2024,per_10000_people,AI002-1-5
06535,population_change_per_10000,-32.7,2024,per_10000_people,AI002-1-5
06535,population_density,69.3,2024,people_per_km2,AI002-1-5
06535,services_employment_share,67.2,2024,percent,AI007-1
06535,unemployment_rate,4.3,2025,percent,AI008-1-5
06535,workplace_density,767.3,2024,employed_per_1000_working_age,AI007-1
06611,age_65_plus_share,20.4,2024,percent,AI002-2-5
06611,age_under_18_share,16.5,2024,percent,AI002-2-5
06611,disposable_income_per_capita,22142.0,2022,eur_per_person,AI016-1
06611,foreign_population_share,22.0,2024,percent,AI002-1-5
06611,gdp_per_capita,64499.0,2023,eur_per_person,AI017-1
06611,manufacturing_employment_share,11.3,2024,percent,AI007-1
06611,migration_balance_per_10000,30.7,2024,per_10000_people,AI002-1-5
06611,minimum_security_rate,15.7,2024,percent,AI-S-03
06611,natural_balance_per_10000,-24.1,2024,per_10000_people,AI002-1-5
06611,population_change_per_10000,8.4,2024,per_10000_people,AI002-1-5
06611,population_density,1846.9,2024,people_per_km2,AI002-1-5
06611,services_employment_share,83.3,2024,percent,AI007-1
06611,unemployment_rate,9.0,2025,percent,AI008-1-5
06611,workplace_density,1214.2,2024,employed_per_1000_working_age,AI007-1
06631,age_65_plus_share,22.6,2024,percent,AI002-2-5
06631,age_under_18_share,17.1,2024,percent,AI002-2-5
06631,disposable_income_per_capita,25803.0,2022,eur_per_person,AI016-1
06631,foreign_population_share,11.9,2024,percent,AI002-1-5
06631,gdp_per_capita,45951.0,2023,eur_per_person,AI017-1
06631,manufacturing_employment_share,18.0,2024,percent,AI007-1
06631,migration_balance_per_10000,19.6,2024,per_10000_people,AI002-1-5
06631,minimum_security_rate,6.4,2024,percent,AI-S-03
06631,natural_balance_per_10000,-39.4,2024,per_10000_people,AI002-1-5
06631,population_change_per_10000,-18.2,2024,per_10000_people,AI002-1-5
06631,population_density,161.0,2024,people_per_km2,AI002-1-5
06631,services_employment_share,72.9,2024,percent,AI007-1
06631,unemployment_rate,3.8,2025,percent,AI008-1-5
06631,workplace_density,940.4,2024,employed_per_1000_working_age,AI007-1
06632,age_65_plus_share,25.7,2024,percent,AI002-2-5
06632,age_under_18_share,16.6,2024,percent,AI002-2-5
06632,disposable_income_per_capita,24478.0,2022,eur_per_person,AI016-1
06632,foreign_population_share,11.4,2024,percent,AI002-1-5
06632,gdp_per_capita,43104.0,2023,eur_per_person,AI017-1
06632,manufacturing_employment_share,17.0,2024,percent,AI007-1
06632,migration_balance_per_10000,19.7,2024,per_10000_people,AI002-1-5
06632,minimum_security_rate,6.4,2024,percent,AI-S-03
06632,natural_balance_per_10000,-68.0,2024,per_10000_people,AI002-1-5
06632,population_change_per_10000,-50.6,2024,per_10000_people,AI002-1-5
06632,population_density,107.0,2024,people_per_km2,AI002-1-5
06632,services_employment_share,72.5,2024,percent,AI007-1
06632,unemployment_rate,4.3,2025,percent,AI008-1-5
06632,workplace_density,902.7,2024,employed_per_1000_working_age,AI007-1
06633,age_65_plus_share,26.1,2024,percent,AI002-2-5
06633,age_under_18_share,16.4,2024,percent,AI002-2-5
06633,disposable_income_per_capita,25507.0,2022,eur_per_person,AI016-1
06633,foreign_population_share,9.5,2024,percent,AI002-1-5
06633,gdp_per_capita,37149.0,2023,eur_per_person,AI017-1
06633,manufacturing_employment_share,28.3,2024,percent,AI007-1
06633,migration_balance_per_10000,81.1,2024,per_10000_people,AI002-1-5
06633,minimum_security_rate,6.8,2024,percent,AI-S-03
06633,natural_balance_per_10000,-66.6,2024,per_10000_people,AI002-1-5
06633,population_change_per_10000,14.3,2024,per_10000_people,AI002-1-5
06633,population_density,178.7,2024,people_per_km2,AI002-1-5
06633,services_employment_share,63.7,2024,percent,AI007-1
06633,unemployment_rate,4.7,2025,percent,AI008-1-5
06633,workplace_density,723.5,2024,employed_per_1000_working_age,AI007-1
06634,age_65_plus_share,24.7,2024,percent,AI002-2-5
06634,age_under_18_share,16.2,2024,percent,AI002-2-5
06634,disposable_income_per_capita,24977.0,2022,eur_per_person,AI016-1
06634,foreign_population_share,10.3,2024,percent,AI002-1-5
06634,gdp_per_capita,38429.0,2023,eur_per_person,AI017-1
06634,manufacturing_employment_share,18.2,2024,percent,AI007-1
06634,migration_balance_per_10000,53.0,2024,per_10000_people,AI002-1-5
06634,minimum_security_rate,7.0,2024,percent,AI-S-03
06634,natural_balance_per_10000,-68.2,2024,per_10000_people,AI002-1-5
06634,population_change_per_10000,-16.5,2024,per_10000_people,AI002-1-5
06634,population_density,117.0,2024,people_per_km2,AI002-1-5
06634,services_employment_share,73.4,2024,percent,AI007-1
06634,unemployment_rate,4.6,2025,percent,AI008-1-5
06634,workplace_density,731.0,2024,employed_per_1000_working_age,AI007-1
06635,age_65_plus_share,24.6,2024,percent,AI002-2-5
06635,age_under_18_share,16.5,2024,percent,AI002-2-5
06635,disposable_income_per_capita,25124.0,2022,eur_per_person,AI016-1
06635,foreign_population_share,11.2,2024,percent,AI002-1-5
06635,gdp_per_capita,45926.0,2023,eur_per_person,AI017-1
06635,manufacturing_employment_share,22.9,2024,percent,AI007-1
06635,migration_balance_per_10000,60.7,2024,per_10000_people,AI002-1-5
06635,minimum_security_rate,7.2,2024,percent,AI-S-03
06635,natural_balance_per_10000,-60.4,2024,per_10000_people,AI002-1-5
06635,population_change_per_10000,-0.6,2024,per_10000_people,AI002-1-5
06635,population_density,83.9,2024,people_per_km2,AI002-1-5
06635,services_employment_share,67.9,2024,percent,AI007-1
06635,unemployment_rate,4.7,2025,percent,AI008-1-5
06635,workplace_density,906.5,2024,employed_per_1000_working_age,AI007-1
06636,age_65_plus_share,26.9,2024,percent,AI002-2-5
06636,age_under_18_share,15.3,2024,percent,AI002-2-5
06636,disposable_income_per_capita,23534.0,2022,eur_per_person,AI016-1
06636,foreign_population_share,8.7,2024,percent,AI002-1-5
06636,gdp_per_capita,35197.0,2023,eur_per_person,AI017-1
06636,manufacturing_employment_share,13.6,2024,percent,AI007-1
06636,migration_balance_per_10000,49.1,2024,per_10000_people,AI002-1-5
06636,minimum_security_rate,8.4,2024,percent,AI-S-03
06636,natural_balance_per_10000,-87.5,2024,per_10000_people,AI002-1-5
06636,population_change_per_10000,-36.8,2024,per_10000_people,AI002-1-5
06636,population_density,95.3,2024,people_per_km2,AI002-1-5
06636,services_employment_share,75.4,2024,percent,AI007-1
06636,unemployment_rate,5.4,2025,percent,AI008-1-5
06636,workplace_density,719.7,2024,employed_per_1000_working_age,AI007-1
07111,age_65_plus_share,22.1,2024,percent,AI002-2-5
07111,age_under_18_share,15.1,2024,percent,AI002-2-5
07111,disposable_income_per_capita,23727.0,2022,eur_per_person,AI016-1
07111,foreign_population_share,17.0,2024,percent,AI002-1-5
07111,gdp_per_capita,87870.0,2023,eur_per_person,AI017-1
07111,manufacturing_employment_share,8.8,2024,percent,AI007-1
07111,migration_balance_per_10000,48.9,2024,per_10000_people,AI002-1-5
07111,minimum_security_rate,10.7,2024,percent,AI-S-03
07111,natural_balance_per_10000,-44.9,2024,per_10000_people,AI002-1-5
07111,population_change_per_10000,2.8,2024,per_10000_people,AI002-1-5
07111,population_density,1077.2,2024,people_per_km2,AI002-1-5
07111,services_employment_share,87.1,2024,percent,AI007-1
07111,unemployment_rate,6.7,2025,percent,AI008-1-5
07111,workplace_density,1566.6,2024,employed_per_1000_working_age,AI007-1
07131,age_65_plus_share,25.9,2024,percent,AI002-2-5
07131,age_under_18_share,15.9,2024,percent,AI002-2-5
07131,disposable_income_per_capita,27304.0,2022,eur_per_person,AI016-1
07131,foreign_population_share,10.5,2024,percent,AI002-1-5
07131,gdp_per_capita,33373.0,2023,eur_per_person,AI017-1
07131,manufacturing_employment_share,16.0,2024,percent,AI007-1
07131,migration_balance_per_10000,111.7,2024,per_10000_people,AI002-1-5
07131,minimum_security_rate,5.0,2024,percent,AI-S-03
07131,natural_balance_per_10000,-48.2,2024,per_10000_people,AI002-1-5
07131,population_change_per_10000,62.6,2024,per_10000_people,AI002-1-5
07131,population_density,164.4,2024,people_per_km2,AI002-1-5
07131,services_employment_share,72.2,2024,percent,AI007-1
07131,unemployment_rate,4.1,2025,percent,AI008-1-5
07131,workplace_density,700.5,2024,employed_per_1000_working_age,AI007-1
07132,age_65_plus_share,23.6,2024,percent,AI002-2-5
07132,age_under_18_share,17.5,2024,percent,AI002-2-5
07132,disposable_income_per_capita,24729.0,2022,eur_per_person,AI016-1
07132,foreign_population_share,10.4,2024,percent,AI002-1-5
07132,gdp_per_capita,32540.0,2023,eur_per_person,AI017-1
07132,manufacturing_employment_share,27.6,2024,percent,AI007-1
07132,migration_balance_per_10000,50.3,2024,per_10000_people,AI002-1-5
07132,minimum_security_rate,7.1,2024,percent,AI-S-03
07132,natural_balance_per_10000,-51.5,2024,per_10000_people,AI002-1-5
07132,population_change_per_10000,-1.8,2024,per_10000_people,AI002-1-5
07132,population_density,205.7,2024,people_per_km2,AI002-1-5
07132,services_employment_share,60.9,2024,percent,AI007-1
07132,unemployment_rate,5.9,2025,percent,AI008-1-5
07132,workplace_density,668.2,2024,employed_per_1000_working_age,AI007-1
07133,age_65_plus_share,24.7,2024,percent,AI002-2-5
07133,age_under_18_share,16.8,2024,percent,AI002-2-5
07133,disposable_income_per_capita,24741.0,2022,eur_per_person,AI016-1
07133,foreign_population_share,13.2,2024,percent,AI002-1-5
07133,gdp_per_capita,36760.0,2023,eur_per_person,AI017-1
07133,manufacturing_employment_share,16.2,2024,percent,AI007-1
07133,migration_balance_per_10000,68.3,2024,per_10000_people,AI002-1-5
07133,minimum_security_rate,8.0,2024,percent,AI-S-03
07133,natural_balance_per_10000,-56.5,2024,per_10000_people,AI002-1-5
07133,population_change_per_10000,11.2,2024,per_10000_people,AI002-1-5
07133,population_density,190.7,2024,people_per_km2,AI002-1-5
07133,services_employment_share,74.3,2024,percent,AI007-1
07133,unemployment_rate,6.8,2025,percent,AI008-1-5
07133,workplace_density,747.1,2024,employed_per_1000_working_age,AI007-1
07134,age_65_plus_share,25.7,2024,percent,AI002-2-5
07134,age_under_18_share,16.2,2024,percent,AI002-2-5
07134,disposable_income_per_capita,23483.0,2022,eur_per_person,AI016-1
07134,foreign_population_share,12.8,2024,percent,AI002-1-5
07134,gdp_per_capita,35427.0,2023,eur_per_person,AI017-1
07134,manufacturing_employment_share,18.5,2024,percent,AI007-1
07134,migration_balance_per_10000,69.6,2024,per_10000_people,AI002-1-5
07134,minimum_security_rate,8.9,2024,percent,AI-S-03
07134,natural_balance_per_10000,-68.4,2024,per_10000_people,AI002-1-5
07134,population_change_per_10000,-1.3,2024,per_10000_people,AI002-1-5
07134,population_density,106.3,2024,people_per_km2,AI002-1-5
07134,services_employment_share,71.5,2024,percent,AI007-1
07134,unemployment_rate,6.9,2025,percent,AI008-1-5
07134,workplace_density,760.1,2024,employed_per_1000_working_age,AI007-1
07135,age_65_plus_share,25.9,2024,percent,AI002-2-5
07135,age_under_18_share,15.5,2024,percent,AI002-2-5
07135,disposable_income_per_capita,24956.0,2022,eur_per_person,AI016-1
07135,foreign_population_share,11.0,2024,percent,AI002-1-5
07135,gdp_per_capita,39738.0,2023,eur_per_person,AI017-1
07135,manufacturing_employment_share,9.6,2024,percent,AI007-1
07135,migration_balance_per_10000,79.1,2024,per_10000_people,AI002-1-5
07135,minimum_security_rate,5.8,2024,percent,AI-S-03
07135,natural_balance_per_10000,-67.4,2024,per_10000_people,AI002-1-5
07135,population_change_per_10000,11.4,2024,per_10000_people,AI002-1-5
07135,population_density,89.0,2024,people_per_km2,AI002-1-5
07135,services_employment_share,77.8,2024,percent,AI007-1
07135,unemployment_rate,3.9,2025,percent,AI008-1-5
07135,workplace_density,833.1,2024,employed_per_1000_working_age,AI007-1
07137,age_65_plus_share,23.5,2024,percent,AI002-2-5
07137,age_under_18_share,16.9,2024,percent,AI002-2-5
07137,disposable_income_per_capita,25587.0,2022,eur_per_person,AI016-1
07137,foreign_population_share,10.8,2024,percent,AI002-1-5
07137,gdp_per_capita,37822.0,2023,eur_per_person,AI017-1
07137,manufacturing_employment_share,18.3,2024,percent,AI007-1
07137,migration_balance_per_10000,62.8,2024,per_10000_people,AI002-1-5
07137,minimum_security_rate,6.5,2024,percent,AI-S-03
07137,natural_balance_per_10000,-46.1,2024,per_10000_people,AI002-1-5
07137,population_change_per_10000,16.3,2024,per_10000_people,AI002-1-5
07137,population_density,265.7,2024,people_per_km2,AI002-1-5
07137,services_employment_share,72.4,2024,percent,AI007-1
07137,unemployment_rate,4.1,2025,percent,AI008-1-5
07137,workplace_density,721.4,2024,employed_per_1000_working_age,AI007-1
07138,age_65_plus_share,23.6,2024,percent,AI002-2-5
07138,age_under_18_share,17.6,2024,percent,AI002-2-5
07138,disposable_income_per_capita,25718.0,2022,eur_per_person,AI016-1
07138,foreign_population_share,12.0,2024,percent,AI002-1-5
07138,gdp_per_capita,40326.0,2023,eur_per_person,AI017-1
07138,manufacturing_employment_share,22.8,2024,percent,AI007-1
07138,migration_balance_per_10000,69.8,2024,per_10000_people,AI002-1-5
07138,minimum_security_rate,7.6,2024,percent,AI-S-03
07138,natural_balance_per_10000,-46.6,2024,per_10000_people,AI002-1-5
07138,population_change_per_10000,21.4,2024,per_10000_people,AI002-1-5
07138,population_density,301.5,2024,people_per_km2,AI002-1-5
07138,services_employment_share,67.8,2024,percent,AI007-1
07138,unemployment_rate,5.4,2025,percent,AI008-1-5
07138,workplace_density,777.5,2024,employed_per_1000_working_age,AI007-1
07140,age_65_plus_share,24.3,2024,percent,AI002-2-5
07140,age_under_18_share,16.7,2024,percent,AI002-2-5
07140,disposable_income_per_capita,26597.0,2022,eur_per_person,AI016-1
07140,foreign_population_share,11.4,2024,percent,AI002-1-5
07140,gdp_per_capita,44386.0,2023,eur_per_person,AI017-1
07140,manufacturing_employment_share,18.6,2024,percent,AI007-1
07140,migration_balance_per_10000,85.3,2024,per_10000_people,AI002-1-5
07140,minimum_security_rate,5.0,2024,percent,AI-S-03
07140,natural_balance_per_10000,-53.5,2024,per_10000_people,AI002-1-5
07140,population_change_per_10000,29.6,2024,per_10000_people,AI002-1-5
07140,population_density,107.7,2024,people_per_km2,AI002-1-5
07140,services_employment_share,70.4,2024,percent,AI007-1
07140,unemployment_rate,4.2,2025,percent,AI008-1-5
07140,workplace_density,868.4,2024,employed_per_1000_working_age,AI007-1
07141,age_65_plus_share,24.7,2024,percent,AI002-2-5
07141,age_under_18_share,16.7,2024,percent,AI002-2-5
07141,disposable_income_per_capita,24780.0,2022,eur_per_person,AI016-1
07141,foreign_population_share,11.4,2024,percent,AI002-1-5
07141,gdp_per_capita,32539.0,2023,eur_per_person,AI017-1
07141,manufacturing_employment_share,16.4,2024,percent,AI007-1
07141,migration_balance_per_10000,83.1,2024,per_10000_people,AI002-1-5
07141,minimum_security_rate,6.6,2024,percent,AI-S-03
07141,natural_balance_per_10000,-58.3,2024,per_10000_people,AI002-1-5
07141,population_change_per_10000,24.3,2024,per_10000_people,AI002-1-5
07141,population_density,160.5,2024,people_per_km2,AI002-1-5
07141,services_employment_share,74.9,2024,percent,AI007-1
07141,unemployment_rate,4.4,2025,percent,AI008-1-5
07141,workplace_density,652.6,2024,employed_per_1000_working_age,AI007-1
07143,age_65_plus_share,22.8,2024,percent,AI002-2-5
07143,age_under_18_share,17.2,2024,percent,AI002-2-5
07143,disposable_income_per_capita,27134.0,2022,eur_per_person,AI016-1
07143,foreign_population_share,10.9,2024,percent,AI002-1-5
07143,gdp_per_capita,43349.0,2023,eur_per_person,AI017-1
07143,manufacturing_employment_share,23.6,2024,percent,AI007-1
07143,migration_balance_per_10000,53.4,2024,per_10000_people,AI002-1-5
07143,minimum_security_rate,5.4,2024,percent,AI-S-03
07143,natural_balance_per_10000,-45.0,2024,per_10000_people,AI002-1-5
07143,population_change_per_10000,7.5,2024,per_10000_people,AI002-1-5
07143,population_density,210.1,2024,people_per_km2,AI002-1-5
07143,services_employment_share,65.4,2024,percent,AI007-1
07143,unemployment_rate,3.9,2025,percent,AI008-1-5
07143,workplace_density,768.5,2024,employed_per_1000_working_age,AI007-1
07211,age_65_plus_share,19.6,2024,percent,AI002-2-5
07211,age_under_18_share,15.1,2024,percent,AI002-2-5
07211,disposable_income_per_capita,24064.0,2022,eur_per_person,AI016-1
07211,foreign_population_share,18.7,2024,percent,AI002-1-5
07211,gdp_per_capita,52283.0,2023,eur_per_person,AI017-1
07211,manufacturing_employment_share,8.9,2024,percent,AI007-1
07211,migration_balance_per_10000,64.7,2024,per_10000_people,AI002-1-5
07211,minimum_security_rate,17.8,2024,percent,AI-S-03
07211,natural_balance_per_10000,-31.1,2024,per_10000_people,AI002-1-5
07211,population_change_per_10000,34.2,2024,per_10000_people,AI002-1-5
07211,population_density,891.4,2024,people_per_km2,AI002-1-5
07211,services_employment_share,84.3,2024,percent,AI007-1
07211,unemployment_rate,7.4,2025,percent,AI008-1-5
07211,workplace_density,1097.1,2024,employed_per_1000_working_age,AI007-1
07231,age_65_plus_share,24.6,2024,percent,AI002-2-5
07231,age_under_18_share,16.4,2024,percent,AI002-2-5
07231,disposable_income_per_capita,25720.0,2022,eur_per_person,AI016-1
07231,foreign_population_share,13.4,2024,percent,AI002-1-5
07231,gdp_per_capita,39089.0,2023,eur_per_person,AI017-1
07231,manufacturing_employment_share,24.0,2024,percent,AI007-1
07231,migration_balance_per_10000,37.8,2024,per_10000_people,AI002-1-5
07231,minimum_security_rate,5.2,2024,percent,AI-S-03
07231,natural_balance_per_10000,-49.1,2024,per_10000_people,AI002-1-5
07231,population_change_per_10000,-12.4,2024,per_10000_people,AI002-1-5
07231,population_density,96.9,2024,people_per_km2,AI002-1-5
07231,services_employment_share,62.8,2024,percent,AI007-1
07231,unemployment_rate,4.0,2025,percent,AI008-1-5
07231,workplace_density,827.6,2024,employed_per_1000_working_age,AI007-1
07232,age_65_plus_share,22.1,2024,percent,AI002-2-5
07232,age_under_18_share,17.5,2024,percent,AI002-2-5
07232,disposable_income_per_capita,25191.0,2022,eur_per_person,AI016-1
07232,foreign_population_share,17.2,2024,percent,AI002-1-5
07232,gdp_per_capita,35453.0,2023,eur_per_person,AI017-1
07232,manufacturing_employment_share,23.0,2024,percent,AI007-1
07232,migration_balance_per_10000,-52.3,2024,per_10000_people,AI002-1-5
07232,minimum_security_rate,4.6,2024,percent,AI-S-03
07232,natural_balance_per_10000,-34.5,2024,per_10000_people,AI002-1-5
07232,population_change_per_10000,-94.9,2024,per_10000_people,AI002-1-5
07232,population_density,61.3,2024,people_per_km2,AI002-1-5
07232,services_employment_share,64.1,2024,percent,AI007-1
07232,unemployment_rate,3.4,2025,percent,AI008-1-5
07232,workplace_density,656.5,2024,employed_per_1000_working_age,AI007-1
07233,age_65_plus_share,26.4,2024,percent,AI002-2-5
07233,age_under_18_share,15.6,2024,percent,AI002-2-5
07233,disposable_income_per_capita,25109.0,2022,eur_per_person,AI016-1
07233,foreign_population_share,10.1,2024,percent,AI002-1-5
07233,gdp_per_capita,39767.0,2023,eur_per_person,AI017-1
07233,manufacturing_employment_share,19.2,2024,percent,AI007-1
07233,migration_balance_per_10000,41.9,2024,per_10000_people,AI002-1-5
07233,minimum_security_rate,4.7,2024,percent,AI-S-03
07233,natural_balance_per_10000,-80.8,2024,per_10000_people,AI002-1-5
07233,population_change_per_10000,-38.5,2024,per_10000_people,AI002-1-5
07233,population_density,65.1,2024,people_per_km2,AI002-1-5
07233,services_employment_share,70.6,2024,percent,AI007-1
07233,unemployment_rate,4.5,2025,percent,AI008-1-5
07233,workplace_density,867.8,2024,employed_per_1000_working_age,AI007-1
07235,age_65_plus_share,22.6,2024,percent,AI002-2-5
07235,age_under_18_share,17.3,2024,percent,AI002-2-5
07235,disposable_income_per_capita,26548.0,2022,eur_per_person,AI016-1
07235,foreign_population_share,13.8,2024,percent,AI002-1-5
07235,gdp_per_capita,24047.0,2023,eur_per_person,AI017-1
07235,manufacturing_employment_share,19.8,2024,percent,AI007-1
07235,migration_balance_per_10000,37.3,2024,per_10000_people,AI002-1-5
07235,minimum_security_rate,3.7,2024,percent,AI-S-03
07235,natural_balance_per_10000,-43.7,2024,per_10000_people,AI002-1-5
07235,population_change_per_10000,-6.9,2024,per_10000_people,AI002-1-5
07235,population_density,135.1,2024,people_per_km2,AI002-1-5
07235,services_employment_share,66.5,2024,percent,AI007-1
07235,unemployment_rate,3.4,2025,percent,AI008-1-5
07235,workplace_density,535.2,2024,employed_per_1000_working_age,AI007-1
07311,age_65_plus_share,23.8,2024,percent,AI002-2-5
07311,age_under_18_share,17.4,2024,percent,AI002-2-5
07311,disposable_income_per_capita,24039.0,2022,eur_per_person,AI016-1
07311,foreign_population_share,21.6,2024,percent,AI002-1-5
07311,gdp_per_capita,44524.0,2023,eur_per_person,AI017-1
07311,manufacturing_employment_share,19.0,2024,percent,AI007-1
07311,migration_balance_per_10000,53.6,2024,per_10000_people,AI002-1-5
07311,minimum_security_rate,9.4,2024,percent,AI-S-03
07311,natural_balance_per_10000,-48.8,2024,per_10000_people,AI002-1-5
07311,population_change_per_10000,6.9,2024,per_10000_people,AI002-1-5
07311,population_density,1097.1,2024,people_per_km2,AI002-1-5
07311,services_employment_share,73.5,2024,percent,AI007-1
07311,unemployment_rate,8.2,2025,percent,AI008-1-5
07311,workplace_density,882.7,2024,employed_per_1000_working_age,AI007-1
07312,age_65_plus_share,21.5,2024,percent,AI002-2-5
07312,age_under_18_share,15.2,2024,percent,AI002-2-5
07312,disposable_income_per_capita,21646.0,2022,eur_per_person,AI016-1
07312,foreign_population_share,22.0,2024,percent,AI002-1-5
07312,gdp_per_capita,59263.0,2023,eur_per_person,AI017-1
07312,manufacturing_employment_share,11.5,2024,percent,AI007-1
07312,migration_balance_per_10000,14.0,2024,per_10000_people,AI002-1-5
07312,minimum_security_rate,12.0,2024,percent,AI-S-03
07312,natural_balance_per_10000,-31.4,2024,per_10000_people,AI002-1-5
07312,population_change_per_10000,-14.4,2024,per_10000_people,AI002-1-5
07312,population_density,718.9,2024,people_per_km2,AI002-1-5
07312,services_employment_share,83.3,2024,percent,AI007-1
07312,unemployment_rate,9.5,2025,percent,AI008-1-5
07312,workplace_density,1117.4,2024,employed_per_1000_working_age,AI007-1
07313,age_65_plus_share,20.8,2024,percent,AI002-2-5
07313,age_under_18_share,15.9,2024,percent,AI002-2-5
07313,disposable_income_per_capita,24366.0,2022,eur_per_person,AI016-1
07313,foreign_population_share,13.0,2024,percent,AI002-1-5
07313,gdp_per_capita,54054.0,2023,eur_per_person,AI017-1
07313,manufacturing_employment_share,8.0,2024,percent,AI007-1
07313,migration_balance_per_10000,30.5,2024,per_10000_people,AI002-1-5
07313,minimum_security_rate,9.1,2024,percent,AI-S-03
07313,natural_balance_per_10000,-29.7,2024,per_10000_people,AI002-1-5
07313,population_change_per_10000,1.5,2024,per_10000_people,AI002-1-5
07313,population_density,581.3,2024,people_per_km2,AI002-1-5
07313,services_employment_share,85.9,2024,percent,AI007-1
07313,unemployment_rate,6.3,2025,percent,AI008-1-5
07313,workplace_density,1091.6,2024,employed_per_1000_working_age,AI007-1
07314,age_65_plus_share,19.0,2024,percent,AI002-2-5
07314,age_under_18_share,18.6,2024,percent,AI002-2-5
07314,disposable_income_per_capita,22138.0,2022,eur_per_person,AI016-1
07314,foreign_population_share,31.0,2024,percent,AI002-1-5
07314,gdp_per_capita,79044.0,2023,eur_per_person,AI017-1
07314,manufacturing_employment_share,35.4,2024,percent,AI007-1
07314,migration_balance_per_10000,84.9,2024,per_10000_people,AI002-1-5
07314,minimum_security_rate,14.2,2024,percent,AI-S-03
07314,natural_balance_per_10000,-6.5,2024,per_10000_people,AI002-1-5
07314,population_change_per_10000,79.7,2024,per_10000_people,AI002-1-5
07314,population_density,2288.8,2024,people_per_km2,AI002-1-5
07314,services_employment_share,58.0,2024,percent,AI007-1
07314,unemployment_rate,9.5,2025,percent,AI008-1-5
07314,workplace_density,1075.3,2024,employed_per_1000_working_age,AI007-1
07315,age_65_plus_share,18.0,2024,percent,AI002-2-5
07315,age_under_18_share,14.9,2024,percent,AI002-2-5
07315,disposable_income_per_capita,24690.0,2022,eur_per_person,AI016-1
07315,foreign_population_share,19.5,2024,percent,AI002-1-5
07315,gdp_per_capita,87843.0,2023,eur_per_person,AI017-1
07315,manufacturing_employment_share,6.0,2024,percent,AI007-1
07315,migration_balance_per_10000,36.3,2024,per_10000_people,AI002-1-5
07315,minimum_security_rate,8.5,2024,percent,AI-S-03
07315,natural_balance_per_10000,0.1,2024,per_10000_people,AI002-1-5
07315,population_change_per_10000,36.2,2024,per_10000_people,AI002-1-5
07315,population_density,2299.0,2024,people_per_km2,AI002-1-5
07315,services_employment_share,89.7,2024,percent,AI007-1
07315,unemployment_rate,5.8,2025,percent,AI008-1-5
07315,workplace_density,1086.8,2024,employed_per_1000_working_age,AI007-1
07316,age_65_plus_share,25.9,2024,percent,AI002-2-5
07316,age_under_18_share,16.6,2024,percent,AI002-2-5
07316,disposable_income_per_capita,29231.0,2022,eur_per_person,AI016-1
07316,foreign_population_share,13.4,2024,percent,AI002-1-5
07316,gdp_per_capita,37395.0,2023,eur_per_person,AI017-1
07316,manufacturing_employment_share,5.5,2024,percent,AI007-1
07316,migration_balance_per_10000,109.2,2024,per_10000_people,AI002-1-5
07316,minimum_security_rate,9.6,2024,percent,AI-S-03
07316,natural_balance_per_10000,-66.3,2024,per_10000_people,AI002-1-5
07316,population_change_per_10000,44.7,2024,per_10000_people,AI002-1-5
07316,population_density,452.2,2024,people_per_km2,AI002-1-5
07316,services_employment_share,85.0,2024,percent,AI007-1
07316,unemployment_rate,6.8,2025,percent,AI008-1-5
07316,workplace_density,876.0,2024,employed_per_1000_working_age,AI007-1
07317,age_65_plus_share,25.5,2024,percent,AI002-2-5
07317,age_under_18_share,16.2,2024,percent,AI002-2-5
07317,disposable_income_per_capita,21292.0,2022,eur_per_person,AI016-1
07317,foreign_population_share,16.6,2024,percent,AI002-1-5
07317,gdp_per_capita,45578.0,2023,eur_per_person,AI017-1
07317,manufacturing_employment_share,18.2,2024,percent,AI007-1
07317,migration_balance_per_10000,137.9,2024,per_10000_people,AI002-1-5
07317,minimum_security_rate,16.0,2024,percent,AI-S-03
07317,natural_balance_per_10000,-91.5,2024,per_10000_people,AI002-1-5
07317,population_change_per_10000,46.6,2024,per_10000_people,AI002-1-5
07317,population_density,648.1,2024,people_per_km2,AI002-1-5
07317,services_employment_share,75.3,2024,percent,AI007-1
07317,unemployment_rate,12.3,2025,percent,AI008-1-5
07317,workplace_density,1057.1,2024,employed_per_1000_working_age,AI007-1
07318,age_65_plus_share,24.8,2024,percent,AI002-2-5
07318,age_under_18_share,15.7,2024,percent,AI002-2-5
07318,disposable_income_per_capita,27695.0,2022,eur_per_person,AI016-1
07318,foreign_population_share,17.0,2024,percent,AI002-1-5
07318,gdp_per_capita,63646.0,2023,eur_per_person,AI017-1
07318,manufacturing_employment_share,13.2,2024,percent,AI007-1
07318,migration_balance_per_10000,-13.9,2024,per_10000_people,AI002-1-5
07318,minimum_security_rate,8.2,2024,percent,AI-S-03
07318,natural_balance_per_10000,-46.5,2024,per_10000_people,AI002-1-5
07318,population_change_per_10000,-62.4,2024,per_10000_people,AI002-1-5
07318,population_density,1160.5,2024,people_per_km2,AI002-1-5
07318,services_employment_share,82.2,2024,percent,AI007-1
07318,unemployment_rate,6.1,2025,percent,AI008-1-5
07318,workplace_density,1347.7,2024,employed_per_1000_working_age,AI007-1
07319,age_65_plus_share,20.9,2024,percent,AI002-2-5
07319,age_under_18_share,17.7,2024,percent,AI002-2-5
07319,disposable_income_per_capita,23092.0,2022,eur_per_person,AI016-1
07319,foreign_population_share,22.0,2024,percent,AI002-1-5
07319,gdp_per_capita,44401.0,2023,eur_per_person,AI017-1
07319,manufacturing_employment_share,14.9,2024,percent,AI007-1
07319,migration_balance_per_10000,65.5,2024,per_10000_people,AI002-1-5
07319,minimum_security_rate,11.5,2024,percent,AI-S-03
07319,natural_balance_per_10000,-25.6,2024,per_10000_people,AI002-1-5
07319,population_change_per_10000,40.4,2024,per_10000_people,AI002-1-5
07319,population_density,797.9,2024,people_per_km2,AI002-1-5
07319,services_employment_share,75.8,2024,percent,AI007-1
07319,unemployment_rate,8.8,2025,percent,AI008-1-5
07319,workplace_density,819.9,2024,employed_per_1000_working_age,AI007-1
07320,age_65_plus_share,24.9,2024,percent,AI002-2-5
07320,age_under_18_share,16.4,2024,percent,AI002-2-5
07320,disposable_income_per_capita,22918.0,2022,eur_per_person,AI016-1
07320,foreign_population_share,12.6,2024,percent,AI002-1-5
07320,gdp_per_capita,61981.0,2023,eur_per_person,AI017-1
07320,manufacturing_employment_share,22.1,2024,percent,AI007-1
07320,migration_balance_per_10000,56.7,2024,per_10000_people,AI002-1-5
07320,minimum_security_rate,10.1,2024,percent,AI-S-03
07320,natural_balance_per_10000,-66.9,2024,per_10000_people,AI002-1-5
07320,population_change_per_10000,-9.6,2024,per_10000_people,AI002-1-5
07320,population_density,471.7,2024,people_per_km2,AI002-1-5
07320,services_employment_share,71.9,2024,percent,AI007-1
07320,unemployment_rate,7.6,2025,percent,AI008-1-5
07320,workplace_density,1103.4,2024,employed_per_1000_working_age,AI007-1
07331,age_65_plus_share,22.7,2024,percent,AI002-2-5
07331,age_under_18_share,17.8,2024,percent,AI002-2-5
07331,disposable_income_per_capita,25939.0,2022,eur_per_person,AI016-1
07331,foreign_population_share,11.2,2024,percent,AI002-1-5
07331,gdp_per_capita,31228.0,2023,eur_per_person,AI017-1
07331,manufacturing_employment_share,11.7,2024,percent,AI007-1
07331,migration_balance_per_10000,65.3,2024,per_10000_people,AI002-1-5
07331,minimum_security_rate,5.8,2024,percent,AI-S-03
07331,natural_balance_per_10000,-32.2,2024,per_10000_people,AI002-1-5
07331,population_change_per_10000,33.9,2024,per_10000_people,AI002-1-5
07331,population_density,223.2,2024,people_per_km2,AI002-1-5
07331,services_employment_share,73.2,2024,percent,AI007-1
07331,unemployment_rate,4.6,2025,percent,AI008-1-5
07331,workplace_density,588.2,2024,employed_per_1000_working_age,AI007-1
07332,age_65_plus_share,26.1,2024,percent,AI002-2-5
07332,age_under_18_share,16.0,2024,percent,AI002-2-5
07332,disposable_income_per_capita,30168.0,2022,eur_per_person,AI016-1
07332,foreign_population_share,10.2,2024,percent,AI002-1-5
07332,gdp_per_capita,26562.0,2023,eur_per_person,AI017-1
07332,manufacturing_employment_share,10.4,2024,percent,AI007-1
07332,migration_balance_per_10000,63.6,2024,per_10000_people,AI002-1-5
07332,minimum_security_rate,5.8,2024,percent,AI-S-03
07332,natural_balance_per_10000,-56.6,2024,per_10000_people,AI002-1-5
07332,population_change_per_10000,8.0,2024,per_10000_people,AI002-1-5
07332,population_density,225.9,2024,people_per_km2,AI002-1-5
07332,services_employment_share,76.5,2024,percent,AI007-1
07332,unemployment_rate,4.7,2025,percent,AI008-1-5
07332,workplace_density,596.6,2024,employed_per_1000_working_age,AI007-1
07333,age_65_plus_share,24.4,2024,percent,AI002-2-5
07333,age_under_18_share,16.8,2024,percent,AI002-2-5
07333,disposable_income_per_capita,25076.0,2022,eur_per_person,AI016-1
07333,foreign_population_share,9.9,2024,percent,AI002-1-5
07333,gdp_per_capita,32500.0,2023,eur_per_person,AI017-1
07333,manufacturing_employment_share,22.9,2024,percent,AI007-1
07333,migration_balance_per_10000,65.5,2024,per_10000_people,AI002-1-5
07333,minimum_security_rate,7.0,2024,percent,AI-S-03
07333,natural_balance_per_10000,-58.3,2024,per_10000_people,AI002-1-5
07333,population_change_per_10000,7.4,2024,per_10000_people,AI002-1-5
07333,population_density,115.9,2024,people_per_km2,AI002-1-5
07333,services_employment_share,68.2,2024,percent,AI007-1
07333,unemployment_rate,5.8,2025,percent,AI008-1-5
07333,workplace_density,655.6,2024,employed_per_1000_working_age,AI007-1
07334,age_65_plus_share,22.0,2024,percent,AI002-2-5
07334,age_under_18_share,17.6,2024,percent,AI002-2-5
07334,disposable_income_per_capita,25846.0,2022,eur_per_person,AI016-1
07334,foreign_population_share,14.1,2024,percent,AI002-1-5
07334,gdp_per_capita,43301.0,2023,eur_per_person,AI017-1
07334,manufacturing_employment_share,36.0,2024,percent,AI007-1
07334,migration_balance_per_10000,5.0,2024,per_10000_people,AI002-1-5
07334,minimum_security_rate,6.0,2024,percent,AI-S-03
07334,natural_balance_per_10000,-26.7,2024,per_10000_people,AI002-1-5
07334,population_change_per_10000,-22.4,2024,per_10000_people,AI002-1-5
07334,population_density,283.6,2024,people_per_km2,AI002-1-5
07334,services_employment_share,55.3,2024,percent,AI007-1
07334,unemployment_rate,4.9,2025,percent,AI008-1-5
07334,workplace_density,725.8,2024,employed_per_1000_working_age,AI007-1
07335,age_65_plus_share,23.9,2024,percent,AI002-2-5
07335,age_under_18_share,18.3,2024,percent,AI002-2-5
07335,disposable_income_per_capita,23800.0,2022,eur_per_person,AI016-1
07335,foreign_population_share,11.6,2024,percent,AI002-1-5
07335,gdp_per_capita,26812.0,2023,eur_per_person,AI017-1
07335,manufacturing_employment_share,11.5,2024,percent,AI007-1
07335,migration_balance_per_10000,40.0,2024,per_10000_people,AI002-1-5
07335,minimum_security_rate,6.1,2024,percent,AI-S-03
07335,natural_balance_per_10000,-16.0,2024,per_10000_people,AI002-1-5
07335,population_change_per_10000,24.6,2024,per_10000_people,AI002-1-5
07335,population_density,166.2,2024,people_per_km2,AI002-1-5
07335,services_employment_share,75.5,2024,percent,AI007-1
07335,unemployment_rate,5.4,2025,percent,AI008-1-5
07335,workplace_density,555.1,2024,employed_per_1000_working_age,AI007-1
07336,age_65_plus_share,26.3,2024,percent,AI002-2-5
07336,age_under_18_share,16.0,2024,percent,AI002-2-5
07336,disposable_income_per_capita,23622.0,2022,eur_per_person,AI016-1
07336,foreign_population_share,8.1,2024,percent,AI002-1-5
07336,gdp_per_capita,22234.0,2023,eur_per_person,AI017-1
07336,manufacturing_employment_share,13.3,2024,percent,AI007-1
07336,migration_balance_per_10000,-7.8,2024,per_10000_people,AI002-1-5
07336,minimum_security_rate,6.6,2024,percent,AI-S-03
07336,natural_balance_per_10000,-64.7,2024,per_10000_people,AI002-1-5
07336,population_change_per_10000,-73.6,2024,per_10000_people,AI002-1-5
07336,population_density,120.9,2024,people_per_km2,AI002-1-5
07336,services_employment_share,76.3,2024,percent,AI007-1
07336,unemployment_rate,5.1,2025,percent,AI008-1-5
07336,workplace_density,465.8,2024,employed_per_1000_working_age,AI007-1
07337,age_65_plus_share,25.1,2024,percent,AI002-2-5
07337,age_under_18_share,16.3,2024,percent,AI002-2-5
07337,disposable_income_per_capita,27649.0,2022,eur_per_person,AI016-1
07337,foreign_population_share,9.3,2024,percent,AI002-1-5
07337,gdp_per_capita,31917.0,2023,eur_per_person,AI017-1
07337,manufacturing_employment_share,16.2,2024,percent,AI007-1
07337,migration_balance_per_10000,42.9,2024,per_10000_people,AI002-1-5
07337,minimum_security_rate,5.7,2024,percent,AI-S-03
07337,natural_balance_per_10000,-52.1,2024,per_10000_people,AI002-1-5
07337,population_change_per_10000,-10.5,2024,per_10000_people,AI002-1-5
07337,population_density,176.6,2024,people_per_km2,AI002-1-5
07337,services_employment_share,71.1,2024,percent,AI007-1
07337,unemployment_rate,4.7,2025,percent,AI008-1-5
07337,workplace_density,668.5,2024,employed_per_1000_working_age,AI007-1
07338,age_65_plus_share,24.3,2024,percent,AI002-2-5
07338,age_under_18_share,17.8,2024,percent,AI002-2-5
07338,disposable_income_per_capita,30051.0,2022,eur_per_person,AI016-1
07338,foreign_population_share,12.0,2024,percent,AI002-1-5
07338,gdp_per_capita,23510.0,2023,eur_per_person,AI017-1
07338,manufacturing_employment_share,8.3,2024,percent,AI007-1
07338,migration_balance_per_10000,63.2,2024,per_10000_people,AI002-1-5
07338,minimum_security_rate,5.0,2024,percent,AI-S-03
07338,natural_balance_per_10000,-40.1,2024,per_10000_people,AI002-1-5
07338,population_change_per_10000,22.9,2024,per_10000_people,AI002-1-5
07338,population_density,511.1,2024,people_per_km2,AI002-1-5
07338,services_employment_share,71.2,2024,percent,AI007-1
07338,unemployment_rate,4.3,2025,percent,AI008-1-5
07338,workplace_density,465.7,2024,employed_per_1000_working_age,AI007-1
07339,age_65_plus_share,23.0,2024,percent,AI002-2-5
07339,age_under_18_share,17.6,2024,percent,AI002-2-5
07339,disposable_income_per_capita,28665.0,2022,eur_per_person,AI016-1
07339,foreign_population_share,12.2,2024,percent,AI002-1-5
07339,gdp_per_capita,46908.0,2023,eur_per_person,AI017-1
07339,manufacturing_employment_share,17.3,2024,percent,AI007-1
07339,migration_balance_per_10000,44.1,2024,per_10000_people,AI002-1-5
07339,minimum_security_rate,5.9,2024,percent,AI-S-03
07339,natural_balance_per_10000,-32.6,2024,per_10000_people,AI002-1-5
07339,population_change_per_10000,11.3,2024,per_10000_people,AI002-1-5
07339,population_density,341.1,2024,people_per_km2,AI002-1-5
07339,services_employment_share,71.5,2024,percent,AI007-1
07339,unemployment_rate,5.0,2025,percent,AI008-1-5
07339,workplace_density,656.6,2024,employed_per_1000_working_age,AI007-1
07340,age_65_plus_share,27.6,2024,percent,AI002-2-5
07340,age_under_18_share,15.2,2024,percent,AI002-2-5
07340,disposable_income_per_capita,26034.0,2022,eur_per_person,AI016-1
07340,foreign_population_share,6.1,2024,percent,AI002-1-5
07340,gdp_per_capita,19688.0,2023,eur_per_person,AI017-1
07340,manufacturing_employment_share,18.3,2024,percent,AI007-1
07340,migration_balance_per_10000,53.4,2024,per_10000_people,AI002-1-5
07340,minimum_security_rate,4.3,2024,percent,AI-S-03
07340,natural_balance_per_10000,-76.1,2024,per_10000_people,AI002-1-5
07340,population_change_per_10000,-21.5,2024,per_10000_people,AI002-1-5
07340,population_density,94.4,2024,people_per_km2,AI002-1-5
07340,services_employment_share,68.3,2024,percent,AI007-1
07340,unemployment_rate,4.6,2025,percent,AI008-1-5
07340,workplace_density,438.8,2024,employed_per_1000_working_age,AI007-1
08111,age_65_plus_share,18.4,2024,percent,AI002-2-5
08111,age_under_18_share,15.7,2024,percent,AI002-2-5
08111,disposable_income_per_capita,29202.0,2022,eur_per_person,AI016-1
08111,foreign_population_share,27.4,2024,percent,AI002-1-5
08111,gdp_per_capita,112183.0,2023,eur_per_person,AI017-1
08111,manufacturing_employment_share,13.9,2024,percent,AI007-1
08111,migration_balance_per_10000,-2.7,2024,per_10000_people,AI002-1-5
08111,minimum_security_rate,9.1,2024,percent,AI-S-03
08111,natural_balance_per_10000,-1.5,2024,per_10000_people,AI002-1-5
08111,population_change_per_10000,-7.3,2024,per_10000_people,AI002-1-5
08111,population_density,2955.0,2024,people_per_km2,AI002-1-5
08111,services_employment_share,81.2,2024,percent,AI007-1
08111,unemployment_rate,6.6,2025,percent,AI008-1-5
08111,workplace_density,1318.0,2024,employed_per_1000_working_age,AI007-1
08115,age_65_plus_share,20.9,2024,percent,AI002-2-5
08115,age_under_18_share,18.4,2024,percent,AI002-2-5
08115,disposable_income_per_capita,28319.0,2022,eur_per_person,AI016-1
08115,foreign_population_share,20.7,2024,percent,AI002-1-5
08115,gdp_per_capita,83120.0,2023,eur_per_person,AI017-1
08115,manufacturing_employment_share,33.9,2024,percent,AI007-1
08115,migration_balance_per_10000,26.6,2024,per_10000_people,AI002-1-5
08115,minimum_security_rate,5.4,2024,percent,AI-S-03
08115,natural_balance_per_10000,-3.3,2024,per_10000_people,AI002-1-5
08115,population_change_per_10000,23.0,2024,per_10000_people,AI002-1-5
08115,population_density,639.7,2024,people_per_km2,AI002-1-5
08115,services_employment_share,60.8,2024,percent,AI007-1
08115,unemployment_rate,4.3,2025,percent,AI008-1-5
08115,workplace_density,917.6,2024,employed_per_1000_working_age,AI007-1
08116,age_65_plus_share,21.4,2024,percent,AI002-2-5
08116,age_under_18_share,17.3,2024,percent,AI002-2-5
08116,disposable_income_per_capita,27905.0,2022,eur_per_person,AI016-1
08116,foreign_population_share,19.7,2024,percent,AI002-1-5
08116,gdp_per_capita,51626.0,2023,eur_per_person,AI017-1
08116,manufacturing_employment_share,23.8,2024,percent,AI007-1
08116,migration_balance_per_10000,26.3,2024,per_10000_people,AI002-1-5
08116,minimum_security_rate,6.1,2024,percent,AI-S-03
08116,natural_balance_per_10000,-14.7,2024,per_10000_people,AI002-1-5
08116,population_change_per_10000,10.7,2024,per_10000_people,AI002-1-5
08116,population_density,836.8,2024,people_per_km2,AI002-1-5
08116,services_employment_share,68.9,2024,percent,AI007-1
08116,unemployment_rate,4.5,2025,percent,AI008-1-5
08116,workplace_density,819.8,2024,employed_per_1000_working_age,AI007-1
08117,age_65_plus_share,22.7,2024,percent,AI002-2-5
08117,age_under_18_share,17.6,2024,percent,AI002-2-5
08117,disposable_income_per_capita,28569.0,2022,eur_per_person,AI016-1
08117,foreign_population_share,19.4,2024,percent,AI002-1-5
08117,gdp_per_capita,36672.0,2023,eur_per_person,AI017-1
08117,manufacturing_employment_share,23.9,2024,percent,AI007-1
08117,migration_balance_per_10000,19.1,2024,per_10000_people,AI002-1-5
08117,minimum_security_rate,6.8,2024,percent,AI-S-03
08117,natural_balance_per_10000,-33.8,2024,per_10000_people,AI002-1-5
08117,population_change_per_10000,-16.3,2024,per_10000_people,AI002-1-5
08117,population_density,402.9,2024,people_per_km2,AI002-1-5
08117,services_employment_share,64.0,2024,percent,AI007-1
08117,unemployment_rate,5.3,2025,percent,AI008-1-5
08117,workplace_density,731.7,2024,employed_per_1000_working_age,AI007-1
08118,age_65_plus_share,21.0,2024,percent,AI002-2-5
08118,age_under_18_share,18.1,2024,percent,AI002-2-5
08118,disposable_income_per_capita,28355.0,2022,eur_per_person,AI016-1
08118,foreign_population_share,20.2,2024,percent,AI002-1-5
08118,gdp_per_capita,56524.0,2023,eur_per_person,AI017-1
08118,manufacturing_employment_share,23.5,2024,percent,AI007-1
08118,migration_balance_per_10000,20.5,2024,per_10000_people,AI002-1-5
08118,minimum_security_rate,5.5,2024,percent,AI-S-03
08118,natural_balance_per_10000,-9.2,2024,per_10000_people,AI002-1-5
08118,population_change_per_10000,10.6,2024,per_10000_people,AI002-1-5
08118,population_density,779.6,2024,people_per_km2,AI002-1-5
08118,services_employment_share,68.3,2024,percent,AI007-1
08118,unemployment_rate,4.2,2025,percent,AI008-1-5
08118,workplace_density,805.5,2024,employed_per_1000_working_age,AI007-1
08119,age_65_plus_share,22.1,2024,percent,AI002-2-5
08119,age_under_18_share,17.4,2024,percent,AI002-2-5
08119,disposable_income_per_capita,27812.0,2022,eur_per_person,AI016-1
08119,foreign_population_share,18.3,2024,percent,AI002-1-5
08119,gdp_per_capita,40494.0,2023,eur_per_person,AI017-1
08119,manufacturing_employment_share,23.9,2024,percent,AI007-1
08119,migration_balance_per_10000,33.3,2024,per_10000_people,AI002-1-5
08119,minimum_security_rate,6.5,2024,percent,AI-S-03
08119,natural_balance_per_10000,-19.7,2024,per_10000_people,AI002-1-5
08119,population_change_per_10000,13.5,2024,per_10000_people,AI002-1-5
08119,population_density,513.6,2024,people_per_km2,AI002-1-5
08119,services_employment_share,67.4,2024,percent,AI007-1
08119,unemployment_rate,4.6,2025,percent,AI008-1-5
08119,workplace_density,736.3,2024,employed_per_1000_working_age,AI007-1
08121,age_65_plus_share,19.0,2024,percent,AI002-2-5
08121,age_under_18_share,17.8,2024,percent,AI002-2-5
08121,disposable_income_per_capita,24862.0,2022,eur_per_person,AI016-1
08121,foreign_population_share,30.6,2024,percent,AI002-1-5
08121,gdp_per_capita,67306.0,2023,eur_per_person,AI017-1
08121,manufacturing_employment_share,10.4,2024,percent,AI007-1
08121,migration_balance_per_10000,37.7,2024,per_10000_people,AI002-1-5
08121,minimum_security_rate,9.0,2024,percent,AI-S-03
08121,natural_balance_per_10000,-12.1,2024,per_10000_people,AI002-1-5
08121,population_change_per_10000,25.3,2024,per_10000_people,AI002-1-5
08121,population_density,1321.3,2024,people_per_km2,AI002-1-5
08121,services_employment_share,82.2,2024,percent,AI007-1
08121,unemployment_rate,6.7,2025,percent,AI008-1-5
08121,workplace_density,1137.7,2024,employed_per_1000_working_age,AI007-1
08125,age_65_plus_share,20.9,2024,percent,AI002-2-5
08125,age_under_18_share,18.2,2024,percent,AI002-2-5
08125,disposable_income_per_capita,27828.0,2022,eur_per_person,AI016-1
08125,foreign_population_share,16.8,2024,percent,AI002-1-5
08125,gdp_per_capita,75417.0,2023,eur_per_person,AI017-1
08125,manufacturing_employment_share,33.6,2024,percent,AI007-1
08125,migration_balance_per_10000,24.7,2024,per_10000_people,AI002-1-5
08125,minimum_security_rate,5.1,2024,percent,AI-S-03
08125,natural_balance_per_10000,-13.9,2024,per_10000_people,AI002-1-5
08125,population_change_per_10000,7.6,2024,per_10000_people,AI002-1-5
08125,population_density,321.7,2024,people_per_km2,AI002-1-5
08125,services_employment_share,58.2,2024,percent,AI007-1
08125,unemployment_rate,4.1,2025,percent,AI008-1-5
08125,workplace_density,825.6,2024,employed_per_1000_working_age,AI007-1
08126,age_65_plus_share,21.2,2024,percent,AI002-2-5
08126,age_under_18_share,17.8,2024,percent,AI002-2-5
08126,disposable_income_per_capita,26989.0,2022,eur_per_person,AI016-1
08126,foreign_population_share,14.2,2024,percent,AI002-1-5
08126,gdp_per_capita,63751.0,2023,eur_per_person,AI017-1
08126,manufacturing_employment_share,34.5,2024,percent,AI007-1
08126,migration_balance_per_10000,37.2,2024,per_10000_people,AI002-1-5
08126,minimum_security_rate,4.2,2024,percent,AI-S-03
08126,natural_balance_per_10000,-9.4,2024,per_10000_people,AI002-1-5
08126,population_change_per_10000,26.8,2024,per_10000_people,AI002-1-5
08126,population_density,148.9,2024,people_per_km2,AI002-1-5
08126,services_employment_share,58.2,2024,percent,AI007-1
08126,unemployment_rate,3.7,2025,percent,AI008-1-5
08126,workplace_density,1035.6,2024,employed_per_1000_working_age,AI007-1
08127,age_65_plus_share,21.0,2024,percent,AI002-2-5
08127,age_under_18_share,18.1,2024,percent,AI002-2-5
08127,disposable_income_per_capita,26769.0,2022,eur_per_person,AI016-1
08127,foreign_population_share,15.2,2024,percent,AI002-1-5
08127,gdp_per_capita,55783.0,2023,eur_per_person,AI017-1
08127,manufacturing_employment_share,30.8,2024,percent,AI007-1
08127,migration_balance_per_10000,33.0,2024,per_10000_people,AI002-1-5
08127,minimum_security_rate,5.3,2024,percent,AI-S-03
08127,natural_balance_per_10000,-16.6,2024,per_10000_people,AI002-1-5
08127,population_change_per_10000,15.2,2024,per_10000_people,AI002-1-5
08127,population_density,135.4,2024,people_per_km2,AI002-1-5
08127,services_employment_share,58.6,2024,percent,AI007-1
08127,unemployment_rate,3.9,2025,percent,AI008-1-5
08127,workplace_density,911.2,2024,employed_per_1000_working_age,AI007-1
08128,age_65_plus_share,24.6,2024,percent,AI002-2-5
08128,age_under_18_share,16.6,2024,percent,AI002-2-5
08128,disposable_income_per_capita,26194.0,2022,eur_per_person,AI016-1
08128,foreign_population_share,12.5,2024,percent,AI002-1-5
08128,gdp_per_capita,48306.0,2023,eur_per_person,AI017-1
08128,manufacturing_employment_share,28.9,2024,percent,AI007-1
08128,migration_balance_per_10000,20.8,2024,per_10000_people,AI002-1-5
08128,minimum_security_rate,5.0,2024,percent,AI-S-03
08128,natural_balance_per_10000,-41.9,2024,per_10000_people,AI002-1-5
08128,population_change_per_10000,-21.8,2024,per_10000_people,AI002-1-5
08128,population_density,102.1,2024,people_per_km2,AI002-1-5
08128,services_employment_share,63.2,2024,percent,AI007-1
08128,unemployment_rate,3.6,2025,percent,AI008-1-5
08128,workplace_density,927.0,2024,employed_per_1000_working_age,AI007-1
08135,age_65_plus_share,22.8,2024,percent,AI002-2-5
08135,age_under_18_share,17.4,2024,percent,AI002-2-5
08135,disposable_income_per_capita,25467.0,2022,eur_per_person,AI016-1
08135,foreign_population_share,18.8,2024,percent,AI002-1-5
08135,gdp_per_capita,43345.0,2023,eur_per_person,AI017-1
08135,manufacturing_employment_share,30.3,2024,percent,AI007-1
08135,migration_balance_per_10000,36.0,2024,per_10000_people,AI002-1-5
08135,minimum_security_rate,5.7,2024,percent,AI-S-03
08135,natural_balance_per_10000,-34.4,2024,per_10000_people,AI002-1-5
08135,population_change_per_10000,-0.4,2024,per_10000_people,AI002-1-5
08135,population_density,215.6,2024,people_per_km2,AI002-1-5
08135,services_employment_share,62.4,2024,percent,AI007-1
08135,unemployment_rate,5.1,2025,percent,AI008-1-5
08135,workplace_density,797.9,2024,employed_per_1000_working_age,AI007-1
08136,age_65_plus_share,22.2,2024,percent,AI002-2-5
08136,age_under_18_share,17.5,2024,percent,AI002-2-5
08136,disposable_income_per_capita,27613.0,2022,eur_per_person,AI016-1
08136,foreign_population_share,13.1,2024,percent,AI002-1-5
08136,gdp_per_capita,55123.0,2023,eur_per_person,AI017-1
08136,manufacturing_employment_share,30.9,2024,percent,AI007-1
08136,migration_balance_per_10000,34.3,2024,per_10000_people,AI002-1-5
08136,minimum_security_rate,4.9,2024,percent,AI-S-03
08136,natural_balance_per_10000,-27.2,2024,per_10000_people,AI002-1-5
08136,population_change_per_10000,5.2,2024,per_10000_people,AI002-1-5
08136,population_density,210.0,2024,people_per_km2,AI002-1-5
08136,services_employment_share,60.9,2024,percent,AI007-1
08136,unemployment_rate,3.9,2025,percent,AI008-1-5
08136,workplace_density,881.8,2024,employed_per_1000_working_age,AI007-1
08211,age_65_plus_share,27.2,2024,percent,AI002-2-5
08211,age_under_18_share,15.0,2024,percent,AI002-2-5
08211,disposable_income_per_capita,31787.0,2022,eur_per_person,AI016-1
08211,foreign_population_share,24.8,2024,percent,AI002-1-5
08211,gdp_per_capita,68676.0,2023,eur_per_person,AI017-1
08211,manufacturing_employment_share,11.2,2024,percent,AI007-1
08211,migration_balance_per_10000,123.4,2024,per_10000_people,AI002-1-5
08211,minimum_security_rate,9.5,2024,percent,AI-S-03
08211,natural_balance_per_10000,-61.0,2024,per_10000_people,AI002-1-5
08211,population_change_per_10000,62.6,2024,per_10000_people,AI002-1-5
08211,population_density,405.7,2024,people_per_km2,AI002-1-5
08211,services_employment_share,81.5,2024,percent,AI007-1
08211,unemployment_rate,7.0,2025,percent,AI008-1-5
08211,workplace_density,1231.0,2024,employed_per_1000_working_age,AI007-1
08212,age_65_plus_share,19.6,2024,percent,AI002-2-5
08212,age_under_18_share,14.4,2024,percent,AI002-2-5
08212,disposable_income_per_capita,26104.0,2022,eur_per_person,AI016-1
08212,foreign_population_share,20.6,2024,percent,AI002-1-5
08212,gdp_per_capita,82311.0,2023,eur_per_person,AI017-1
08212,manufacturing_employment_share,7.9,2024,percent,AI007-1
08212,migration_balance_per_10000,51.2,2024,per_10000_people,AI002-1-5
08212,minimum_security_rate,7.0,2024,percent,AI-S-03
08212,natural_balance_per_10000,-20.5,2024,per_10000_people,AI002-1-5
08212,population_change_per_10000,27.6,2024,per_10000_people,AI002-1-5
08212,population_density,1782.1,2024,people_per_km2,AI002-1-5
08212,services_employment_share,85.4,2024,percent,AI007-1
08212,unemployment_rate,5.1,2025,percent,AI008-1-5
08212,workplace_density,1149.0,2024,employed_per_1000_working_age,AI007-1
08215,age_65_plus_share,22.7,2024,percent,AI002-2-5
08215,age_under_18_share,17.0,2024,percent,AI002-2-5
08215,disposable_income_per_capita,27204.0,2022,eur_per_person,AI016-1
08215,foreign_population_share,15.9,2024,percent,AI002-1-5
08215,gdp_per_capita,42407.0,2023,eur_per_person,AI017-1
08215,manufacturing_employment_share,20.7,2024,percent,AI007-1
08215,migration_balance_per_10000,46.2,2024,per_10000_people,AI002-1-5
08215,minimum_security_rate,4.7,2024,percent,AI-S-03
08215,natural_balance_per_10000,-24.9,2024,per_10000_people,AI002-1-5
08215,population_change_per_10000,20.1,2024,per_10000_people,AI002-1-5
08215,population_density,420.5,2024,people_per_km2,AI002-1-5
08215,services_employment_share,70.7,2024,percent,AI007-1
08215,unemployment_rate,4.1,2025,percent,AI008-1-5
08215,workplace_density,753.9,2024,employed_per_1000_working_age,AI007-1
08216,age_65_plus_share,23.5,2024,percent,AI002-2-5
08216,age_under_18_share,16.9,2024,percent,AI002-2-5
08216,disposable_income_per_capita,26026.0,2022,eur_per_person,AI016-1
08216,foreign_population_share,16.9,2024,percent,AI002-1-5
08216,gdp_per_capita,49078.0,2023,eur_per_person,AI017-1
08216,manufacturing_employment_share,35.7,2024,percent,AI007-1
08216,migration_balance_per_10000,7.9,2024,per_10000_people,AI002-1-5
08216,minimum_security_rate,5.6,2024,percent,AI-S-03
08216,natural_balance_per_10000,-31.9,2024,per_10000_people,AI002-1-5
08216,population_change_per_10000,-26.8,2024,per_10000_people,AI002-1-5
08216,population_density,312.5,2024,people_per_km2,AI002-1-5
08216,services_employment_share,56.9,2024,percent,AI007-1
08216,unemployment_rate,3.8,2025,percent,AI008-1-5
08216,workplace_density,803.7,2024,employed_per_1000_working_age,AI007-1
08221,age_65_plus_share,16.7,2024,percent,AI002-2-5
08221,age_under_18_share,14.6,2024,percent,AI002-2-5
08221,disposable_income_per_capita,26184.0,2022,eur_per_person,AI016-1
08221,foreign_population_share,21.9,2024,percent,AI002-1-5
08221,gdp_per_capita,66732.0,2023,eur_per_person,AI017-1
08221,manufacturing_employment_share,7.5,2024,percent,AI007-1
08221,migration_balance_per_10000,36.3,2024,per_10000_people,AI002-1-5
08221,minimum_security_rate,6.1,2024,percent,AI-S-03
08221,natural_balance_per_10000,-2.9,2024,per_10000_people,AI002-1-5
08221,population_change_per_10000,37.4,2024,per_10000_people,AI002-1-5
08221,population_density,1431.2,2024,people_per_km2,AI002-1-5
08221,services_employment_share,89.3,2024,percent,AI007-1
08221,unemployment_rate,5.1,2025,percent,AI008-1-5
08221,workplace_density,1189.9,2024,employed_per_1000_working_age,AI007-1
08222,age_65_plus_share,18.7,2024,percent,AI002-2-5
08222,age_under_18_share,15.5,2024,percent,AI002-2-5
08222,disposable_income_per_capita,25166.0,2022,eur_per_person,AI016-1
08222,foreign_population_share,27.7,2024,percent,AI002-1-5
08222,gdp_per_capita,79474.0,2023,eur_per_person,AI017-1
08222,manufacturing_employment_share,16.8,2024,percent,AI007-1
08222,migration_balance_per_10000,60.7,2024,per_10000_people,AI002-1-5
08222,minimum_security_rate,11.1,2024,percent,AI-S-03
08222,natural_balance_per_10000,-11.6,2024,per_10000_people,AI002-1-5
08222,population_change_per_10000,56.1,2024,per_10000_people,AI002-1-5
08222,population_density,2193.8,2024,people_per_km2,AI002-1-5
08222,services_employment_share,76.2,2024,percent,AI007-1
08222,unemployment_rate,7.9,2025,percent,AI008-1-5
08222,workplace_density,1149.3,2024,employed_per_1000_working_age,AI007-1
08225,age_65_plus_share,23.8,2024,percent,AI002-2-5
08225,age_under_18_share,16.8,2024,percent,AI002-2-5
08225,disposable_income_per_capita,25242.0,2022,eur_per_person,AI016-1
08225,foreign_population_share,12.5,2024,percent,AI002-1-5
08225,gdp_per_capita,36699.0,2023,eur_per_person,AI017-1
08225,manufacturing_employment_share,24.2,2024,percent,AI007-1
08225,migration_balance_per_10000,16.5,2024,per_10000_people,AI002-1-5
08225,minimum_security_rate,4.8,2024,percent,AI-S-03
08225,natural_balance_per_10000,-45.0,2024,per_10000_people,AI002-1-5
08225,population_change_per_10000,-28.7,2024,per_10000_people,AI002-1-5
08225,population_density,129.0,2024,people_per_km2,AI002-1-5
08225,services_employment_share,66.2,2024,percent,AI007-1
08225,unemployment_rate,4.1,2025,percent,AI008-1-5
08225,workplace_density,738.7,2024,employed_per_1000_working_age,AI007-1
08226,age_65_plus_share,23.0,2024,percent,AI002-2-5
08226,age_under_18_share,17.2,2024,percent,AI002-2-5
08226,disposable_income_per_capita,28502.0,2022,eur_per_person,AI016-1
08226,foreign_population_share,14.8,2024,percent,AI002-1-5
08226,gdp_per_capita,45571.0,2023,eur_per_person,AI017-1
08226,manufacturing_employment_share,16.0,2024,percent,AI007-1
08226,migration_balance_per_10000,43.4,2024,per_10000_people,AI002-1-5
08226,minimum_security_rate,5.9,2024,percent,AI-S-03
08226,natural_balance_per_10000,-29.4,2024,per_10000_people,AI002-1-5
08226,population_change_per_10000,13.3,2024,per_10000_people,AI002-1-5
08226,population_density,526.2,2024,people_per_km2,AI002-1-5
08226,services_employment_share,76.2,2024,percent,AI007-1
08226,unemployment_rate,4.6,2025,percent,AI008-1-5
08226,workplace_density,703.4,2024,employed_per_1000_working_age,AI007-1
08231,age_65_plus_share,20.1,2024,percent,AI002-2-5
08231,age_under_18_share,18.3,2024,percent,AI002-2-5
08231,disposable_income_per_capita,23895.0,2022,eur_per_person,AI016-1
08231,foreign_population_share,31.3,2024,percent,AI002-1-5
08231,gdp_per_capita,50035.0,2023,eur_per_person,AI017-1
08231,manufacturing_employment_share,20.6,2024,percent,AI007-1
08231,migration_balance_per_10000,7.0,2024,per_10000_people,AI002-1-5
08231,minimum_security_rate,11.0,2024,percent,AI-S-03
08231,natural_balance_per_10000,-14.2,2024,per_10000_people,AI002-1-5
08231,population_change_per_10000,-13.0,2024,per_10000_people,AI002-1-5
08231,population_density,1376.8,2024,people_per_km2,AI002-1-5
08231,services_employment_share,73.8,2024,percent,AI007-1
08231,unemployment_rate,7.4,2025,percent,AI008-1-5
08231,workplace_density,870.5,2024,employed_per_1000_working_age,AI007-1
08235,age_65_plus_share,22.4,2024,percent,AI002-2-5
08235,age_under_18_share,17.8,2024,percent,AI002-2-5
08235,disposable_income_per_capita,26345.0,2022,eur_per_person,AI016-1
08235,foreign_population_share,17.4,2024,percent,AI002-1-5
08235,gdp_per_capita,34810.0,2023,eur_per_person,AI017-1
08235,manufacturing_employment_share,21.6,2024,percent,AI007-1
08235,migration_balance_per_10000,22.5,2024,per_10000_people,AI002-1-5
08235,minimum_security_rate,5.1,2024,percent,AI-S-03
08235,natural_balance_per_10000,-16.9,2024,per_10000_people,AI002-1-5
08235,population_change_per_10000,4.3,2024,per_10000_people,AI002-1-5
08235,population_density,202.2,2024,people_per_km2,AI002-1-5
08235,services_employment_share,69.1,2024,percent,AI007-1
08235,unemployment_rate,4.2,2025,percent,AI008-1-5
08235,workplace_density,685.2,2024,employed_per_1000_working_age,AI007-1
08236,age_65_plus_share,22.8,2024,percent,AI002-2-5
08236,age_under_18_share,18.0,2024,percent,AI002-2-5
08236,disposable_income_per_capita,27918.0,2022,eur_per_person,AI016-1
08236,foreign_population_share,14.9,2024,percent,AI002-1-5
08236,gdp_per_capita,36614.0,2023,eur_per_person,AI017-1
08236,manufacturing_employment_share,37.2,2024,percent,AI007-1
08236,migration_balance_per_10000,23.2,2024,per_10000_people,AI002-1-5
08236,minimum_security_rate,4.4,2024,percent,AI-S-03
08236,natural_balance_per_10000,-28.4,2024,per_10000_people,AI002-1-5
08236,population_change_per_10000,-6.7,2024,per_10000_people,AI002-1-5
08236,population_density,348.2,2024,people_per_km2,AI002-1-5
08236,services_employment_share,55.9,2024,percent,AI007-1
08236,unemployment_rate,3.7,2025,percent,AI008-1-5
08236,workplace_density,687.3,2024,employed_per_1000_working_age,AI007-1
08237,age_65_plus_share,22.2,2024,percent,AI002-2-5
08237,age_under_18_share,17.3,2024,percent,AI002-2-5
08237,disposable_income_per_capita,26980.0,2022,eur_per_person,AI016-1
08237,foreign_population_share,15.2,2024,percent,AI002-1-5
08237,gdp_per_capita,45665.0,2023,eur_per_person,AI017-1
08237,manufacturing_employment_share,32.3,2024,percent,AI007-1
08237,migration_balance_per_10000,33.5,2024,per_10000_people,AI002-1-5
08237,minimum_security_rate,5.1,2024,percent,AI-S-03
08237,natural_balance_per_10000,-25.9,2024,per_10000_people,AI002-1-5
08237,population_change_per_10000,4.7,2024,per_10000_people,AI002-1-5
08237,population_density,140.1,2024,people_per_km2,AI002-1-5
08237,services_employment_share,59.9,2024,percent,AI007-1
08237,unemployment_rate,4.4,2025,percent,AI008-1-5
08237,workplace_density,838.1,2024,employed_per_1000_working_age,AI007-1
08311,age_65_plus_share,17.8,2024,percent,AI002-2-5
08311,age_under_18_share,15.9,2024,percent,AI002-2-5
08311,disposable_income_per_capita,25292.0,2022,eur_per_person,AI016-1
08311,foreign_population_share,18.2,2024,percent,AI002-1-5
08311,gdp_per_capita,62242.0,2023,eur_per_person,AI017-1
08311,manufacturing_employment_share,7.6,2024,percent,AI007-1
08311,migration_balance_per_10000,48.6,2024,per_10000_people,AI002-1-5
08311,minimum_security_rate,8.2,2024,percent,AI-S-03
08311,natural_balance_per_10000,7.2,2024,per_10000_people,AI002-1-5
08311,population_change_per_10000,51.7,2024,per_10000_people,AI002-1-5
08311,population_density,1551.6,2024,people_per_km2,AI002-1-5
08311,services_employment_share,88.2,2024,percent,AI007-1
08311,unemployment_rate,5.6,2025,percent,AI008-1-5
08311,workplace_density,1157.4,2024,employed_per_1000_working_age,AI007-1
08315,age_65_plus_share,23.5,2024,percent,AI002-2-5
08315,age_under_18_share,17.7,2024,percent,AI002-2-5
08315,disposable_income_per_capita,27735.0,2022,eur_per_person,AI016-1
08315,foreign_population_share,14.2,2024,percent,AI002-1-5
08315,gdp_per_capita,34777.0,2023,eur_per_person,AI017-1
08315,manufacturing_employment_share,21.3,2024,percent,AI007-1
08315,migration_balance_per_10000,44.3,2024,per_10000_people,AI002-1-5
08315,minimum_security_rate,5.2,2024,percent,AI-S-03
08315,natural_balance_per_10000,-21.8,2024,per_10000_people,AI002-1-5
08315,population_change_per_10000,21.3,2024,per_10000_people,AI002-1-5
08315,population_density,197.7,2024,people_per_km2,AI002-1-5
08315,services_employment_share,67.0,2024,percent,AI007-1
08315,unemployment_rate,3.7,2025,percent,AI008-1-5
08315,workplace_density,729.6,2024,employed_per_1000_working_age,AI007-1
08316,age_65_plus_share,22.7,2024,percent,AI002-2-5
08316,age_under_18_share,17.7,2024,percent,AI002-2-5
08316,disposable_income_per_capita,26665.0,2022,eur_per_person,AI016-1
08316,foreign_population_share,13.3,2024,percent,AI002-1-5
08316,gdp_per_capita,39250.0,2023,eur_per_person,AI017-1
08316,manufacturing_employment_share,26.8,2024,percent,AI007-1
08316,migration_balance_per_10000,41.4,2024,per_10000_people,AI002-1-5
08316,minimum_security_rate,5.0,2024,percent,AI-S-03
08316,natural_balance_per_10000,-21.3,2024,per_10000_people,AI002-1-5
08316,population_change_per_10000,18.7,2024,per_10000_people,AI002-1-5
08316,population_density,249.8,2024,people_per_km2,AI002-1-5
08316,services_employment_share,62.7,2024,percent,AI007-1
08316,unemployment_rate,3.3,2025,percent,AI008-1-5
08316,workplace_density,748.4,2024,employed_per_1000_working_age,AI007-1
08317,age_65_plus_share,22.5,2024,percent,AI002-2-5
08317,age_under_18_share,17.6,2024,percent,AI002-2-5
08317,disposable_income_per_capita,26558.0,2022,eur_per_person,AI016-1
08317,foreign_population_share,15.2,2024,percent,AI002-1-5
08317,gdp_per_capita,47091.0,2023,eur_per_person,AI017-1
08317,manufacturing_employment_share,24.8,2024,percent,AI007-1
08317,migration_balance_per_10000,57.3,2024,per_10000_people,AI002-1-5
08317,minimum_security_rate,5.7,2024,percent,AI-S-03
08317,natural_balance_per_10000,-24.4,2024,per_10000_people,AI002-1-5
08317,population_change_per_10000,31.0,2024,per_10000_people,AI002-1-5
08317,population_density,239.1,2024,people_per_km2,AI002-1-5
08317,services_employment_share,66.4,2024,percent,AI007-1
08317,unemployment_rate,4.1,2025,percent,AI008-1-5
08317,workplace_density,901.7,2024,employed_per_1000_working_age,AI007-1
08325,age_65_plus_share,22.4,2024,percent,AI002-2-5
08325,age_under_18_share,18.3,2024,percent,AI002-2-5
08325,disposable_income_per_capita,27587.0,2022,eur_per_person,AI016-1
08325,foreign_population_share,14.4,2024,percent,AI002-1-5
08325,gdp_per_capita,50569.0,2023,eur_per_person,AI017-1
08325,manufacturing_employment_share,37.1,2024,percent,AI007-1
08325,migration_balance_per_10000,14.2,2024,per_10000_people,AI002-1-5
08325,minimum_security_rate,4.8,2024,percent,AI-S-03
08325,natural_balance_per_10000,-21.5,2024,per_10000_people,AI002-1-5
08325,population_change_per_10000,-7.6,2024,per_10000_people,AI002-1-5
08325,population_density,182.3,2024,people_per_km2,AI002-1-5
08325,services_employment_share,54.7,2024,percent,AI007-1
08325,unemployment_rate,3.5,2025,percent,AI008-1-5
08325,workplace_density,888.7,2024,employed_per_1000_working_age,AI007-1
08326,age_65_plus_share,23.4,2024,percent,AI002-2-5
08326,age_under_18_share,17.8,2024,percent,AI002-2-5
08326,disposable_income_per_capita,26418.0,2022,eur_per_person,AI016-1
08326,foreign_population_share,19.1,2024,percent,AI002-1-5
08326,gdp_per_capita,45289.0,2023,eur_per_person,AI017-1
08326,manufacturing_employment_share,30.1,2024,percent,AI007-1
08326,migration_balance_per_10000,37.3,2024,per_10000_people,AI002-1-5
08326,minimum_security_rate,6.1,2024,percent,AI-S-03
08326,natural_balance_per_10000,-29.3,2024,per_10000_people,AI002-1-5
08326,population_change_per_10000,6.7,2024,per_10000_people,AI002-1-5
08326,population_density,208.8,2024,people_per_km2,AI002-1-5
08326,services_employment_share,62.9,2024,percent,AI007-1
08326,unemployment_rate,4.9,2025,percent,AI008-1-5
08326,workplace_density,895.2,2024,employed_per_1000_working_age,AI007-1
08327,age_65_plus_share,20.8,2024,percent,AI002-2-5
08327,age_under_18_share,19.1,2024,percent,AI002-2-5
08327,disposable_income_per_capita,28330.0,2022,eur_per_person,AI016-1
08327,foreign_population_share,20.0,2024,percent,AI002-1-5
08327,gdp_per_capita,57496.0,2023,eur_per_person,AI017-1
08327,manufacturing_employment_share,47.8,2024,percent,AI007-1
08327,migration_balance_per_10000,26.5,2024,per_10000_people,AI002-1-5
08327,minimum_security_rate,5.2,2024,percent,AI-S-03
08327,natural_balance_per_10000,-5.7,2024,per_10000_people,AI002-1-5
08327,population_change_per_10000,17.4,2024,per_10000_people,AI002-1-5
08327,population_density,197.7,2024,people_per_km2,AI002-1-5
08327,services_employment_share,46.0,2024,percent,AI007-1
08327,unemployment_rate,5.3,2025,percent,AI008-1-5
08327,workplace_density,958.0,2024,employed_per_1000_working_age,AI007-1
08335,age_65_plus_share,22.3,2024,percent,AI002-2-5
08335,age_under_18_share,16.7,2024,percent,AI002-2-5
08335,disposable_income_per_capita,27674.0,2022,eur_per_person,AI016-1
08335,foreign_population_share,17.6,2024,percent,AI002-1-5
08335,gdp_per_capita,41697.0,2023,eur_per_person,AI017-1
08335,manufacturing_employment_share,17.0,2024,percent,AI007-1
08335,migration_balance_per_10000,47.9,2024,per_10000_people,AI002-1-5
08335,minimum_security_rate,6.1,2024,percent,AI-S-03
08335,natural_balance_per_10000,-31.1,2024,per_10000_people,AI002-1-5
08335,population_change_per_10000,15.2,2024,per_10000_people,AI002-1-5
08335,population_density,356.8,2024,people_per_km2,AI002-1-5
08335,services_employment_share,75.9,2024,percent,AI007-1
08335,unemployment_rate,4.4,2025,percent,AI008-1-5
08335,workplace_density,806.4,2024,employed_per_1000_working_age,AI007-1
08336,age_65_plus_share,21.8,2024,percent,AI002-2-5
08336,age_under_18_share,18.1,2024,percent,AI002-2-5
08336,disposable_income_per_capita,29432.0,2022,eur_per_person,AI016-1
08336,foreign_population_share,18.9,2024,percent,AI002-1-5
08336,gdp_per_capita,38675.0,2023,eur_per_person,AI017-1
08336,manufacturing_employment_share,21.5,2024,percent,AI007-1
08336,migration_balance_per_10000,74.7,2024,per_10000_people,AI002-1-5
08336,minimum_security_rate,6.7,2024,percent,AI-S-03
08336,natural_balance_per_10000,-30.3,2024,per_10000_people,AI002-1-5
08336,population_change_per_10000,44.2,2024,per_10000_people,AI002-1-5
08336,population_density,295.4,2024,people_per_km2,AI002-1-5
08336,services_employment_share,70.2,2024,percent,AI007-1
08336,unemployment_rate,5.4,2025,percent,AI008-1-5
08336,workplace_density,709.8,2024,employed_per_1000_working_age,AI007-1
08337,age_65_plus_share,22.9,2024,percent,AI002-2-5
08337,age_under_18_share,18.3,2024,percent,AI002-2-5
08337,disposable_income_per_capita,27436.0,2022,eur_per_person,AI016-1
08337,foreign_population_share,18.5,2024,percent,AI002-1-5
08337,gdp_per_capita,36406.0,2023,eur_per_person,AI017-1
08337,manufacturing_employment_share,21.3,2024,percent,AI007-1
08337,migration_balance_per_10000,30.5,2024,per_10000_people,AI002-1-5
08337,minimum_security_rate,5.4,2024,percent,AI-S-03
08337,natural_balance_per_10000,-40.0,2024,per_10000_people,AI002-1-5
08337,population_change_per_10000,-11.5,2024,per_10000_people,AI002-1-5
08337,population_density,151.7,2024,people_per_km2,AI002-1-5
08337,services_employment_share,67.1,2024,percent,AI007-1
08337,unemployment_rate,4.7,2025,percent,AI008-1-5
08337,workplace_density,716.2,2024,employed_per_1000_working_age,AI007-1
08415,age_65_plus_share,22.0,2024,percent,AI002-2-5
08415,age_under_18_share,17.7,2024,percent,AI002-2-5
08415,disposable_income_per_capita,27276.0,2022,eur_per_person,AI016-1
08415,foreign_population_share,18.0,2024,percent,AI002-1-5
08415,gdp_per_capita,49262.0,2023,eur_per_person,AI017-1
08415,manufacturing_employment_share,26.4,2024,percent,AI007-1
08415,migration_balance_per_10000,23.4,2024,per_10000_people,AI002-1-5
08415,minimum_security_rate,6.0,2024,percent,AI-S-03
08415,natural_balance_per_10000,-19.3,2024,per_10000_people,AI002-1-5
08415,population_change_per_10000,3.3,2024,per_10000_people,AI002-1-5
08415,population_density,268.6,2024,people_per_km2,AI002-1-5
08415,services_employment_share,65.9,2024,percent,AI007-1
08415,unemployment_rate,4.7,2025,percent,AI008-1-5
08415,workplace_density,846.7,2024,employed_per_1000_working_age,AI007-1
08416,age_65_plus_share,19.5,2024,percent,AI002-2-5
08416,age_under_18_share,17.0,2024,percent,AI002-2-5
08416,disposable_income_per_capita,26455.0,2022,eur_per_person,AI016-1
08416,foreign_population_share,15.2,2024,percent,AI002-1-5
08416,gdp_per_capita,42411.0,2023,eur_per_person,AI017-1
08416,manufacturing_employment_share,16.9,2024,percent,AI007-1
08416,migration_balance_per_10000,23.4,2024,per_10000_people,AI002-1-5
08416,minimum_security_rate,5.0,2024,percent,AI-S-03
08416,natural_balance_per_10000,5.1,2024,per_10000_people,AI002-1-5
08416,population_change_per_10000,27.8,2024,per_10000_people,AI002-1-5
08416,population_density,449.9,2024,people_per_km2,AI002-1-5
08416,services_employment_share,77.3,2024,percent,AI007-1
08416,unemployment_rate,3.6,2025,percent,AI008-1-5
08416,workplace_density,805.7,2024,employed_per_1000_working_age,AI007-1
08417,age_65_plus_share,23.3,2024,percent,AI002-2-5
08417,age_under_18_share,17.2,2024,percent,AI002-2-5
08417,disposable_income_per_capita,28105.0,2022,eur_per_person,AI016-1
08417,foreign_population_share,15.3,2024,percent,AI002-1-5
08417,gdp_per_capita,41705.0,2023,eur_per_person,AI017-1
08417,manufacturing_employment_share,32.3,2024,percent,AI007-1
08417,migration_balance_per_10000,42.2,2024,per_10000_people,AI002-1-5
08417,minimum_security_rate,4.7,2024,percent,AI-S-03
08417,natural_balance_per_10000,-41.1,2024,per_10000_people,AI002-1-5
08417,population_change_per_10000,-0.7,2024,per_10000_people,AI002-1-5
08417,population_density,210.7,2024,people_per_km2,AI002-1-5
08417,services_employment_share,59.0,2024,percent,AI007-1
08417,unemployment_rate,4.6,2025,percent,AI008-1-5
08417,workplace_density,792.0,2024,employed_per_1000_working_age,AI007-1
08421,age_65_plus_share,19.4,2024,percent,AI002-2-5
08421,age_under_18_share,16.3,2024,percent,AI002-2-5
08421,disposable_income_per_capita,30216.0,2022,eur_per_person,AI016-1
08421,foreign_population_share,24.0,2024,percent,AI002-1-5
08421,gdp_per_capita,98585.0,2023,eur_per_person,AI017-1
08421,manufacturing_employment_share,16.5,2024,percent,AI007-1
08421,migration_balance_per_10000,69.6,2024,per_10000_people,AI002-1-5
08421,minimum_security_rate,6.7,2024,percent,AI-S-03
08421,natural_balance_per_10000,-5.4,2024,per_10000_people,AI002-1-5
08421,population_change_per_10000,68.3,2024,per_10000_people,AI002-1-5
08421,population_density,1094.4,2024,people_per_km2,AI002-1-5
08421,services_employment_share,79.5,2024,percent,AI007-1
08421,unemployment_rate,4.2,2025,percent,AI008-1-5
08421,workplace_density,1516.5,2024,employed_per_1000_working_age,AI007-1
08425,age_65_plus_share,20.7,2024,percent,AI002-2-5
08425,age_under_18_share,18.7,2024,percent,AI002-2-5
08425,disposable_income_per_capita,26718.0,2022,eur_per_person,AI016-1
08425,foreign_population_share,15.7,2024,percent,AI002-1-5
08425,gdp_per_capita,38369.0,2023,eur_per_person,AI017-1
08425,manufacturing_employment_share,29.1,2024,percent,AI007-1
08425,migration_balance_per_10000,42.2,2024,per_10000_people,AI002-1-5
08425,minimum_security_rate,4.0,2024,percent,AI-S-03
08425,natural_balance_per_10000,-11.6,2024,per_10000_people,AI002-1-5
08425,population_change_per_10000,29.0,2024,per_10000_people,AI002-1-5
08425,population_density,148.9,2024,people_per_km2,AI002-1-5
08425,services_employment_share,59.3,2024,percent,AI007-1
08425,unemployment_rate,3.1,2025,percent,AI008-1-5
08425,workplace_density,640.5,2024,employed_per_1000_working_age,AI007-1
08426,age_65_plus_share,20.5,2024,percent,AI002-2-5
08426,age_under_18_share,18.9,2024,percent,AI002-2-5
08426,disposable_income_per_capita,27286.0,2022,eur_per_person,AI016-1
08426,foreign_population_share,13.1,2024,percent,AI002-1-5
08426,gdp_per_capita,61842.0,2023,eur_per_person,AI017-1
08426,manufacturing_employment_share,37.8,2024,percent,AI007-1
08426,migration_balance_per_10000,31.5,2024,per_10000_people,AI002-1-5
08426,minimum_security_rate,4.1,2024,percent,AI-S-03
08426,natural_balance_per_10000,-0.5,2024,per_10000_people,AI002-1-5
08426,population_change_per_10000,30.5,2024,per_10000_people,AI002-1-5
08426,population_density,147.2,2024,people_per_km2,AI002-1-5
08426,services_employment_share,51.0,2024,percent,AI007-1
08426,unemployment_rate,2.8,2025,percent,AI008-1-5
08426,workplace_density,904.3,2024,employed_per_1000_working_age,AI007-1
08435,age_65_plus_share,24.4,2024,percent,AI002-2-5
08435,age_under_18_share,17.0,2024,percent,AI002-2-5
08435,disposable_income_per_capita,29440.0,2022,eur_per_person,AI016-1
08435,foreign_population_share,16.3,2024,percent,AI002-1-5
08435,gdp_per_capita,58944.0,2023,eur_per_person,AI017-1
08435,manufacturing_employment_share,31.4,2024,percent,AI007-1
08435,migration_balance_per_10000,5.5,2024,per_10000_people,AI002-1-5
08435,minimum_security_rate,5.3,2024,percent,AI-S-03
08435,natural_balance_per_10000,-21.7,2024,per_10000_people,AI002-1-5
08435,population_change_per_10000,-18.3,2024,per_10000_people,AI002-1-5
08435,population_density,332.2,2024,people_per_km2,AI002-1-5
08435,services_employment_share,60.4,2024,percent,AI007-1
08435,unemployment_rate,3.8,2025,percent,AI008-1-5
08435,workplace_density,939.8,2024,employed_per_1000_working_age,AI007-1
08436,age_65_plus_share,21.5,2024,percent,AI002-2-5
08436,age_under_18_share,17.9,2024,percent,AI002-2-5
08436,disposable_income_per_capita,27585.0,2022,eur_per_person,AI016-1
08436,foreign_population_share,13.7,2024,percent,AI002-1-5
08436,gdp_per_capita,51340.0,2023,eur_per_person,AI017-1
08436,manufacturing_employment_share,25.1,2024,percent,AI007-1
08436,migration_balance_per_10000,62.9,2024,per_10000_people,AI002-1-5
08436,minimum_security_rate,5.0,2024,percent,AI-S-03
08436,natural_balance_per_10000,-14.1,2024,per_10000_people,AI002-1-5
08436,population_change_per_10000,47.4,2024,per_10000_people,AI002-1-5
08436,population_density,178.4,2024,people_per_km2,AI002-1-5
08436,services_employment_share,65.8,2024,percent,AI007-1
08436,unemployment_rate,3.2,2025,percent,AI008-1-5
08436,workplace_density,932.0,2024,employed_per_1000_working_age,AI007-1
08437,age_65_plus_share,22.4,2024,percent,AI002-2-5
08437,age_under_18_share,17.5,2024,percent,AI002-2-5
08437,disposable_income_per_capita,25715.0,2022,eur_per_person,AI016-1
08437,foreign_population_share,12.7,2024,percent,AI002-1-5
08437,gdp_per_capita,44313.0,2023,eur_per_person,AI017-1
08437,manufacturing_employment_share,27.2,2024,percent,AI007-1
08437,migration_balance_per_10000,-9.1,2024,per_10000_people,AI002-1-5
08437,minimum_security_rate,4.3,2024,percent,AI-S-03
08437,natural_balance_per_10000,-23.0,2024,per_10000_people,AI002-1-5
08437,population_change_per_10000,-44.6,2024,per_10000_people,AI002-1-5
08437,population_density,109.8,2024,people_per_km2,AI002-1-5
08437,services_employment_share,62.7,2024,percent,AI007-1
08437,unemployment_rate,3.7,2025,percent,AI008-1-5
08437,workplace_density,831.4,2024,employed_per_1000_working_age,AI007-1
09161,age_65_plus_share,18.5,2024,percent,AI002-2-5
09161,age_under_18_share,17.7,2024,percent,AI002-2-5
09161,disposable_income_per_capita,26336.0,2022,eur_per_person,AI016-1
09161,foreign_population_share,23.5,2024,percent,AI002-1-5
09161,gdp_per_capita,156231.0,2023,eur_per_person,AI017-1
09161,manufacturing_employment_share,37.7,2024,percent,AI007-1
09161,migration_balance_per_10000,113.8,2024,per_10000_people,AI002-1-5
09161,minimum_security_rate,7.2,2024,percent,AI-S-03
09161,natural_balance_per_10000,3.2,2024,per_10000_people,AI002-1-5
09161,population_change_per_10000,117.5,2024,per_10000_people,AI002-1-5
09161,population_density,1058.8,2024,people_per_km2,AI002-1-5
09161,services_employment_share,58.3,2024,percent,AI007-1
09161,unemployment_rate,4.6,2025,percent,AI008-1-5
09161,workplace_density,1327.9,2024,employed_per_1000_working_age,AI007-1
09162,age_65_plus_share,17.0,2024,percent,AI002-2-5
09162,age_under_18_share,15.8,2024,percent,AI002-2-5
09162,disposable_income_per_capita,35467.0,2022,eur_per_person,AI016-1
09162,foreign_population_share,28.5,2024,percent,AI002-1-5
09162,gdp_per_capita,97406.0,2023,eur_per_person,AI017-1
09162,manufacturing_employment_share,9.5,2024,percent,AI007-1
09162,migration_balance_per_10000,81.2,2024,per_10000_people,AI002-1-5
09162,minimum_security_rate,7.0,2024,percent,AI-S-03
09162,natural_balance_per_10000,20.3,2024,per_10000_people,AI002-1-5
09162,population_change_per_10000,108.8,2024,per_10000_people,AI002-1-5
09162,population_density,4843.9,2024,people_per_km2,AI002-1-5
09162,services_employment_share,86.5,2024,percent,AI007-1
09162,unemployment_rate,5.4,2025,percent,AI008-1-5
09162,workplace_density,1159.1,2024,employed_per_1000_working_age,AI007-1
09163,age_65_plus_share,20.0,2024,percent,AI002-2-5
09163,age_under_18_share,16.6,2024,percent,AI002-2-5
09163,disposable_income_per_capita,25770.0,2022,eur_per_person,AI016-1
09163,foreign_population_share,24.2,2024,percent,AI002-1-5
09163,gdp_per_capita,60499.0,2023,eur_per_person,AI017-1
09163,manufacturing_employment_share,6.7,2024,percent,AI007-1
09163,migration_balance_per_10000,125.8,2024,per_10000_people,AI002-1-5
09163,minimum_security_rate,7.3,2024,percent,AI-S-03
09163,natural_balance_per_10000,1.5,2024,per_10000_people,AI002-1-5
09163,population_change_per_10000,126.6,2024,per_10000_people,AI002-1-5
09163,population_density,1753.7,2024,people_per_km2,AI002-1-5
09163,services_employment_share,87.3,2024,percent,AI007-1
09163,unemployment_rate,5.2,2025,percent,AI008-1-5
09163,workplace_density,1191.9,2024,employed_per_1000_working_age,AI007-1
09171,age_65_plus_share,22.9,2024,percent,AI002-2-5
09171,age_under_18_share,17.6,2024,percent,AI002-2-5
09171,disposable_income_per_capita,26633.0,2022,eur_per_person,AI016-1
09171,foreign_population_share,14.6,2024,percent,AI002-1-5
09171,gdp_per_capita,60600.0,2023,eur_per_person,AI017-1
09171,manufacturing_employment_share,30.0,2024,percent,AI007-1
09171,migration_balance_per_10000,118.3,2024,per_10000_people,AI002-1-5
09171,minimum_security_rate,5.4,2024,percent,AI-S-03
09171,natural_balance_per_10000,-35.4,2024,per_10000_people,AI002-1-5
09171,population_change_per_10000,81.1,2024,per_10000_people,AI002-1-5
09171,population_density,200.1,2024,people_per_km2,AI002-1-5
09171,services_employment_share,54.8,2024,percent,AI007-1
09171,unemployment_rate,3.7,2025,percent,AI008-1-5
09171,workplace_density,932.9,2024,employed_per_1000_working_age,AI007-1
09172,age_65_plus_share,24.4,2024,percent,AI002-2-5
09172,age_under_18_share,16.4,2024,percent,AI002-2-5
09172,disposable_income_per_capita,26778.0,2022,eur_per_person,AI016-1
09172,foreign_population_share,18.1,2024,percent,AI002-1-5
09172,gdp_per_capita,41607.0,2023,eur_per_person,AI017-1
09172,manufacturing_employment_share,13.7,2024,percent,AI007-1
09172,migration_balance_per_10000,33.2,2024,per_10000_people,AI002-1-5
09172,minimum_security_rate,4.9,2024,percent,AI-S-03
09172,natural_balance_per_10000,-40.3,2024,per_10000_people,AI002-1-5
09172,population_change_per_10000,17.5,2024,per_10000_people,AI002-1-5
09172,population_density,125.4,2024,people_per_km2,AI002-1-5
09172,services_employment_share,76.5,2024,percent,AI007-1
09172,unemployment_rate,3.8,2025,percent,AI008-1-5
09172,workplace_density,854.6,2024,employed_per_1000_working_age,AI007-1
09173,age_65_plus_share,22.5,2024,percent,AI002-2-5
09173,age_under_18_share,17.6,2024,percent,AI002-2-5
09173,disposable_income_per_capita,30134.0,2022,eur_per_person,AI016-1
09173,foreign_population_share,14.0,2024,percent,AI002-1-5
09173,gdp_per_capita,35996.0,2023,eur_per_person,AI017-1
09173,manufacturing_employment_share,17.9,2024,percent,AI007-1
09173,migration_balance_per_10000,60.1,2024,per_10000_people,AI002-1-5
09173,minimum_security_rate,4.8,2024,percent,AI-S-03
09173,natural_balance_per_10000,-22.5,2024,per_10000_people,AI002-1-5
09173,population_change_per_10000,35.5,2024,per_10000_people,AI002-1-5
09173,population_density,117.3,2024,people_per_km2,AI002-1-5
09173,services_employment_share,69.5,2024,percent,AI007-1
09173,unemployment_rate,2.4,2025,percent,AI008-1-5
09173,workplace_density,697.2,2024,employed_per_1000_working_age,AI007-1
09174,age_65_plus_share,19.9,2024,percent,AI002-2-5
09174,age_under_18_share,18.0,2024,percent,AI002-2-5
09174,disposable_income_per_capita,29409.0,2022,eur_per_person,AI016-1
09174,foreign_population_share,17.2,2024,percent,AI002-1-5
09174,gdp_per_capita,36290.0,2023,eur_per_person,AI017-1
09174,manufacturing_employment_share,12.6,2024,percent,AI007-1
09174,migration_balance_per_10000,60.7,2024,per_10000_people,AI002-1-5
09174,minimum_security_rate,3.9,2024,percent,AI-S-03
09174,natural_balance_per_10000,-10.2,2024,per_10000_people,AI002-1-5
09174,population_change_per_10000,109.3,2024,per_10000_people,AI002-1-5
09174,population_density,265.2,2024,people_per_km2,AI002-1-5
09174,services_employment_share,74.8,2024,percent,AI007-1
09174,unemployment_rate,3.2,2025,percent,AI008-1-5
09174,workplace_density,644.5,2024,employed_per_1000_working_age,AI007-1
09175,age_65_plus_share,19.8,2024,percent,AI002-2-5
09175,age_under_18_share,18.8,2024,percent,AI002-2-5
09175,disposable_income_per_capita,31373.0,2022,eur_per_person,AI016-1
09175,foreign_population_share,16.0,2024,percent,AI002-1-5
09175,gdp_per_capita,41712.0,2023,eur_per_person,AI017-1
09175,manufacturing_employment_share,14.7,2024,percent,AI007-1
09175,migration_balance_per_10000,48.7,2024,per_10000_people,AI002-1-5
09175,minimum_security_rate,3.3,2024,percent,AI-S-03
09175,natural_balance_per_10000,-13.0,2024,per_10000_people,AI002-1-5
09175,population_change_per_10000,84.5,2024,per_10000_people,AI002-1-5
09175,population_density,262.5,2024,people_per_km2,AI002-1-5
09175,services_employment_share,75.7,2024,percent,AI007-1
09175,unemployment_rate,3.0,2025,percent,AI008-1-5
09175,workplace_density,675.7,2024,employed_per_1000_working_age,AI007-1
09176,age_65_plus_share,19.8,2024,percent,AI002-2-5
09176,age_under_18_share,19.5,2024,percent,AI002-2-5
09176,disposable_income_per_capita,27551.0,2022,eur_per_person,AI016-1
09176,foreign_population_share,10.6,2024,percent,AI002-1-5
09176,gdp_per_capita,43373.0,2023,eur_per_person,AI017-1
09176,manufacturing_employment_share,18.8,2024,percent,AI007-1
09176,migration_balance_per_10000,30.0,2024,per_10000_people,AI002-1-5
09176,minimum_security_rate,3.2,2024,percent,AI-S-03
09176,natural_balance_per_10000,0.1,2024,per_10000_people,AI002-1-5
09176,population_change_per_10000,33.1,2024,per_10000_people,AI002-1-5
09176,population_density,111.8,2024,people_per_km2,AI002-1-5
09176,services_employment_share,69.8,2024,percent,AI007-1
09176,unemployment_rate,2.7,2025,percent,AI008-1-5
09176,workplace_density,670.8,2024,employed_per_1000_working_age,AI007-1
09177,age_65_plus_share,18.7,2024,percent,AI002-2-5
09177,age_under_18_share,18.0,2024,percent,AI002-2-5
09177,disposable_income_per_capita,28846.0,2022,eur_per_person,AI016-1
09177,foreign_population_share,14.1,2024,percent,AI002-1-5
09177,gdp_per_capita,38469.0,2023,eur_per_person,AI017-1
09177,manufacturing_employment_share,9.9,2024,percent,AI007-1
09177,migration_balance_per_10000,40.5,2024,per_10000_people,AI002-1-5
09177,minimum_security_rate,3.4,2024,percent,AI-S-03
09177,natural_balance_per_10000,-2.4,2024,per_10000_people,AI002-1-5
09177,population_change_per_10000,41.5,2024,per_10000_people,AI002-1-5
09177,population_density,160.9,2024,people_per_km2,AI002-1-5
09177,services_employment_share,76.9,2024,percent,AI007-1
09177,unemployment_rate,2.8,2025,percent,AI008-1-5
09177,workplace_density,657.1,2024,employed_per_1000_working_age,AI007-1
09178,age_65_plus_share,17.1,2024,percent,AI002-2-5
09178,age_under_18_share,17.4,2024,percent,AI002-2-5
09178,disposable_income_per_capita,27682.0,2022,eur_per_person,AI016-1
09178,foreign_population_share,20.0,2024,percent,AI002-1-5
09178,gdp_per_capita,60390.0,2023,eur_per_person,AI017-1
09178,manufacturing_employment_share,9.5,2024,percent,AI007-1
09178,migration_balance_per_10000,47.9,2024,per_10000_people,AI002-1-5
09178,minimum_security_rate,3.7,2024,percent,AI-S-03
09178,natural_balance_per_10000,1.3,2024,per_10000_people,AI002-1-5
09178,population_change_per_10000,55.9,2024,per_10000_people,AI002-1-5
09178,population_density,230.7,2024,people_per_km2,AI002-1-5
09178,services_employment_share,83.3,2024,percent,AI007-1
09178,unemployment_rate,3.3,2025,percent,AI008-1-5
09178,workplace_density,904.7,2024,employed_per_1000_working_age,AI007-1
09179,age_65_plus_share,22.2,2024,percent,AI002-2-5
09179,age_under_18_share,17.9,2024,percent,AI002-2-5
09179,disposable_income_per_capita,30142.0,2022,eur_per_person,AI016-1
09179,foreign_population_share,18.0,2024,percent,AI002-1-5
09179,gdp_per_capita,33688.0,2023,eur_per_person,AI017-1
09179,manufacturing_employment_share,9.8,2024,percent,AI007-1
09179,migration_balance_per_10000,50.3,2024,per_10000_people,AI002-1-5
09179,minimum_security_rate,4.7,2024,percent,AI-S-03
09179,natural_balance_per_10000,-21.0,2024,per_10000_people,AI002-1-5
09179,population_change_per_10000,60.4,2024,per_10000_people,AI002-1-5
09179,population_density,501.9,2024,people_per_km2,AI002-1-5
09179,services_employment_share,79.8,2024,percent,AI007-1
09179,unemployment_rate,3.7,2025,percent,AI008-1-5
09179,workplace_density,617.5,2024,employed_per_1000_working_age,AI007-1
09180,age_65_plus_share,25.6,2024,percent,AI002-2-5
09180,age_under_18_share,15.5,2024,percent,AI002-2-5
09180,disposable_income_per_capita,29139.0,2022,eur_per_person,AI016-1
09180,foreign_population_share,14.4,2024,percent,AI002-1-5
09180,gdp_per_capita,39721.0,2023,eur_per_person,AI017-1
09180,manufacturing_employment_share,7.3,2024,percent,AI007-1
09180,migration_balance_per_10000,50.7,2024,per_10000_people,AI002-1-5
09180,minimum_security_rate,4.5,2024,percent,AI-S-03
09180,natural_balance_per_10000,-52.6,2024,per_10000_people,AI002-1-5
09180,population_change_per_10000,-2.9,2024,per_10000_people,AI002-1-5
09180,population_density,88.2,2024,people_per_km2,AI002-1-5
09180,services_employment_share,84.2,2024,percent,AI007-1
09180,unemployment_rate,3.6,2025,percent,AI008-1-5
09180,workplace_density,850.1,2024,employed_per_1000_working_age,AI007-1
09181,age_65_plus_share,21.9,2024,percent,AI002-2-5
09181,age_under_18_share,17.9,2024,percent,AI002-2-5
09181,disposable_income_per_capita,29557.0,2022,eur_per_person,AI016-1
09181,foreign_population_share,10.6,2024,percent,AI002-1-5
09181,gdp_per_capita,43315.0,2023,eur_per_person,AI017-1
09181,manufacturing_employment_share,20.1,2024,percent,AI007-1
09181,migration_balance_per_10000,85.2,2024,per_10000_people,AI002-1-5
09181,minimum_security_rate,4.0,2024,percent,AI-S-03
09181,natural_balance_per_10000,-13.8,2024,per_10000_people,AI002-1-5
09181,population_change_per_10000,93.9,2024,per_10000_people,AI002-1-5
09181,population_density,151.8,2024,people_per_km2,AI002-1-5
09181,services_employment_share,70.7,2024,percent,AI007-1
09181,unemployment_rate,3.2,2025,percent,AI008-1-5
09181,workplace_density,758.1,2024,employed_per_1000_working_age,AI007-1
09182,age_65_plus_share,23.6,2024,percent,AI002-2-5
09182,age_under_18_share,16.7,2024,percent,AI002-2-5
09182,disposable_income_per_capita,38621.0,2022,eur_per_person,AI016-1
09182,foreign_population_share,13.7,2024,percent,AI002-1-5
09182,gdp_per_capita,47104.0,2023,eur_per_person,AI017-1
09182,manufacturing_employment_share,13.6,2024,percent,AI007-1
09182,migration_balance_per_10000,32.0,2024,per_10000_people,AI002-1-5
09182,minimum_security_rate,3.7,2024,percent,AI-S-03
09182,natural_balance_per_10000,-22.3,2024,per_10000_people,AI002-1-5
09182,population_change_per_10000,43.5,2024,per_10000_people,AI002-1-5
09182,population_density,112.2,2024,people_per_km2,AI002-1-5
09182,services_employment_share,75.1,2024,percent,AI007-1
09182,unemployment_rate,3.0,2025,percent,AI008-1-5
09182,workplace_density,897.6,2024,employed_per_1000_working_age,AI007-1
09183,age_65_plus_share,21.3,2024,percent,AI002-2-5
09183,age_under_18_share,17.6,2024,percent,AI002-2-5
09183,disposable_income_per_capita,27223.0,2022,eur_per_person,AI016-1
09183,foreign_population_share,14.7,2024,percent,AI002-1-5
09183,gdp_per_capita,42203.0,2023,eur_per_person,AI017-1
09183,manufacturing_employment_share,25.7,2024,percent,AI007-1
09183,migration_balance_per_10000,90.1,2024,per_10000_people,AI002-1-5
09183,minimum_security_rate,5.3,2024,percent,AI-S-03
09183,natural_balance_per_10000,-25.2,2024,per_10000_people,AI002-1-5
09183,population_change_per_10000,63.6,2024,per_10000_people,AI002-1-5
09183,population_density,151.5,2024,people_per_km2,AI002-1-5
09183,services_employment_share,62.4,2024,percent,AI007-1
09183,unemployment_rate,3.8,2025,percent,AI008-1-5
09183,workplace_density,788.6,2024,employed_per_1000_working_age,AI007-1
09184,age_65_plus_share,21.0,2024,percent,AI002-2-5
09184,age_under_18_share,18.0,2024,percent,AI002-2-5
09184,disposable_income_per_capita,35832.0,2022,eur_per_person,AI016-1
09184,foreign_population_share,20.5,2024,percent,AI002-1-5
09184,gdp_per_capita,143910.0,2023,eur_per_person,AI017-1
09184,manufacturing_employment_share,12.3,2024,percent,AI007-1
09184,migration_balance_per_10000,64.6,2024,per_10000_people,AI002-1-5
09184,minimum_security_rate,4.4,2024,percent,AI-S-03
09184,natural_balance_per_10000,-26.8,2024,per_10000_people,AI002-1-5
09184,population_change_per_10000,46.0,2024,per_10000_people,AI002-1-5
09184,population_density,533.5,2024,people_per_km2,AI002-1-5
09184,services_employment_share,81.6,2024,percent,AI007-1
09184,unemployment_rate,3.5,2025,percent,AI008-1-5
09184,workplace_density,1434.8,2024,employed_per_1000_working_age,AI007-1
09185,age_65_plus_share,20.8,2024,percent,AI002-2-5
09185,age_under_18_share,18.5,2024,percent,AI002-2-5
09185,disposable_income_per_capita,26991.0,2022,eur_per_person,AI016-1
09185,foreign_population_share,12.9,2024,percent,AI002-1-5
09185,gdp_per_capita,42735.0,2023,eur_per_person,AI017-1
09185,manufacturing_employment_share,22.0,2024,percent,AI007-1
09185,migration_balance_per_10000,40.5,2024,per_10000_people,AI002-1-5
09185,minimum_security_rate,4.1,2024,percent,AI-S-03
09185,natural_balance_per_10000,-22.7,2024,per_10000_people,AI002-1-5
09185,population_change_per_10000,40.0,2024,per_10000_people,AI002-1-5
09185,population_density,134.3,2024,people_per_km2,AI002-1-5
09185,services_employment_share,60.5,2024,percent,AI007-1
09185,unemployment_rate,3.1,2025,percent,AI008-1-5
09185,workplace_density,728.5,2024,employed_per_1000_working_age,AI007-1
09186,age_65_plus_share,19.7,2024,percent,AI002-2-5
09186,age_under_18_share,18.4,2024,percent,AI002-2-5
09186,disposable_income_per_capita,28811.0,2022,eur_per_person,AI016-1
09186,foreign_population_share,13.5,2024,percent,AI002-1-5
09186,gdp_per_capita,52715.0,2023,eur_per_person,AI017-1
09186,manufacturing_employment_share,24.0,2024,percent,AI007-1
09186,migration_balance_per_10000,71.2,2024,per_10000_people,AI002-1-5
09186,minimum_security_rate,3.5,2024,percent,AI-S-03
09186,natural_balance_per_10000,-3.9,2024,per_10000_people,AI002-1-5
09186,population_change_per_10000,98.7,2024,per_10000_people,AI002-1-5
09186,population_density,171.8,2024,people_per_km2,AI002-1-5
09186,services_employment_share,64.2,2024,percent,AI007-1
09186,unemployment_rate,2.7,2025,percent,AI008-1-5
09186,workplace_density,740.7,2024,employed_per_1000_working_age,AI007-1
09187,age_65_plus_share,23.0,2024,percent,AI002-2-5
09187,age_under_18_share,17.6,2024,percent,AI002-2-5
09187,disposable_income_per_capita,29559.0,2022,eur_per_person,AI016-1
09187,foreign_population_share,11.6,2024,percent,AI002-1-5
09187,gdp_per_capita,40096.0,2023,eur_per_person,AI017-1
09187,manufacturing_employment_share,19.6,2024,percent,AI007-1
09187,migration_balance_per_10000,61.6,2024,per_10000_people,AI002-1-5
09187,minimum_security_rate,3.7,2024,percent,AI-S-03
09187,natural_balance_per_10000,-24.5,2024,per_10000_people,AI002-1-5
09187,population_change_per_10000,70.7,2024,per_10000_people,AI002-1-5
09187,population_density,179.7,2024,people_per_km2,AI002-1-5
09187,services_employment_share,68.5,2024,percent,AI007-1
09187,unemployment_rate,3.1,2025,percent,AI008-1-5
09187,workplace_density,788.6,2024,employed_per_1000_working_age,AI007-1
09188,age_65_plus_share,24.0,2024,percent,AI002-2-5
09188,age_under_18_share,17.7,2024,percent,AI002-2-5
09188,disposable_income_per_capita,40205.0,2022,eur_per_person,AI016-1
09188,foreign_population_share,16.2,2024,percent,AI002-1-5
09188,gdp_per_capita,53241.0,2023,eur_per_person,AI017-1
09188,manufacturing_employment_share,19.3,2024,percent,AI007-1
09188,migration_balance_per_10000,67.9,2024,per_10000_people,AI002-1-5
09188,minimum_security_rate,3.9,2024,percent,AI-S-03
09188,natural_balance_per_10000,-36.4,2024,per_10000_people,AI002-1-5
09188,population_change_per_10000,29.0,2024,per_10000_people,AI002-1-5
09188,population_density,285.7,2024,people_per_km2,AI002-1-5
09188,services_employment_share,73.8,2024,percent,AI007-1
09188,unemployment_rate,3.7,2025,percent,AI008-1-5
09188,workplace_density,917.9,2024,employed_per_1000_working_age,AI007-1
09189,age_65_plus_share,24.2,2024,percent,AI002-2-5
09189,age_under_18_share,16.9,2024,percent,AI002-2-5
09189,disposable_income_per_capita,28403.0,2022,eur_per_person,AI016-1
09189,foreign_population_share,11.4,2024,percent,AI002-1-5
09189,gdp_per_capita,50959.0,2023,eur_per_person,AI017-1
09189,manufacturing_employment_share,28.7,2024,percent,AI007-1
09189,migration_balance_per_10000,66.3,2024,per_10000_people,AI002-1-5
09189,minimum_security_rate,4.3,2024,percent,AI-S-03
09189,natural_balance_per_10000,-35.0,2024,per_10000_people,AI002-1-5
09189,population_change_per_10000,179.9,2024,per_10000_people,AI002-1-5
09189,population_density,114.2,2024,people_per_km2,AI002-1-5
09189,services_employment_share,59.8,2024,percent,AI007-1
09189,unemployment_rate,3.3,2025,percent,AI008-1-5
09189,workplace_density,927.6,2024,employed_per_1000_working_age,AI007-1
09190,age_65_plus_share,23.0,2024,percent,AI002-2-5
09190,age_under_18_share,18.0,2024,percent,AI002-2-5
09190,disposable_income_per_capita,28893.0,2022,eur_per_person,AI016-1
09190,foreign_population_share,11.2,2024,percent,AI002-1-5
09190,gdp_per_capita,48110.0,2023,eur_per_person,AI017-1
09190,manufacturing_employment_share,28.3,2024,percent,AI007-1
09190,migration_balance_per_10000,87.2,2024,per_10000_people,AI002-1-5
09190,minimum_security_rate,4.8,2024,percent,AI-S-03
09190,natural_balance_per_10000,-23.9,2024,per_10000_people,AI002-1-5
09190,population_change_per_10000,65.3,2024,per_10000_people,AI002-1-5
09190,population_density,143.8,2024,people_per_km2,AI002-1-5
09190,services_employment_share,61.6,2024,percent,AI007-1
09190,unemployment_rate,3.2,2025,percent,AI008-1-5
09190,workplace_density,863.4,2024,employed_per_1000_working_age,AI007-1
09261,age_65_plus_share,20.5,2024,percent,AI002-2-5
09261,age_under_18_share,16.6,2024,percent,AI002-2-5
09261,disposable_income_per_capita,28264.0,2022,eur_per_person,AI016-1
09261,foreign_population_share,22.9,2024,percent,AI002-1-5
09261,gdp_per_capita,66853.0,2023,eur_per_person,AI017-1
09261,manufacturing_employment_share,9.0,2024,percent,AI007-1
09261,migration_balance_per_10000,99.6,2024,per_10000_people,AI002-1-5
09261,minimum_security_rate,7.5,2024,percent,AI-S-03
09261,natural_balance_per_10000,-25.9,2024,per_10000_people,AI002-1-5
09261,population_change_per_10000,444.1,2024,per_10000_people,AI002-1-5
09261,population_density,1091.6,2024,people_per_km2,AI002-1-5
09261,services_employment_share,86.5,2024,percent,AI007-1
09261,unemployment_rate,6.3,2025,percent,AI008-1-5
09261,workplace_density,1181.7,2024,employed_per_1000_working_age,AI007-1
09262,age_65_plus_share,22.4,2024,percent,AI002-2-5
09262,age_under_18_share,14.1,2024,percent,AI002-2-5
09262,disposable_income_per_capita,23725.0,2022,eur_per_person,AI016-1
09262,foreign_population_share,22.5,2024,percent,AI002-1-5
09262,gdp_per_capita,77515.0,2023,eur_per_person,AI017-1
09262,manufacturing_employment_share,13.3,2024,percent,AI007-1
09262,migration_balance_per_10000,72.1,2024,per_10000_people,AI002-1-5
09262,minimum_security_rate,8.7,2024,percent,AI-S-03
09262,natural_balance_per_10000,-41.7,2024,per_10000_people,AI002-1-5
09262,population_change_per_10000,27.4,2024,per_10000_people,AI002-1-5
09262,population_density,762.5,2024,people_per_km2,AI002-1-5
09262,services_employment_share,80.7,2024,percent,AI007-1
09262,unemployment_rate,6.3,2025,percent,AI008-1-5
09262,workplace_density,1592.6,2024,employed_per_1000_working_age,AI007-1
09263,age_65_plus_share,22.0,2024,percent,AI002-2-5
09263,age_under_18_share,14.8,2024,percent,AI002-2-5
09263,disposable_income_per_capita,24961.0,2022,eur_per_person,AI016-1
09263,foreign_population_share,22.3,2024,percent,AI002-1-5
09263,gdp_per_capita,64800.0,2023,eur_per_person,AI017-1
09263,manufacturing_employment_share,13.2,2024,percent,AI007-1
09263,migration_balance_per_10000,138.4,2024,per_10000_people,AI002-1-5
09263,minimum_security_rate,8.5,2024,percent,AI-S-03
09263,natural_balance_per_10000,-47.4,2024,per_10000_people,AI002-1-5
09263,population_change_per_10000,306.2,2024,per_10000_people,AI002-1-5
09263,population_density,725.0,2024,people_per_km2,AI002-1-5
09263,services_employment_share,81.5,2024,percent,AI007-1
09263,unemployment_rate,6.4,2025,percent,AI008-1-5
09263,workplace_density,1293.8,2024,employed_per_1000_working_age,AI007-1
09271,age_65_plus_share,22.2,2024,percent,AI002-2-5
09271,age_under_18_share,16.0,2024,percent,AI002-2-5
09271,disposable_income_per_capita,27121.0,2022,eur_per_person,AI016-1
09271,foreign_population_share,12.7,2024,percent,AI002-1-5
09271,gdp_per_capita,52133.0,2023,eur_per_person,AI017-1
09271,manufacturing_employment_share,17.2,2024,percent,AI007-1
09271,migration_balance_per_10000,97.2,2024,per_10000_people,AI002-1-5
09271,minimum_security_rate,4.4,2024,percent,AI-S-03
09271,natural_balance_per_10000,-37.6,2024,per_10000_people,AI002-1-5
09271,population_change_per_10000,58.2,2024,per_10000_people,AI002-1-5
09271,population_density,141.5,2024,people_per_km2,AI002-1-5
09271,services_employment_share,67.0,2024,percent,AI007-1
09271,unemployment_rate,3.8,2025,percent,AI008-1-5
09271,workplace_density,900.8,2024,employed_per_1000_working_age,AI007-1
09272,age_65_plus_share,24.9,2024,percent,AI002-2-5
09272,age_under_18_share,15.5,2024,percent,AI002-2-5
09272,disposable_income_per_capita,24978.0,2022,eur_per_person,AI016-1
09272,foreign_population_share,7.1,2024,percent,AI002-1-5
09272,gdp_per_capita,39530.0,2023,eur_per_person,AI017-1
09272,manufacturing_employment_share,25.4,2024,percent,AI007-1
09272,migration_balance_per_10000,53.6,2024,per_10000_people,AI002-1-5
09272,minimum_security_rate,3.6,2024,percent,AI-S-03
09272,natural_balance_per_10000,-41.5,2024,per_10000_people,AI002-1-5
09272,population_change_per_10000,25.2,2024,per_10000_people,AI002-1-5
09272,population_density,80.0,2024,people_per_km2,AI002-1-5
09272,services_employment_share,60.5,2024,percent,AI007-1
09272,unemployment_rate,3.6,2025,percent,AI008-1-5
09272,workplace_density,810.2,2024,employed_per_1000_working_age,AI007-1
09273,age_65_plus_share,20.5,2024,percent,AI002-2-5
09273,age_under_18_share,18.0,2024,percent,AI002-2-5
09273,disposable_income_per_capita,27329.0,2022,eur_per_person,AI016-1
09273,foreign_population_share,14.5,2024,percent,AI002-1-5
09273,gdp_per_capita,40864.0,2023,eur_per_person,AI017-1
09273,manufacturing_employment_share,24.4,2024,percent,AI007-1
09273,migration_balance_per_10000,54.1,2024,per_10000_people,AI002-1-5
09273,minimum_security_rate,3.3,2024,percent,AI-S-03
09273,natural_balance_per_10000,-16.4,2024,per_10000_people,AI002-1-5
09273,population_change_per_10000,35.0,2024,per_10000_people,AI002-1-5
09273,population_density,118.3,2024,people_per_km2,AI002-1-5
09273,services_employment_share,61.1,2024,percent,AI007-1
09273,unemployment_rate,3.4,2025,percent,AI008-1-5
09273,workplace_density,715.8,2024,employed_per_1000_working_age,AI007-1
09274,age_65_plus_share,20.6,2024,percent,AI002-2-5
09274,age_under_18_share,18.3,2024,percent,AI002-2-5
09274,disposable_income_per_capita,27728.0,2022,eur_per_person,AI016-1
09274,foreign_population_share,11.6,2024,percent,AI002-1-5
09274,gdp_per_capita,46143.0,2023,eur_per_person,AI017-1
09274,manufacturing_employment_share,24.1,2024,percent,AI007-1
09274,migration_balance_per_10000,55.4,2024,per_10000_people,AI002-1-5
09274,minimum_security_rate,3.1,2024,percent,AI-S-03
09274,natural_balance_per_10000,-10.0,2024,per_10000_people,AI002-1-5
09274,population_change_per_10000,61.2,2024,per_10000_people,AI002-1-5
09274,population_density,120.3,2024,people_per_km2,AI002-1-5
09274,services_employment_share,59.4,2024,percent,AI007-1
09274,unemployment_rate,3.5,2025,percent,AI008-1-5
09274,workplace_density,695.8,2024,employed_per_1000_working_age,AI007-1
09275,age_65_plus_share,24.7,2024,percent,AI002-2-5
09275,age_under_18_share,16.1,2024,percent,AI002-2-5
09275,disposable_income_per_capita,25494.0,2022,eur_per_person,AI016-1
09275,foreign_population_share,10.5,2024,percent,AI002-1-5
09275,gdp_per_capita,37626.0,2023,eur_per_person,AI017-1
09275,manufacturing_employment_share,22.7,2024,percent,AI007-1
09275,migration_balance_per_10000,54.7,2024,per_10000_people,AI002-1-5
09275,minimum_security_rate,4.5,2024,percent,AI-S-03
09275,natural_balance_per_10000,-41.6,2024,per_10000_people,AI002-1-5
09275,population_change_per_10000,32.5,2024,per_10000_people,AI002-1-5
09275,population_density,127.2,2024,people_per_km2,AI002-1-5
09275,services_employment_share,63.9,2024,percent,AI007-1
09275,unemployment_rate,3.7,2025,percent,AI008-1-5
09275,workplace_density,733.2,2024,employed_per_1000_working_age,AI007-1
09276,age_65_plus_share,25.0,2024,percent,AI002-2-5
09276,age_under_18_share,15.9,2024,percent,AI002-2-5
09276,disposable_income_per_capita,25452.0,2022,eur_per_person,AI016-1
09276,foreign_population_share,8.4,2024,percent,AI002-1-5
09276,gdp_per_capita,41330.0,2023,eur_per_person,AI017-1
09276,manufacturing_employment_share,25.1,2024,percent,AI007-1
09276,migration_balance_per_10000,39.2,2024,per_10000_people,AI002-1-5
09276,minimum_security_rate,4.4,2024,percent,AI-S-03
09276,natural_balance_per_10000,-60.1,2024,per_10000_people,AI002-1-5
09276,population_change_per_10000,-22.2,2024,per_10000_people,AI002-1-5
09276,population_density,79.3,2024,people_per_km2,AI002-1-5
09276,services_employment_share,61.6,2024,percent,AI007-1
09276,unemployment_rate,4.1,2025,percent,AI008-1-5
09276,workplace_density,878.1,2024,employed_per_1000_working_age,AI007-1
09277,age_65_plus_share,23.4,2024,percent,AI002-2-5
09277,age_under_18_share,16.9,2024,percent,AI002-2-5
09277,disposable_income_per_capita,27157.0,2022,eur_per_person,AI016-1
09277,foreign_population_share,11.6,2024,percent,AI002-1-5
09277,gdp_per_capita,43284.0,2023,eur_per_person,AI017-1
09277,manufacturing_employment_share,18.5,2024,percent,AI007-1
09277,migration_balance_per_10000,46.2,2024,per_10000_people,AI002-1-5
09277,minimum_security_rate,4.2,2024,percent,AI-S-03
09277,natural_balance_per_10000,-42.5,2024,per_10000_people,AI002-1-5
09277,population_change_per_10000,1.8,2024,per_10000_people,AI002-1-5
09277,population_density,94.1,2024,people_per_km2,AI002-1-5
09277,services_employment_share,65.1,2024,percent,AI007-1
09277,unemployment_rate,3.9,2025,percent,AI008-1-5
09277,workplace_density,795.3,2024,employed_per_1000_working_age,AI007-1
09278,age_65_plus_share,21.6,2024,percent,AI002-2-5
09278,age_under_18_share,17.7,2024,percent,AI002-2-5
09278,disposable_income_per_capita,26846.0,2022,eur_per_person,AI016-1
09278,foreign_population_share,8.9,2024,percent,AI002-1-5
09278,gdp_per_capita,35844.0,2023,eur_per_person,AI017-1
09278,manufacturing_employment_share,27.7,2024,percent,AI007-1
09278,migration_balance_per_10000,-7.3,2024,per_10000_people,AI002-1-5
09278,minimum_security_rate,3.0,2024,percent,AI-S-03
09278,natural_balance_per_10000,-17.5,2024,per_10000_people,AI002-1-5
09278,population_change_per_10000,-27.9,2024,per_10000_people,AI002-1-5
09278,population_density,85.8,2024,people_per_km2,AI002-1-5
09278,services_employment_share,55.5,2024,percent,AI007-1
09278,unemployment_rate,3.4,2025,percent,AI008-1-5
09278,workplace_density,629.8,2024,employed_per_1000_working_age,AI007-1
09279,age_65_plus_share,20.5,2024,percent,AI002-2-5
09279,age_under_18_share,17.0,2024,percent,AI002-2-5
09279,disposable_income_per_capita,27250.0,2022,eur_per_person,AI016-1
09279,foreign_population_share,15.5,2024,percent,AI002-1-5
09279,gdp_per_capita,73081.0,2023,eur_per_person,AI017-1
09279,manufacturing_employment_share,46.0,2024,percent,AI007-1
09279,migration_balance_per_10000,49.7,2024,per_10000_people,AI002-1-5
09279,minimum_security_rate,3.7,2024,percent,AI-S-03
09279,natural_balance_per_10000,-17.8,2024,per_10000_people,AI002-1-5
09279,population_change_per_10000,30.5,2024,per_10000_people,AI002-1-5
09279,population_density,115.1,2024,people_per_km2,AI002-1-5
09279,services_employment_share,45.3,2024,percent,AI007-1
09279,unemployment_rate,3.9,2025,percent,AI008-1-5
09279,workplace_density,1030.4,2024,employed_per_1000_working_age,AI007-1
09361,age_65_plus_share,24.3,2024,percent,AI002-2-5
09361,age_under_18_share,15.5,2024,percent,AI002-2-5
09361,disposable_income_per_capita,24612.0,2022,eur_per_person,AI016-1
09361,foreign_population_share,14.2,2024,percent,AI002-1-5
09361,gdp_per_capita,76886.0,2023,eur_per_person,AI017-1
09361,manufacturing_employment_share,28.6,2024,percent,AI007-1
09361,migration_balance_per_10000,141.8,2024,per_10000_people,AI002-1-5
09361,minimum_security_rate,7.9,2024,percent,AI-S-03
09361,natural_balance_per_10000,-61.1,2024,per_10000_people,AI002-1-5
09361,population_change_per_10000,79.3,2024,per_10000_people,AI002-1-5
09361,population_density,848.7,2024,people_per_km2,AI002-1-5
09361,services_employment_share,66.5,2024,percent,AI007-1
09361,unemployment_rate,5.9,2025,percent,AI008-1-5
09361,workplace_density,1383.8,2024,employed_per_1000_working_age,AI007-1
09362,age_65_plus_share,17.4,2024,percent,AI002-2-5
09362,age_under_18_share,14.4,2024,percent,AI002-2-5
09362,disposable_income_per_capita,26174.0,2022,eur_per_person,AI016-1
09362,foreign_population_share,20.8,2024,percent,AI002-1-5
09362,gdp_per_capita,101372.0,2023,eur_per_person,AI017-1
09362,manufacturing_employment_share,18.9,2024,percent,AI007-1
09362,migration_balance_per_10000,116.9,2024,per_10000_people,AI002-1-5
09362,minimum_security_rate,8.3,2024,percent,AI-S-03
09362,natural_balance_per_10000,-3.9,2024,per_10000_people,AI002-1-5
09362,population_change_per_10000,114.6,2024,per_10000_people,AI002-1-5
09362,population_density,1872.2,2024,people_per_km2,AI002-1-5
09362,services_employment_share,77.6,2024,percent,AI007-1
09362,unemployment_rate,5.0,2025,percent,AI008-1-5
09362,workplace_density,1578.2,2024,employed_per_1000_working_age,AI007-1
09363,age_65_plus_share,23.6,2024,percent,AI002-2-5
09363,age_under_18_share,15.2,2024,percent,AI002-2-5
09363,disposable_income_per_capita,25140.0,2022,eur_per_person,AI016-1
09363,foreign_population_share,16.2,2024,percent,AI002-1-5
09363,gdp_per_capita,67171.0,2023,eur_per_person,AI017-1
09363,manufacturing_employment_share,11.8,2024,percent,AI007-1
09363,migration_balance_per_10000,53.7,2024,per_10000_people,AI002-1-5
09363,minimum_security_rate,9.3,2024,percent,AI-S-03
09363,natural_balance_per_10000,-50.0,2024,per_10000_people,AI002-1-5
09363,population_change_per_10000,3.3,2024,per_10000_people,AI002-1-5
09363,population_density,601.4,2024,people_per_km2,AI002-1-5
09363,services_employment_share,82.7,2024,percent,AI007-1
09363,unemployment_rate,6.5,2025,percent,AI008-1-5
09363,workplace_density,1424.4,2024,employed_per_1000_working_age,AI007-1
09371,age_65_plus_share,23.3,2024,percent,AI002-2-5
09371,age_under_18_share,16.7,2024,percent,AI002-2-5
09371,disposable_income_per_capita,26526.0,2022,eur_per_person,AI016-1
09371,foreign_population_share,8.1,2024,percent,AI002-1-5
09371,gdp_per_capita,34318.0,2023,eur_per_person,AI017-1
09371,manufacturing_employment_share,22.0,2024,percent,AI007-1
09371,migration_balance_per_10000,15.2,2024,per_10000_people,AI002-1-5
09371,minimum_security_rate,4.0,2024,percent,AI-S-03
09371,natural_balance_per_10000,-33.3,2024,per_10000_people,AI002-1-5
09371,population_change_per_10000,-13.9,2024,per_10000_people,AI002-1-5
09371,population_density,82.8,2024,people_per_km2,AI002-1-5
09371,services_employment_share,64.0,2024,percent,AI007-1
09371,unemployment_rate,3.6,2025,percent,AI008-1-5
09371,workplace_density,633.1,2024,employed_per_1000_working_age,AI007-1
09372,age_65_plus_share,23.7,2024,percent,AI002-2-5
09372,age_under_18_share,16.2,2024,percent,AI002-2-5
09372,disposable_income_per_capita,26691.0,2022,eur_per_person,AI016-1
09372,foreign_population_share,8.4,2024,percent,AI002-1-5
09372,gdp_per_capita,48317.0,2023,eur_per_person,AI017-1
09372,manufacturing_employment_share,28.4,2024,percent,AI007-1
09372,migration_balance_per_10000,42.3,2024,per_10000_people,AI002-1-5
09372,minimum_security_rate,4.1,2024,percent,AI-S-03
09372,natural_balance_per_10000,-40.4,2024,per_10000_people,AI002-1-5
09372,population_change_per_10000,23.7,2024,per_10000_people,AI002-1-5
09372,population_density,84.2,2024,people_per_km2,AI002-1-5
09372,services_employment_share,56.5,2024,percent,AI007-1
09372,unemployment_rate,3.4,2025,percent,AI008-1-5
09372,workplace_density,959.1,2024,employed_per_1000_working_age,AI007-1
09373,age_65_plus_share,21.2,2024,percent,AI002-2-5
09373,age_under_18_share,17.5,2024,percent,AI002-2-5
09373,disposable_income_per_capita,27694.0,2022,eur_per_person,AI016-1
09373,foreign_population_share,11.1,2024,percent,AI002-1-5
09373,gdp_per_capita,47319.0,2023,eur_per_person,AI017-1
09373,manufacturing_employment_share,22.4,2024,percent,AI007-1
09373,migration_balance_per_10000,59.9,2024,per_10000_people,AI002-1-5
09373,minimum_security_rate,3.3,2024,percent,AI-S-03
09373,natural_balance_per_10000,-23.3,2024,per_10000_people,AI002-1-5
09373,population_change_per_10000,34.6,2024,per_10000_people,AI002-1-5
09373,population_density,103.2,2024,people_per_km2,AI002-1-5
09373,services_employment_share,62.0,2024,percent,AI007-1
09373,unemployment_rate,2.8,2025,percent,AI008-1-5
09373,workplace_density,798.9,2024,employed_per_1000_working_age,AI007-1
09374,age_65_plus_share,23.2,2024,percent,AI002-2-5
09374,age_under_18_share,16.9,2024,percent,AI002-2-5
09374,disposable_income_per_capita,25477.0,2022,eur_per_person,AI016-1
09374,foreign_population_share,6.9,2024,percent,AI002-1-5
09374,gdp_per_capita,41082.0,2023,eur_per_person,AI017-1
09374,manufacturing_employment_share,33.1,2024,percent,AI007-1
09374,migration_balance_per_10000,8.9,2024,per_10000_people,AI002-1-5
09374,minimum_security_rate,4.2,2024,percent,AI-S-03
09374,natural_balance_per_10000,-24.2,2024,per_10000_people,AI002-1-5
09374,population_change_per_10000,-16.6,2024,per_10000_people,AI002-1-5
09374,population_density,67.4,2024,people_per_km2,AI002-1-5
09374,services_employment_share,54.5,2024,percent,AI007-1
09374,unemployment_rate,3.7,2025,percent,AI008-1-5
09374,workplace_density,724.5,2024,employed_per_1000_working_age,AI007-1
09375,age_65_plus_share,21.7,2024,percent,AI002-2-5
09375,age_under_18_share,18.0,2024,percent,AI002-2-5
09375,disposable_income_per_capita,27594.0,2022,eur_per_person,AI016-1
09375,foreign_population_share,10.5,2024,percent,AI002-1-5
09375,gdp_per_capita,32489.0,2023,eur_per_person,AI017-1
09375,manufacturing_employment_share,22.6,2024,percent,AI007-1
09375,migration_balance_per_10000,80.3,2024,per_10000_people,AI002-1-5
09375,minimum_security_rate,4.0,2024,percent,AI-S-03
09375,natural_balance_per_10000,-10.8,2024,per_10000_people,AI002-1-5
09375,population_change_per_10000,123.7,2024,per_10000_people,AI002-1-5
09375,population_density,141.0,2024,people_per_km2,AI002-1-5
09375,services_employment_share,65.3,2024,percent,AI007-1
09375,unemployment_rate,3.1,2025,percent,AI008-1-5
09375,workplace_density,598.8,2024,employed_per_1000_working_age,AI007-1
09376,age_65_plus_share,22.1,2024,percent,AI002-2-5
09376,age_under_18_share,16.7,2024,percent,AI002-2-5
09376,disposable_income_per_capita,25618.0,2022,eur_per_person,AI016-1
09376,foreign_population_share,10.8,2024,percent,AI002-1-5
09376,gdp_per_capita,45252.0,2023,eur_per_person,AI017-1
09376,manufacturing_employment_share,28.5,2024,percent,AI007-1
09376,migration_balance_per_10000,56.7,2024,per_10000_people,AI002-1-5
09376,minimum_security_rate,4.7,2024,percent,AI-S-03
09376,natural_balance_per_10000,-34.0,2024,per_10000_people,AI002-1-5
09376,population_change_per_10000,41.2,2024,per_10000_people,AI002-1-5
09376,population_density,102.4,2024,people_per_km2,AI002-1-5
09376,services_employment_share,61.5,2024,percent,AI007-1
09376,unemployment_rate,3.7,2025,percent,AI008-1-5
09376,workplace_density,845.4,2024,employed_per_1000_working_age,AI007-1
09377,age_65_plus_share,24.6,2024,percent,AI002-2-5
09377,age_under_18_share,15.7,2024,percent,AI002-2-5
09377,disposable_income_per_capita,26353.0,2022,eur_per_person,AI016-1
09377,foreign_population_share,6.3,2024,percent,AI002-1-5
09377,gdp_per_capita,51778.0,2023,eur_per_person,AI017-1
09377,manufacturing_employment_share,33.5,2024,percent,AI007-1
09377,migration_balance_per_10000,25.4,2024,per_10000_people,AI002-1-5
09377,minimum_security_rate,4.2,2024,percent,AI-S-03
09377,natural_balance_per_10000,-70.3,2024,per_10000_people,AI002-1-5
09377,population_change_per_10000,-46.3,2024,per_10000_people,AI002-1-5
09377,population_density,66.6,2024,people_per_km2,AI002-1-5
09377,services_employment_share,52.4,2024,percent,AI007-1
09377,unemployment_rate,3.9,2025,percent,AI008-1-5
09377,workplace_density,831.4,2024,employed_per_1000_working_age,AI007-1
09461,age_65_plus_share,20.2,2024,percent,AI002-2-5
09461,age_under_18_share,14.9,2024,percent,AI002-2-5
09461,disposable_income_per_capita,24774.0,2022,eur_per_person,AI016-1
09461,foreign_population_share,17.6,2024,percent,AI002-1-5
09461,gdp_per_capita,72001.0,2023,eur_per_person,AI017-1
09461,manufacturing_employment_share,19.8,2024,percent,AI007-1
09461,migration_balance_per_10000,32.1,2024,per_10000_people,AI002-1-5
09461,minimum_security_rate,8.1,2024,percent,AI-S-03
09461,natural_balance_per_10000,-20.6,2024,per_10000_people,AI002-1-5
09461,population_change_per_10000,271.0,2024,per_10000_people,AI002-1-5
09461,population_density,1412.5,2024,people_per_km2,AI002-1-5
09461,services_employment_share,76.4,2024,percent,AI007-1
09461,unemployment_rate,5.0,2025,percent,AI008-1-5
09461,workplace_density,1493.4,2024,employed_per_1000_working_age,AI007-1
09462,age_65_plus_share,22.6,2024,percent,AI002-2-5
09462,age_under_18_share,13.5,2024,percent,AI002-2-5
09462,disposable_income_per_capita,24115.0,2022,eur_per_person,AI016-1
09462,foreign_population_share,15.9,2024,percent,AI002-1-5
09462,gdp_per_capita,77583.0,2023,eur_per_person,AI017-1
09462,manufacturing_employment_share,9.6,2024,percent,AI007-1
09462,migration_balance_per_10000,38.4,2024,per_10000_people,AI002-1-5
09462,minimum_security_rate,7.5,2024,percent,AI-S-03
09462,natural_balance_per_10000,-55.5,2024,per_10000_people,AI002-1-5
09462,population_change_per_10000,-18.4,2024,per_10000_people,AI002-1-5
09462,population_density,1090.4,2024,people_per_km2,AI002-1-5
09462,services_employment_share,82.0,2024,percent,AI007-1
09462,unemployment_rate,5.4,2025,percent,AI008-1-5
09462,workplace_density,1403.9,2024,employed_per_1000_working_age,AI007-1
09463,age_65_plus_share,24.2,2024,percent,AI002-2-5
09463,age_under_18_share,14.6,2024,percent,AI002-2-5
09463,disposable_income_per_capita,28171.0,2022,eur_per_person,AI016-1
09463,foreign_population_share,14.6,2024,percent,AI002-1-5
09463,gdp_per_capita,115592.0,2023,eur_per_person,AI017-1
09463,manufacturing_employment_share,21.1,2024,percent,AI007-1
09463,migration_balance_per_10000,81.5,2024,per_10000_people,AI002-1-5
09463,minimum_security_rate,10.2,2024,percent,AI-S-03
09463,natural_balance_per_10000,-43.2,2024,per_10000_people,AI002-1-5
09463,population_change_per_10000,38.3,2024,per_10000_people,AI002-1-5
09463,population_density,850.4,2024,people_per_km2,AI002-1-5
09463,services_employment_share,74.8,2024,percent,AI007-1
09463,unemployment_rate,7.4,2025,percent,AI008-1-5
09463,workplace_density,1589.9,2024,employed_per_1000_working_age,AI007-1
09464,age_65_plus_share,23.8,2024,percent,AI002-2-5
09464,age_under_18_share,16.4,2024,percent,AI002-2-5
09464,disposable_income_per_capita,23029.0,2022,eur_per_person,AI016-1
09464,foreign_population_share,23.5,2024,percent,AI002-1-5
09464,gdp_per_capita,51948.0,2023,eur_per_person,AI017-1
09464,manufacturing_employment_share,10.1,2024,percent,AI007-1
09464,migration_balance_per_10000,125.9,2024,per_10000_people,AI002-1-5
09464,minimum_security_rate,12.3,2024,percent,AI-S-03
09464,natural_balance_per_10000,-62.4,2024,per_10000_people,AI002-1-5
09464,population_change_per_10000,63.0,2024,per_10000_people,AI002-1-5
09464,population_density,806.2,2024,people_per_km2,AI002-1-5
09464,services_employment_share,86.0,2024,percent,AI007-1
09464,unemployment_rate,7.6,2025,percent,AI008-1-5
09464,workplace_density,1153.3,2024,employed_per_1000_working_age,AI007-1
09471,age_65_plus_share,21.8,2024,percent,AI002-2-5
09471,age_under_18_share,17.6,2024,percent,AI002-2-5
09471,disposable_income_per_capita,26533.0,2022,eur_per_person,AI016-1
09471,foreign_population_share,6.7,2024,percent,AI002-1-5
09471,gdp_per_capita,30917.0,2023,eur_per_person,AI017-1
09471,manufacturing_employment_share,22.9,2024,percent,AI007-1
09471,migration_balance_per_10000,10.2,2024,per_10000_people,AI002-1-5
09471,minimum_security_rate,3.2,2024,percent,AI-S-03
09471,natural_balance_per_10000,-28.7,2024,per_10000_people,AI002-1-5
09471,population_change_per_10000,-16.2,2024,per_10000_people,AI002-1-5
09471,population_density,126.5,2024,people_per_km2,AI002-1-5
09471,services_employment_share,63.5,2024,percent,AI007-1
09471,unemployment_rate,2.7,2025,percent,AI008-1-5
09471,workplace_density,580.6,2024,employed_per_1000_working_age,AI007-1
09472,age_65_plus_share,24.5,2024,percent,AI002-2-5
09472,age_under_18_share,16.3,2024,percent,AI002-2-5
09472,disposable_income_per_capita,26287.0,2022,eur_per_person,AI016-1
09472,foreign_population_share,5.9,2024,percent,AI002-1-5
09472,gdp_per_capita,28187.0,2023,eur_per_person,AI017-1
09472,manufacturing_employment_share,22.2,2024,percent,AI007-1
09472,migration_balance_per_10000,49.5,2024,per_10000_people,AI002-1-5
09472,minimum_security_rate,3.3,2024,percent,AI-S-03
09472,natural_balance_per_10000,-53.3,2024,per_10000_people,AI002-1-5
09472,population_change_per_10000,-5.2,2024,per_10000_people,AI002-1-5
09472,population_density,80.9,2024,people_per_km2,AI002-1-5
09472,services_employment_share,65.4,2024,percent,AI007-1
09472,unemployment_rate,3.4,2025,percent,AI008-1-5
09472,workplace_density,546.5,2024,employed_per_1000_working_age,AI007-1
09473,age_65_plus_share,25.1,2024,percent,AI002-2-5
09473,age_under_18_share,16.1,2024,percent,AI002-2-5
09473,disposable_income_per_capita,28056.0,2022,eur_per_person,AI016-1
09473,foreign_population_share,7.0,2024,percent,AI002-1-5
09473,gdp_per_capita,32735.0,2023,eur_per_person,AI017-1
09473,manufacturing_employment_share,33.2,2024,percent,AI007-1
09473,migration_balance_per_10000,45.3,2024,per_10000_people,AI002-1-5
09473,minimum_security_rate,4.7,2024,percent,AI-S-03
09473,natural_balance_per_10000,-58.7,2024,per_10000_people,AI002-1-5
09473,population_change_per_10000,-5.9,2024,per_10000_people,AI002-1-5
09473,population_density,143.1,2024,people_per_km2,AI002-1-5
09473,services_employment_share,56.6,2024,percent,AI007-1
09473,unemployment_rate,4.6,2025,percent,AI008-1-5
09473,workplace_density,658.7,2024,employed_per_1000_working_age,AI007-1
09474,age_65_plus_share,22.7,2024,percent,AI002-2-5
09474,age_under_18_share,17.3,2024,percent,AI002-2-5
09474,disposable_income_per_capita,28036.0,2022,eur_per_person,AI016-1
09474,foreign_population_share,9.1,2024,percent,AI002-1-5
09474,gdp_per_capita,38746.0,2023,eur_per_person,AI017-1
09474,manufacturing_employment_share,26.0,2024,percent,AI007-1
09474,migration_balance_per_10000,29.3,2024,per_10000_people,AI002-1-5
09474,minimum_security_rate,4.3,2024,percent,AI-S-03
09474,natural_balance_per_10000,-36.4,2024,per_10000_people,AI002-1-5
09474,population_change_per_10000,-8.6,2024,per_10000_people,AI002-1-5
09474,population_density,180.7,2024,people_per_km2,AI002-1-5
09474,services_employment_share,64.3,2024,percent,AI007-1
09474,unemployment_rate,3.3,2025,percent,AI008-1-5
09474,workplace_density,654.2,2024,employed_per_1000_working_age,AI007-1
09475,age_65_plus_share,26.9,2024,percent,AI002-2-5
09475,age_under_18_share,15.2,2024,percent,AI002-2-5
09475,disposable_income_per_capita,25320.0,2022,eur_per_person,AI016-1
09475,foreign_population_share,7.8,2024,percent,AI002-1-5
09475,gdp_per_capita,44530.0,2023,eur_per_person,AI017-1
09475,manufacturing_employment_share,30.8,2024,percent,AI007-1
09475,migration_balance_per_10000,38.8,2024,per_10000_people,AI002-1-5
09475,minimum_security_rate,5.5,2024,percent,AI-S-03
09475,natural_balance_per_10000,-92.7,2024,per_10000_people,AI002-1-5
09475,population_change_per_10000,-52.4,2024,per_10000_people,AI002-1-5
09475,population_density,103.3,2024,people_per_km2,AI002-1-5
09475,services_employment_share,59.0,2024,percent,AI007-1
09475,unemployment_rate,4.4,2025,percent,AI008-1-5
09475,workplace_density,874.6,2024,employed_per_1000_working_age,AI007-1
09476,age_65_plus_share,26.5,2024,percent,AI002-2-5
09476,age_under_18_share,14.2,2024,percent,AI002-2-5
09476,disposable_income_per_capita,26479.0,2022,eur_per_person,AI016-1
09476,foreign_population_share,7.6,2024,percent,AI002-1-5
09476,gdp_per_capita,40554.0,2023,eur_per_person,AI017-1
09476,manufacturing_employment_share,37.9,2024,percent,AI007-1
09476,migration_balance_per_10000,3.7,2024,per_10000_people,AI002-1-5
09476,minimum_security_rate,4.1,2024,percent,AI-S-03
09476,natural_balance_per_10000,-80.0,2024,per_10000_people,AI002-1-5
09476,population_change_per_10000,-71.6,2024,per_10000_people,AI002-1-5
09476,population_density,99.1,2024,people_per_km2,AI002-1-5
09476,services_employment_share,54.1,2024,percent,AI007-1
09476,unemployment_rate,4.2,2025,percent,AI008-1-5
09476,workplace_density,838.3,2024,employed_per_1000_working_age,AI007-1
09477,age_65_plus_share,25.9,2024,percent,AI002-2-5
09477,age_under_18_share,14.8,2024,percent,AI002-2-5
09477,disposable_income_per_capita,26951.0,2022,eur_per_person,AI016-1
09477,foreign_population_share,7.8,2024,percent,AI002-1-5
09477,gdp_per_capita,45602.0,2023,eur_per_person,AI017-1
09477,manufacturing_employment_share,26.5,2024,percent,AI007-1
09477,migration_balance_per_10000,36.9,2024,per_10000_people,AI002-1-5
09477,minimum_security_rate,5.2,2024,percent,AI-S-03
09477,natural_balance_per_10000,-71.2,2024,per_10000_people,AI002-1-5
09477,population_change_per_10000,-32.7,2024,per_10000_people,AI002-1-5
09477,population_density,108.6,2024,people_per_km2,AI002-1-5
09477,services_employment_share,61.6,2024,percent,AI007-1
09477,unemployment_rate,4.4,2025,percent,AI008-1-5
09477,workplace_density,866.6,2024,employed_per_1000_working_age,AI007-1
09478,age_65_plus_share,24.6,2024,percent,AI002-2-5
09478,age_under_18_share,16.0,2024,percent,AI002-2-5
09478,disposable_income_per_capita,25693.0,2022,eur_per_person,AI016-1
09478,foreign_population_share,8.8,2024,percent,AI002-1-5
09478,gdp_per_capita,40875.0,2023,eur_per_person,AI017-1
09478,manufacturing_employment_share,21.7,2024,percent,AI007-1
09478,migration_balance_per_10000,18.4,2024,per_10000_people,AI002-1-5
09478,minimum_security_rate,5.0,2024,percent,AI-S-03
09478,natural_balance_per_10000,-65.0,2024,per_10000_people,AI002-1-5
09478,population_change_per_10000,-49.9,2024,per_10000_people,AI002-1-5
09478,population_density,129.6,2024,people_per_km2,AI002-1-5
09478,services_employment_share,69.4,2024,percent,AI007-1
09478,unemployment_rate,4.5,2025,percent,AI008-1-5
09478,workplace_density,858.6,2024,employed_per_1000_working_age,AI007-1
09479,age_65_plus_share,27.4,2024,percent,AI002-2-5
09479,age_under_18_share,15.2,2024,percent,AI002-2-5
09479,disposable_income_per_capita,28158.0,2022,eur_per_person,AI016-1
09479,foreign_population_share,10.3,2024,percent,AI002-1-5
09479,gdp_per_capita,45248.0,2023,eur_per_person,AI017-1
09479,manufacturing_employment_share,30.1,2024,percent,AI007-1
09479,migration_balance_per_10000,37.3,2024,per_10000_people,AI002-1-5
09479,minimum_security_rate,6.3,2024,percent,AI-S-03
09479,natural_balance_per_10000,-96.2,2024,per_10000_people,AI002-1-5
09479,population_change_per_10000,-57.9,2024,per_10000_people,AI002-1-5
09479,population_density,116.3,2024,people_per_km2,AI002-1-5
09479,services_employment_share,62.3,2024,percent,AI007-1
09479,unemployment_rate,5.6,2025,percent,AI008-1-5
09479,workplace_density,941.5,2024,employed_per_1000_working_age,AI007-1
09561,age_65_plus_share,22.8,2024,percent,AI002-2-5
09561,age_under_18_share,16.8,2024,percent,AI002-2-5
09561,disposable_income_per_capita,24124.0,2022,eur_per_person,AI016-1
09561,foreign_population_share,17.3,2024,percent,AI002-1-5
09561,gdp_per_capita,72339.0,2023,eur_per_person,AI017-1
09561,manufacturing_employment_share,16.8,2024,percent,AI007-1
09561,migration_balance_per_10000,6.7,2024,per_10000_people,AI002-1-5
09561,minimum_security_rate,9.2,2024,percent,AI-S-03
09561,natural_balance_per_10000,-54.9,2024,per_10000_people,AI002-1-5
09561,population_change_per_10000,259.1,2024,per_10000_people,AI002-1-5
09561,population_density,407.8,2024,people_per_km2,AI002-1-5
09561,services_employment_share,80.4,2024,percent,AI007-1
09561,unemployment_rate,5.2,2025,percent,AI008-1-5
09561,workplace_density,1528.0,2024,employed_per_1000_working_age,AI007-1
09562,age_65_plus_share,18.6,2024,percent,AI002-2-5
09562,age_under_18_share,15.8,2024,percent,AI002-2-5
09562,disposable_income_per_capita,27320.0,2022,eur_per_person,AI016-1
09562,foreign_population_share,23.4,2024,percent,AI002-1-5
09562,gdp_per_capita,113732.0,2023,eur_per_person,AI017-1
09562,manufacturing_employment_share,33.4,2024,percent,AI007-1
09562,migration_balance_per_10000,60.8,2024,per_10000_people,AI002-1-5
09562,minimum_security_rate,5.8,2024,percent,AI-S-03
09562,natural_balance_per_10000,-5.4,2024,per_10000_people,AI002-1-5
09562,population_change_per_10000,53.1,2024,per_10000_people,AI002-1-5
09562,population_density,1506.3,2024,people_per_km2,AI002-1-5
09562,services_employment_share,63.7,2024,percent,AI007-1
09562,unemployment_rate,4.6,2025,percent,AI008-1-5
09562,workplace_density,1455.7,2024,employed_per_1000_working_age,AI007-1
09563,age_65_plus_share,19.7,2024,percent,AI002-2-5
09563,age_under_18_share,16.2,2024,percent,AI002-2-5
09563,disposable_income_per_capita,25568.0,2022,eur_per_person,AI016-1
09563,foreign_population_share,21.6,2024,percent,AI002-1-5
09563,gdp_per_capita,46622.0,2023,eur_per_person,AI017-1
09563,manufacturing_employment_share,15.2,2024,percent,AI007-1
09563,migration_balance_per_10000,43.2,2024,per_10000_people,AI002-1-5
09563,minimum_security_rate,8.4,2024,percent,AI-S-03
09563,natural_balance_per_10000,-18.6,2024,per_10000_people,AI002-1-5
09563,population_change_per_10000,24.6,2024,per_10000_people,AI002-1-5
09563,population_density,2084.2,2024,people_per_km2,AI002-1-5
09563,services_employment_share,78.9,2024,percent,AI007-1
09563,unemployment_rate,5.8,2025,percent,AI008-1-5
09563,workplace_density,746.4,2024,employed_per_1000_working_age,AI007-1
09564,age_65_plus_share,20.2,2024,percent,AI002-2-5
09564,age_under_18_share,16.0,2024,percent,AI002-2-5
09564,disposable_income_per_capita,24891.0,2022,eur_per_person,AI016-1
09564,foreign_population_share,26.1,2024,percent,AI002-1-5
09564,gdp_per_capita,72742.0,2023,eur_per_person,AI017-1
09564,manufacturing_employment_share,11.2,2024,percent,AI007-1
09564,migration_balance_per_10000,72.5,2024,per_10000_people,AI002-1-5
09564,minimum_security_rate,11.2,2024,percent,AI-S-03
09564,natural_balance_per_10000,-20.5,2024,per_10000_people,AI002-1-5
09564,population_change_per_10000,55.0,2024,per_10000_people,AI002-1-5
09564,population_density,2840.1,2024,people_per_km2,AI002-1-5
09564,services_employment_share,83.5,2024,percent,AI007-1
09564,unemployment_rate,7.3,2025,percent,AI008-1-5
09564,workplace_density,1161.5,2024,employed_per_1000_working_age,AI007-1
09565,age_65_plus_share,23.2,2024,percent,AI002-2-5
09565,age_under_18_share,17.3,2024,percent,AI002-2-5
09565,disposable_income_per_capita,29671.0,2022,eur_per_person,AI016-1
09565,foreign_population_share,13.9,2024,percent,AI002-1-5
09565,gdp_per_capita,44243.0,2023,eur_per_person,AI017-1
09565,manufacturing_employment_share,23.2,2024,percent,AI007-1
09565,migration_balance_per_10000,0.5,2024,per_10000_people,AI002-1-5
09565,minimum_security_rate,6.3,2024,percent,AI-S-03
09565,natural_balance_per_10000,-39.8,2024,per_10000_people,AI002-1-5
09565,population_change_per_10000,-38.9,2024,per_10000_people,AI002-1-5
09565,population_density,1000.9,2024,people_per_km2,AI002-1-5
09565,services_employment_share,69.3,2024,percent,AI007-1
09565,unemployment_rate,4.6,2025,percent,AI008-1-5
09565,workplace_density,900.9,2024,employed_per_1000_working_age,AI007-1
09571,age_65_plus_share,21.9,2024,percent,AI002-2-5
09571,age_under_18_share,17.8,2024,percent,AI002-2-5
09571,disposable_income_per_capita,27255.0,2022,eur_per_person,AI016-1
09571,foreign_population_share,10.5,2024,percent,AI002-1-5
09571,gdp_per_capita,37276.0,2023,eur_per_person,AI017-1
09571,manufacturing_employment_share,30.0,2024,percent,AI007-1
09571,migration_balance_per_10000,46.5,2024,per_10000_people,AI002-1-5
09571,minimum_security_rate,3.1,2024,percent,AI-S-03
09571,natural_balance_per_10000,-27.5,2024,per_10000_people,AI002-1-5
09571,population_change_per_10000,15.6,2024,per_10000_people,AI002-1-5
09571,population_density,95.2,2024,people_per_km2,AI002-1-5
09571,services_employment_share,57.0,2024,percent,AI007-1
09571,unemployment_rate,2.9,2025,percent,AI008-1-5
09571,workplace_density,708.7,2024,employed_per_1000_working_age,AI007-1
09572,age_65_plus_share,22.5,2024,percent,AI002-2-5
09572,age_under_18_share,18.4,2024,percent,AI002-2-5
09572,disposable_income_per_capita,30500.0,2022,eur_per_person,AI016-1
09572,foreign_population_share,10.1,2024,percent,AI002-1-5
09572,gdp_per_capita,42898.0,2023,eur_per_person,AI017-1
09572,manufacturing_employment_share,26.1,2024,percent,AI007-1
09572,migration_balance_per_10000,4.3,2024,per_10000_people,AI002-1-5
09572,minimum_security_rate,3.3,2024,percent,AI-S-03
09572,natural_balance_per_10000,-20.1,2024,per_10000_people,AI002-1-5
09572,population_change_per_10000,-18.5,2024,per_10000_people,AI002-1-5
09572,population_density,245.0,2024,people_per_km2,AI002-1-5
09572,services_employment_share,68.3,2024,percent,AI007-1
09572,unemployment_rate,3.0,2025,percent,AI008-1-5
09572,workplace_density,795.3,2024,employed_per_1000_working_age,AI007-1
09573,age_65_plus_share,24.2,2024,percent,AI002-2-5
09573,age_under_18_share,17.2,2024,percent,AI002-2-5
09573,disposable_income_per_capita,28982.0,2022,eur_per_person,AI016-1
09573,foreign_population_share,9.4,2024,percent,AI002-1-5
09573,gdp_per_capita,26810.0,2023,eur_per_person,AI017-1
09573,manufacturing_employment_share,19.9,2024,percent,AI007-1
09573,migration_balance_per_10000,39.3,2024,per_10000_people,AI002-1-5
09573,minimum_security_rate,3.2,2024,percent,AI-S-03
09573,natural_balance_per_10000,-41.2,2024,per_10000_people,AI002-1-5
09573,population_change_per_10000,8.7,2024,per_10000_people,AI002-1-5
09573,population_density,382.9,2024,people_per_km2,AI002-1-5
09573,services_employment_share,67.9,2024,percent,AI007-1
09573,unemployment_rate,3.1,2025,percent,AI008-1-5
09573,workplace_density,506.2,2024,employed_per_1000_working_age,AI007-1
09574,age_65_plus_share,23.8,2024,percent,AI002-2-5
09574,age_under_18_share,17.1,2024,percent,AI002-2-5
09574,disposable_income_per_capita,28929.0,2022,eur_per_person,AI016-1
09574,foreign_population_share,10.1,2024,percent,AI002-1-5
09574,gdp_per_capita,38247.0,2023,eur_per_person,AI017-1
09574,manufacturing_employment_share,25.6,2024,percent,AI007-1
09574,migration_balance_per_10000,25.3,2024,per_10000_people,AI002-1-5
09574,minimum_security_rate,4.0,2024,percent,AI-S-03
09574,natural_balance_per_10000,-46.4,2024,per_10000_people,AI002-1-5
09574,population_change_per_10000,-22.5,2024,per_10000_people,AI002-1-5
09574,population_density,211.1,2024,people_per_km2,AI002-1-5
09574,services_employment_share,66.9,2024,percent,AI007-1
09574,unemployment_rate,3.0,2025,percent,AI008-1-5
09574,workplace_density,739.7,2024,employed_per_1000_working_age,AI007-1
09575,age_65_plus_share,22.9,2024,percent,AI002-2-5
09575,age_under_18_share,17.4,2024,percent,AI002-2-5
09575,disposable_income_per_capita,26504.0,2022,eur_per_person,AI016-1
09575,foreign_population_share,10.1,2024,percent,AI002-1-5
09575,gdp_per_capita,37528.0,2023,eur_per_person,AI017-1
09575,manufacturing_employment_share,21.1,2024,percent,AI007-1
09575,migration_balance_per_10000,48.1,2024,per_10000_people,AI002-1-5
09575,minimum_security_rate,4.2,2024,percent,AI-S-03
09575,natural_balance_per_10000,-39.9,2024,per_10000_people,AI002-1-5
09575,population_change_per_10000,6.0,2024,per_10000_people,AI002-1-5
09575,population_density,79.7,2024,people_per_km2,AI002-1-5
09575,services_employment_share,67.0,2024,percent,AI007-1
09575,unemployment_rate,2.9,2025,percent,AI008-1-5
09575,workplace_density,750.2,2024,employed_per_1000_working_age,AI007-1
09576,age_65_plus_share,23.0,2024,percent,AI002-2-5
09576,age_under_18_share,17.3,2024,percent,AI002-2-5
09576,disposable_income_per_capita,28466.0,2022,eur_per_person,AI016-1
09576,foreign_population_share,8.2,2024,percent,AI002-1-5
09576,gdp_per_capita,38474.0,2023,eur_per_person,AI017-1
09576,manufacturing_employment_share,23.1,2024,percent,AI007-1
09576,migration_balance_per_10000,49.1,2024,per_10000_people,AI002-1-5
09576,minimum_security_rate,3.5,2024,percent,AI-S-03
09576,natural_balance_per_10000,-34.3,2024,per_10000_people,AI002-1-5
09576,population_change_per_10000,15.1,2024,per_10000_people,AI002-1-5
09576,population_density,143.7,2024,people_per_km2,AI002-1-5
09576,services_employment_share,65.9,2024,percent,AI007-1
09576,unemployment_rate,2.5,2025,percent,AI008-1-5
09576,workplace_density,718.8,2024,employed_per_1000_working_age,AI007-1
09577,age_65_plus_share,23.5,2024,percent,AI002-2-5
09577,age_under_18_share,17.3,2024,percent,AI002-2-5
09577,disposable_income_per_capita,25760.0,2022,eur_per_person,AI016-1
09577,foreign_population_share,11.0,2024,percent,AI002-1-5
09577,gdp_per_capita,38265.0,2023,eur_per_person,AI017-1
09577,manufacturing_employment_share,23.4,2024,percent,AI007-1
09577,migration_balance_per_10000,29.1,2024,per_10000_people,AI002-1-5
09577,minimum_security_rate,5.1,2024,percent,AI-S-03
09577,natural_balance_per_10000,-35.8,2024,per_10000_people,AI002-1-5
09577,population_change_per_10000,2.6,2024,per_10000_people,AI002-1-5
09577,population_density,97.5,2024,people_per_km2,AI002-1-5
09577,services_employment_share,65.6,2024,percent,AI007-1
09577,unemployment_rate,3.7,2025,percent,AI008-1-5
09577,workplace_density,769.0,2024,employed_per_1000_working_age,AI007-1
09661,age_65_plus_share,22.1,2024,percent,AI002-2-5
09661,age_under_18_share,16.0,2024,percent,AI002-2-5
09661,disposable_income_per_capita,26568.0,2022,eur_per_person,AI016-1
09661,foreign_population_share,19.7,2024,percent,AI002-1-5
09661,gdp_per_capita,84536.0,2023,eur_per_person,AI017-1
09661,manufacturing_employment_share,14.9,2024,percent,AI007-1
09661,migration_balance_per_10000,93.7,2024,per_10000_people,AI002-1-5
09661,minimum_security_rate,10.0,2024,percent,AI-S-03
09661,natural_balance_per_10000,-19.2,2024,per_10000_people,AI002-1-5
09661,population_change_per_10000,73.7,2024,per_10000_people,AI002-1-5
09661,population_density,1170.4,2024,people_per_km2,AI002-1-5
09661,services_employment_share,79.3,2024,percent,AI007-1
09661,unemployment_rate,7.4,2025,percent,AI008-1-5
09661,workplace_density,1295.0,2024,employed_per_1000_working_age,AI007-1
09662,age_65_plus_share,24.3,2024,percent,AI002-2-5
09662,age_under_18_share,16.6,2024,percent,AI002-2-5
09662,disposable_income_per_capita,24220.0,2022,eur_per_person,AI016-1
09662,foreign_population_share,22.5,2024,percent,AI002-1-5
09662,gdp_per_capita,110469.0,2023,eur_per_person,AI017-1
09662,manufacturing_employment_share,37.8,2024,percent,AI007-1
09662,migration_balance_per_10000,152.0,2024,per_10000_people,AI002-1-5
09662,minimum_security_rate,11.9,2024,percent,AI-S-03
09662,natural_balance_per_10000,-51.5,2024,per_10000_people,AI002-1-5
09662,population_change_per_10000,100.2,2024,per_10000_people,AI002-1-5
09662,population_density,1526.1,2024,people_per_km2,AI002-1-5
09662,services_employment_share,57.5,2024,percent,AI007-1
09662,unemployment_rate,7.2,2025,percent,AI008-1-5
09662,workplace_density,1956.8,2024,employed_per_1000_working_age,AI007-1
09663,age_65_plus_share,20.6,2024,percent,AI002-2-5
09663,age_under_18_share,13.1,2024,percent,AI002-2-5
09663,disposable_income_per_capita,25974.0,2022,eur_per_person,AI016-1
09663,foreign_population_share,15.7,2024,percent,AI002-1-5
09663,gdp_per_capita,78232.0,2023,eur_per_person,AI017-1
09663,manufacturing_employment_share,5.7,2024,percent,AI007-1
09663,migration_balance_per_10000,145.5,2024,per_10000_people,AI002-1-5
09663,minimum_security_rate,7.0,2024,percent,AI-S-03
09663,natural_balance_per_10000,-30.9,2024,per_10000_people,AI002-1-5
09663,population_change_per_10000,113.1,2024,per_10000_people,AI002-1-5
09663,population_density,1521.2,2024,people_per_km2,AI002-1-5
09663,services_employment_share,90.9,2024,percent,AI007-1
09663,unemployment_rate,4.8,2025,percent,AI008-1-5
09663,workplace_density,1439.5,2024,employed_per_1000_working_age,AI007-1
09671,age_65_plus_share,23.6,2024,percent,AI002-2-5
09671,age_under_18_share,16.7,2024,percent,AI002-2-5
09671,disposable_income_per_capita,27614.0,2022,eur_per_person,AI016-1
09671,foreign_population_share,10.9,2024,percent,AI002-1-5
09671,gdp_per_capita,42942.0,2023,eur_per_person,AI017-1
09671,manufacturing_employment_share,23.6,2024,percent,AI007-1
09671,migration_balance_per_10000,22.4,2024,per_10000_people,AI002-1-5
09671,minimum_security_rate,4.6,2024,percent,AI-S-03
09671,natural_balance_per_10000,-38.5,2024,per_10000_people,AI002-1-5
09671,population_change_per_10000,5.2,2024,per_10000_people,AI002-1-5
09671,population_density,244.6,2024,people_per_km2,AI002-1-5
09671,services_employment_share,66.3,2024,percent,AI007-1
09671,unemployment_rate,4.2,2025,percent,AI008-1-5
09671,workplace_density,717.9,2024,employed_per_1000_working_age,AI007-1
09672,age_65_plus_share,26.6,2024,percent,AI002-2-5
09672,age_under_18_share,16.1,2024,percent,AI002-2-5
09672,disposable_income_per_capita,26856.0,2022,eur_per_person,AI016-1
09672,foreign_population_share,8.7,2024,percent,AI002-1-5
09672,gdp_per_capita,40781.0,2023,eur_per_person,AI017-1
09672,manufacturing_employment_share,12.7,2024,percent,AI007-1
09672,migration_balance_per_10000,61.1,2024,per_10000_people,AI002-1-5
09672,minimum_security_rate,4.9,2024,percent,AI-S-03
09672,natural_balance_per_10000,-55.1,2024,per_10000_people,AI002-1-5
09672,population_change_per_10000,4.1,2024,per_10000_people,AI002-1-5
09672,population_density,91.0,2024,people_per_km2,AI002-1-5
09672,services_employment_share,74.1,2024,percent,AI007-1
09672,unemployment_rate,3.7,2025,percent,AI008-1-5
09672,workplace_density,856.9,2024,employed_per_1000_working_age,AI007-1
09673,age_65_plus_share,24.6,2024,percent,AI002-2-5
09673,age_under_18_share,16.8,2024,percent,AI002-2-5
09673,disposable_income_per_capita,26480.0,2022,eur_per_person,AI016-1
09673,foreign_population_share,7.7,2024,percent,AI002-1-5
09673,gdp_per_capita,50296.0,2023,eur_per_person,AI017-1
09673,manufacturing_employment_share,26.2,2024,percent,AI007-1
09673,migration_balance_per_10000,33.8,2024,per_10000_people,AI002-1-5
09673,minimum_security_rate,4.3,2024,percent,AI-S-03
09673,natural_balance_per_10000,-41.1,2024,per_10000_people,AI002-1-5
09673,population_change_per_10000,-6.9,2024,per_10000_people,AI002-1-5
09673,population_density,77.7,2024,people_per_km2,AI002-1-5
09673,services_employment_share,63.1,2024,percent,AI007-1
09673,unemployment_rate,3.7,2025,percent,AI008-1-5
09673,workplace_density,885.2,2024,employed_per_1000_working_age,AI007-1
09674,age_65_plus_share,23.5,2024,percent,AI002-2-5
09674,age_under_18_share,16.9,2024,percent,AI002-2-5
09674,disposable_income_per_capita,25855.0,2022,eur_per_person,AI016-1
09674,foreign_population_share,6.8,2024,percent,AI002-1-5
09674,gdp_per_capita,38534.0,2023,eur_per_person,AI017-1
09674,manufacturing_employment_share,30.0,2024,percent,AI007-1
09674,migration_balance_per_10000,53.6,2024,per_10000_people,AI002-1-5
09674,minimum_security_rate,4.5,2024,percent,AI-S-03
09674,natural_balance_per_10000,-39.2,2024,per_10000_people,AI002-1-5
09674,population_change_per_10000,23.4,2024,per_10000_people,AI002-1-5
09674,population_density,87.7,2024,people_per_km2,AI002-1-5
09674,services_employment_share,59.7,2024,percent,AI007-1
09674,unemployment_rate,3.3,2025,percent,AI008-1-5
09674,workplace_density,744.8,2024,employed_per_1000_working_age,AI007-1
09675,age_65_plus_share,22.3,2024,percent,AI002-2-5
09675,age_under_18_share,17.3,2024,percent,AI002-2-5
09675,disposable_income_per_capita,27326.0,2022,eur_per_person,AI016-1
09675,foreign_population_share,11.5,2024,percent,AI002-1-5
09675,gdp_per_capita,46456.0,2023,eur_per_person,AI017-1
09675,manufacturing_employment_share,21.9,2024,percent,AI007-1
09675,migration_balance_per_10000,42.9,2024,per_10000_people,AI002-1-5
09675,minimum_security_rate,3.8,2024,percent,AI-S-03
09675,natural_balance_per_10000,-28.8,2024,per_10000_people,AI002-1-5
09675,population_change_per_10000,9.9,2024,per_10000_people,AI002-1-5
09675,population_density,133.4,2024,people_per_km2,AI002-1-5
09675,services_employment_share,67.6,2024,percent,AI007-1
09675,unemployment_rate,3.0,2025,percent,AI008-1-5
09675,workplace_density,860.4,2024,employed_per_1000_working_age,AI007-1
09676,age_65_plus_share,23.3,2024,percent,AI002-2-5
09676,age_under_18_share,16.9,2024,percent,AI002-2-5
09676,disposable_income_per_capita,26628.0,2022,eur_per_person,AI016-1
09676,foreign_population_share,12.7,2024,percent,AI002-1-5
09676,gdp_per_capita,43354.0,2023,eur_per_person,AI017-1
09676,manufacturing_employment_share,30.1,2024,percent,AI007-1
09676,migration_balance_per_10000,64.8,2024,per_10000_people,AI002-1-5
09676,minimum_security_rate,5.7,2024,percent,AI-S-03
09676,natural_balance_per_10000,-38.2,2024,per_10000_people,AI002-1-5
09676,population_change_per_10000,26.9,2024,per_10000_people,AI002-1-5
09676,population_density,178.2,2024,people_per_km2,AI002-1-5
09676,services_employment_share,60.7,2024,percent,AI007-1
09676,unemployment_rate,4.6,2025,percent,AI008-1-5
09676,workplace_density,758.8,2024,employed_per_1000_working_age,AI007-1
09677,age_65_plus_share,25.3,2024,percent,AI002-2-5
09677,age_under_18_share,16.0,2024,percent,AI002-2-5
09677,disposable_income_per_capita,26878.0,2022,eur_per_person,AI016-1
09677,foreign_population_share,8.9,2024,percent,AI002-1-5
09677,gdp_per_capita,45284.0,2023,eur_per_person,AI017-1
09677,manufacturing_employment_share,36.8,2024,percent,AI007-1
09677,migration_balance_per_10000,9.4,2024,per_10000_people,AI002-1-5
09677,minimum_security_rate,3.7,2024,percent,AI-S-03
09677,natural_balance_per_10000,-49.6,2024,per_10000_people,AI002-1-5
09677,population_change_per_10000,-42.4,2024,per_10000_people,AI002-1-5
09677,population_density,94.8,2024,people_per_km2,AI002-1-5
09677,services_employment_share,54.1,2024,percent,AI007-1
09677,unemployment_rate,2.6,2025,percent,AI008-1-5
09677,workplace_density,828.0,2024,employed_per_1000_working_age,AI007-1
09678,age_65_plus_share,24.1,2024,percent,AI002-2-5
09678,age_under_18_share,17.2,2024,percent,AI002-2-5
09678,disposable_income_per_capita,26015.0,2022,eur_per_person,AI016-1
09678,foreign_population_share,7.6,2024,percent,AI002-1-5
09678,gdp_per_capita,27860.0,2023,eur_per_person,AI017-1
09678,manufacturing_employment_share,12.3,2024,percent,AI007-1
09678,migration_balance_per_10000,5.3,2024,per_10000_people,AI002-1-5
09678,minimum_security_rate,3.9,2024,percent,AI-S-03
09678,natural_balance_per_10000,-39.8,2024,per_10000_people,AI002-1-5
09678,population_change_per_10000,-37.4,2024,per_10000_people,AI002-1-5
09678,population_density,135.5,2024,people_per_km2,AI002-1-5
09678,services_employment_share,74.3,2024,percent,AI007-1
09678,unemployment_rate,2.8,2025,percent,AI008-1-5
09678,workplace_density,538.7,2024,employed_per_1000_working_age,AI007-1
09679,age_65_plus_share,23.8,2024,percent,AI002-2-5
09679,age_under_18_share,17.5,2024,percent,AI002-2-5
09679,disposable_income_per_capita,27186.0,2022,eur_per_person,AI016-1
09679,foreign_population_share,8.7,2024,percent,AI002-1-5
09679,gdp_per_capita,34204.0,2023,eur_per_person,AI017-1
09679,manufacturing_employment_share,15.3,2024,percent,AI007-1
09679,migration_balance_per_10000,49.1,2024,per_10000_people,AI002-1-5
09679,minimum_security_rate,3.5,2024,percent,AI-S-03
09679,natural_balance_per_10000,-11.5,2024,per_10000_people,AI002-1-5
09679,population_change_per_10000,82.8,2024,per_10000_people,AI002-1-5
09679,population_density,167.5,2024,people_per_km2,AI002-1-5
09679,services_employment_share,72.9,2024,percent,AI007-1
09679,unemployment_rate,2.9,2025,percent,AI008-1-5
09679,workplace_density,591.0,2024,employed_per_1000_working_age,AI007-1
09761,age_65_plus_share,19.6,2024,percent,AI002-2-5
09761,age_under_18_share,15.8,2024,percent,AI002-2-5
09761,disposable_income_per_capita,23063.0,2022,eur_per_person,AI016-1
09761,foreign_population_share,25.1,2024,percent,AI002-1-5
09761,gdp_per_capita,54973.0,2023,eur_per_person,AI017-1
09761,manufacturing_employment_share,13.6,2024,percent,AI007-1
09761,migration_balance_per_10000,83.9,2024,per_10000_people,AI002-1-5
09761,minimum_security_rate,8.4,2024,percent,AI-S-03
09761,natural_balance_per_10000,-12.8,2024,per_10000_people,AI002-1-5
09761,population_change_per_10000,71.1,2024,per_10000_people,AI002-1-5
09761,population_density,2050.4,2024,people_per_km2,AI002-1-5
09761,services_employment_share,81.0,2024,percent,AI007-1
09761,unemployment_rate,6.7,2025,percent,AI008-1-5
09761,workplace_density,991.3,2024,employed_per_1000_working_age,AI007-1
09762,age_65_plus_share,23.1,2024,percent,AI002-2-5
09762,age_under_18_share,17.4,2024,percent,AI002-2-5
09762,disposable_income_per_capita,25453.0,2022,eur_per_person,AI016-1
09762,foreign_population_share,19.3,2024,percent,AI002-1-5
09762,gdp_per_capita,44712.0,2023,eur_per_person,AI017-1
09762,manufacturing_employment_share,14.1,2024,percent,AI007-1
09762,migration_balance_per_10000,62.9,2024,per_10000_people,AI002-1-5
09762,minimum_security_rate,6.3,2024,percent,AI-S-03
09762,natural_balance_per_10000,-34.5,2024,per_10000_people,AI002-1-5
09762,population_change_per_10000,26.4,2024,per_10000_people,AI002-1-5
09762,population_density,1154.2,2024,people_per_km2,AI002-1-5
09762,services_employment_share,77.9,2024,percent,AI007-1
09762,unemployment_rate,4.7,2025,percent,AI008-1-5
09762,workplace_density,914.8,2024,employed_per_1000_working_age,AI007-1
09763,age_65_plus_share,22.4,2024,percent,AI002-2-5
09763,age_under_18_share,16.3,2024,percent,AI002-2-5
09763,disposable_income_per_capita,25462.0,2022,eur_per_person,AI016-1
09763,foreign_population_share,18.8,2024,percent,AI002-1-5
09763,gdp_per_capita,62561.0,2023,eur_per_person,AI017-1
09763,manufacturing_employment_share,12.0,2024,percent,AI007-1
09763,migration_balance_per_10000,17.2,2024,per_10000_people,AI002-1-5
09763,minimum_security_rate,5.6,2024,percent,AI-S-03
09763,natural_balance_per_10000,-30.5,2024,per_10000_people,AI002-1-5
09763,population_change_per_10000,256.3,2024,per_10000_people,AI002-1-5
09763,population_density,1069.0,2024,people_per_km2,AI002-1-5
09763,services_employment_share,82.6,2024,percent,AI007-1
09763,unemployment_rate,4.0,2025,percent,AI008-1-5
09763,workplace_density,1201.2,2024,employed_per_1000_working_age,AI007-1
09764,age_65_plus_share,22.4,2024,percent,AI002-2-5
09764,age_under_18_share,17.5,2024,percent,AI002-2-5
09764,disposable_income_per_capita,27944.0,2022,eur_per_person,AI016-1
09764,foreign_population_share,21.4,2024,percent,AI002-1-5
09764,gdp_per_capita,68465.0,2023,eur_per_person,AI017-1
09764,manufacturing_employment_share,28.5,2024,percent,AI007-1
09764,migration_balance_per_10000,52.8,2024,per_10000_people,AI002-1-5
09764,minimum_security_rate,5.6,2024,percent,AI-S-03
09764,natural_balance_per_10000,-20.6,2024,per_10000_people,AI002-1-5
09764,population_change_per_10000,32.6,2024,per_10000_people,AI002-1-5
09764,population_density,630.3,2024,people_per_km2,AI002-1-5
09764,services_employment_share,64.0,2024,percent,AI007-1
09764,unemployment_rate,3.8,2025,percent,AI008-1-5
09764,workplace_density,1386.3,2024,employed_per_1000_working_age,AI007-1
09771,age_65_plus_share,21.5,2024,percent,AI002-2-5
09771,age_under_18_share,18.5,2024,percent,AI002-2-5
09771,disposable_income_per_capita,30530.0,2022,eur_per_person,AI016-1
09771,foreign_population_share,10.4,2024,percent,AI002-1-5
09771,gdp_per_capita,34633.0,2023,eur_per_person,AI017-1
09771,manufacturing_employment_share,21.1,2024,percent,AI007-1
09771,migration_balance_per_10000,35.6,2024,per_10000_people,AI002-1-5
09771,minimum_security_rate,3.4,2024,percent,AI-S-03
09771,natural_balance_per_10000,-10.8,2024,per_10000_people,AI002-1-5
09771,population_change_per_10000,27.3,2024,per_10000_people,AI002-1-5
09771,population_density,175.3,2024,people_per_km2,AI002-1-5
09771,services_employment_share,65.3,2024,percent,AI007-1
09771,unemployment_rate,3.0,2025,percent,AI008-1-5
09771,workplace_density,653.8,2024,employed_per_1000_working_age,AI007-1
09772,age_65_plus_share,21.8,2024,percent,AI002-2-5
09772,age_under_18_share,18.4,2024,percent,AI002-2-5
09772,disposable_income_per_capita,28401.0,2022,eur_per_person,AI016-1
09772,foreign_population_share,11.8,2024,percent,AI002-1-5
09772,gdp_per_capita,36648.0,2023,eur_per_person,AI017-1
09772,manufacturing_employment_share,20.4,2024,percent,AI007-1
09772,migration_balance_per_10000,60.1,2024,per_10000_people,AI002-1-5
09772,minimum_security_rate,4.0,2024,percent,AI-S-03
09772,natural_balance_per_10000,-16.8,2024,per_10000_people,AI002-1-5
09772,population_change_per_10000,46.2,2024,per_10000_people,AI002-1-5
09772,population_density,245.4,2024,people_per_km2,AI002-1-5
09772,services_employment_share,69.0,2024,percent,AI007-1
09772,unemployment_rate,3.4,2025,percent,AI008-1-5
09772,workplace_density,700.8,2024,employed_per_1000_working_age,AI007-1
09773,age_65_plus_share,22.1,2024,percent,AI002-2-5
09773,age_under_18_share,17.9,2024,percent,AI002-2-5
09773,disposable_income_per_capita,27977.0,2022,eur_per_person,AI016-1
09773,foreign_population_share,11.9,2024,percent,AI002-1-5
09773,gdp_per_capita,42431.0,2023,eur_per_person,AI017-1
09773,manufacturing_employment_share,26.4,2024,percent,AI007-1
09773,migration_balance_per_10000,37.6,2024,per_10000_people,AI002-1-5
09773,minimum_security_rate,4.7,2024,percent,AI-S-03
09773,natural_balance_per_10000,-25.0,2024,per_10000_people,AI002-1-5
09773,population_change_per_10000,43.1,2024,per_10000_people,AI002-1-5
09773,population_density,124.8,2024,people_per_km2,AI002-1-5
09773,services_employment_share,61.5,2024,percent,AI007-1
09773,unemployment_rate,3.1,2025,percent,AI008-1-5
09773,workplace_density,751.9,2024,employed_per_1000_working_age,AI007-1
09774,age_65_plus_share,20.9,2024,percent,AI002-2-5
09774,age_under_18_share,17.8,2024,percent,AI002-2-5
09774,disposable_income_per_capita,28805.0,2022,eur_per_person,AI016-1
09774,foreign_population_share,15.7,2024,percent,AI002-1-5
09774,gdp_per_capita,50535.0,2023,eur_per_person,AI017-1
09774,manufacturing_employment_share,24.0,2024,percent,AI007-1
09774,migration_balance_per_10000,17.7,2024,per_10000_people,AI002-1-5
09774,minimum_security_rate,4.1,2024,percent,AI-S-03
09774,natural_balance_per_10000,-16.3,2024,per_10000_people,AI002-1-5
09774,population_change_per_10000,11.6,2024,per_10000_people,AI002-1-5
09774,population_density,170.3,2024,people_per_km2,AI002-1-5
09774,services_employment_share,63.9,2024,percent,AI007-1
09774,unemployment_rate,2.7,2025,percent,AI008-1-5
09774,workplace_density,881.4,2024,employed_per_1000_working_age,AI007-1
09775,age_65_plus_share,21.1,2024,percent,AI002-2-5
09775,age_under_18_share,17.6,2024,percent,AI002-2-5
09775,disposable_income_per_capita,27397.0,2022,eur_per_person,AI016-1
09775,foreign_population_share,17.0,2024,percent,AI002-1-5
09775,gdp_per_capita,42352.0,2023,eur_per_person,AI017-1
09775,manufacturing_employment_share,26.2,2024,percent,AI007-1
09775,migration_balance_per_10000,73.4,2024,per_10000_people,AI002-1-5
09775,minimum_security_rate,4.4,2024,percent,AI-S-03
09775,natural_balance_per_10000,-14.3,2024,per_10000_people,AI002-1-5
09775,population_change_per_10000,56.5,2024,per_10000_people,AI002-1-5
09775,population_density,355.9,2024,people_per_km2,AI002-1-5
09775,services_employment_share,66.7,2024,percent,AI007-1
09775,unemployment_rate,3.2,2025,percent,AI008-1-5
09775,workplace_density,745.2,2024,employed_per_1000_working_age,AI007-1
09776,age_65_plus_share,23.6,2024,percent,AI002-2-5
09776,age_under_18_share,16.9,2024,percent,AI002-2-5
09776,disposable_income_per_capita,28520.0,2022,eur_per_person,AI016-1
09776,foreign_population_share,15.1,2024,percent,AI002-1-5
09776,gdp_per_capita,45740.0,2023,eur_per_person,AI017-1
09776,manufacturing_employment_share,31.2,2024,percent,AI007-1
09776,migration_balance_per_10000,59.0,2024,per_10000_people,AI002-1-5
09776,minimum_security_rate,4.4,2024,percent,AI-S-03
09776,natural_balance_per_10000,-41.2,2024,per_10000_people,AI002-1-5
09776,population_change_per_10000,22.7,2024,per_10000_people,AI002-1-5
09776,population_density,254.8,2024,people_per_km2,AI002-1-5
09776,services_employment_share,59.1,2024,percent,AI007-1
09776,unemployment_rate,3.1,2025,percent,AI008-1-5
09776,workplace_density,879.7,2024,employed_per_1000_working_age,AI007-1
09777,age_65_plus_share,22.6,2024,percent,AI002-2-5
09777,age_under_18_share,18.0,2024,percent,AI002-2-5
09777,disposable_income_per_capita,27766.0,2022,eur_per_person,AI016-1
09777,foreign_population_share,10.3,2024,percent,AI002-1-5
09777,gdp_per_capita,45275.0,2023,eur_per_person,AI017-1
09777,manufacturing_employment_share,29.9,2024,percent,AI007-1
09777,migration_balance_per_10000,62.2,2024,per_10000_people,AI002-1-5
09777,minimum_security_rate,3.4,2024,percent,AI-S-03
09777,natural_balance_per_10000,-10.9,2024,per_10000_people,AI002-1-5
09777,population_change_per_10000,64.3,2024,per_10000_people,AI002-1-5
09777,population_density,101.9,2024,people_per_km2,AI002-1-5
09777,services_employment_share,56.4,2024,percent,AI007-1
09777,unemployment_rate,2.8,2025,percent,AI008-1-5
09777,workplace_density,840.4,2024,employed_per_1000_working_age,AI007-1
09778,age_65_plus_share,22.0,2024,percent,AI002-2-5
09778,age_under_18_share,18.1,2024,percent,AI002-2-5
09778,disposable_income_per_capita,28780.0,2022,eur_per_person,AI016-1
09778,foreign_population_share,11.5,2024,percent,AI002-1-5
09778,gdp_per_capita,47850.0,2023,eur_per_person,AI017-1
09778,manufacturing_employment_share,33.6,2024,percent,AI007-1
09778,migration_balance_per_10000,46.8,2024,per_10000_people,AI002-1-5
09778,minimum_security_rate,3.2,2024,percent,AI-S-03
09778,natural_balance_per_10000,-19.6,2024,per_10000_people,AI002-1-5
09778,population_change_per_10000,133.8,2024,per_10000_people,AI002-1-5
09778,population_density,119.8,2024,people_per_km2,AI002-1-5
09778,services_employment_share,51.4,2024,percent,AI007-1
09778,unemployment_rate,2.4,2025,percent,AI008-1-5
09778,workplace_density,832.8,2024,employed_per_1000_working_age,AI007-1
09779,age_65_plus_share,21.7,2024,percent,AI002-2-5
09779,age_under_18_share,17.6,2024,percent,AI002-2-5
09779,disposable_income_per_capita,30075.0,2022,eur_per_person,AI016-1
09779,foreign_population_share,11.9,2024,percent,AI002-1-5
09779,gdp_per_capita,57186.0,2023,eur_per_person,AI017-1
09779,manufacturing_employment_share,33.3,2024,percent,AI007-1
09779,migration_balance_per_10000,48.9,2024,per_10000_people,AI002-1-5
09779,minimum_security_rate,3.7,2024,percent,AI-S-03
09779,natural_balance_per_10000,-26.9,2024,per_10000_people,AI002-1-5
09779,population_change_per_10000,31.2,2024,per_10000_people,AI002-1-5
09779,population_density,106.0,2024,people_per_km2,AI002-1-5
09779,services_employment_share,56.8,2024,percent,AI007-1
09779,unemployment_rate,2.4,2025,percent,AI008-1-5
09779,workplace_density,985.4,2024,employed_per_1000_working_age,AI007-1
09780,age_65_plus_share,24.1,2024,percent,AI002-2-5
09780,age_under_18_share,17.2,2024,percent,AI002-2-5
09780,disposable_income_per_capita,28593.0,2022,eur_per_person,AI016-1
09780,foreign_population_share,10.0,2024,percent,AI002-1-5
09780,gdp_per_capita,40568.0,2023,eur_per_person,AI017-1
09780,manufacturing_employment_share,21.8,2024,percent,AI007-1
09780,migration_balance_per_10000,55.4,2024,per_10000_people,AI002-1-5
09780,minimum_security_rate,3.3,2024,percent,AI-S-03
09780,natural_balance_per_10000,-22.3,2024,per_10000_people,AI002-1-5
09780,population_change_per_10000,130.8,2024,per_10000_people,AI002-1-5
09780,population_density,101.7,2024,people_per_km2,AI002-1-5
09780,services_employment_share,66.1,2024,percent,AI007-1
09780,unemployment_rate,2.8,2025,percent,AI008-1-5
09780,workplace_density,842.0,2024,employed_per_1000_working_age,AI007-1
10041,age_65_plus_share,24.0,2024,percent,AI002-2-5
10041,age_under_18_share,15.7,2024,percent,AI002-2-5
10041,disposable_income_per_capita,22598.0,2022,eur_per_person,AI016-1
10041,foreign_population_share,20.0,2024,percent,AI002-1-5
10041,gdp_per_capita,51326.0,2023,eur_per_person,AI017-1
10041,manufacturing_employment_share,13.1,2024,percent,AI007-1
10041,migration_balance_per_10000,83.4,2024,per_10000_people,AI002-1-5
10041,minimum_security_rate,15.0,2024,percent,AI-S-03
10041,natural_balance_per_10000,-60.9,2024,per_10000_people,AI002-1-5
10041,population_change_per_10000,22.0,2024,per_10000_people,AI002-1-5
10041,population_density,810.7,2024,people_per_km2,AI002-1-5
10041,services_employment_share,81.0,2024,percent,AI007-1
10041,unemployment_rate,10.1,2025,percent,AI008-1-5
10041,workplace_density,997.6,2024,employed_per_1000_working_age,AI007-1
10042,age_65_plus_share,24.8,2024,percent,AI002-2-5
10042,age_under_18_share,15.4,2024,percent,AI002-2-5
10042,disposable_income_per_capita,21819.0,2022,eur_per_person,AI016-1
10042,foreign_population_share,15.1,2024,percent,AI002-1-5
10042,gdp_per_capita,32655.0,2023,eur_per_person,AI017-1
10042,manufacturing_employment_share,15.1,2024,percent,AI007-1
10042,migration_balance_per_10000,18.7,2024,per_10000_people,AI002-1-5
10042,minimum_security_rate,6.2,2024,percent,AI-S-03
10042,natural_balance_per_10000,-69.1,2024,per_10000_people,AI002-1-5
10042,population_change_per_10000,-51.1,2024,per_10000_people,AI002-1-5
10042,population_density,195.3,2024,people_per_km2,AI002-1-5
10042,services_employment_share,74.7,2024,percent,AI007-1
10042,unemployment_rate,4.6,2025,percent,AI008-1-5
10042,workplace_density,629.0,2024,employed_per_1000_working_age,AI007-1
10043,age_65_plus_share,25.7,2024,percent,AI002-2-5
10043,age_under_18_share,15.6,2024,percent,AI002-2-5
10043,disposable_income_per_capita,23426.0,2022,eur_per_person,AI016-1
10043,foreign_population_share,13.4,2024,percent,AI002-1-5
10043,gdp_per_capita,29920.0,2023,eur_per_person,AI017-1
10043,manufacturing_employment_share,14.9,2024,percent,AI007-1
10043,migration_balance_per_10000,42.3,2024,per_10000_people,AI002-1-5
10043,minimum_security_rate,11.7,2024,percent,AI-S-03
10043,natural_balance_per_10000,-79.5,2024,per_10000_people,AI002-1-5
10043,population_change_per_10000,-36.6,2024,per_10000_people,AI002-1-5
10043,population_density,533.1,2024,people_per_km2,AI002-1-5
10043,services_employment_share,75.0,2024,percent,AI007-1
10043,unemployment_rate,8.2,2025,percent,AI008-1-5
10043,workplace_density,666.2,2024,employed_per_1000_working_age,AI007-1
10044,age_65_plus_share,25.9,2024,percent,AI002-2-5
10044,age_under_18_share,15.5,2024,percent,AI002-2-5
10044,disposable_income_per_capita,24451.0,2022,eur_per_person,AI016-1
10044,foreign_population_share,13.1,2024,percent,AI002-1-5
10044,gdp_per_capita,39708.0,2023,eur_per_person,AI017-1
10044,manufacturing_employment_share,22.9,2024,percent,AI007-1
10044,migration_balance_per_10000,18.7,2024,per_10000_people,AI002-1-5
10044,minimum_security_rate,8.3,2024,percent,AI-S-03
10044,natural_balance_per_10000,-64.4,2024,per_10000_people,AI002-1-5
10044,population_change_per_10000,-46.9,2024,per_10000_people,AI002-1-5
10044,population_density,446.6,2024,people_per_km2,AI002-1-5
10044,services_employment_share,70.0,2024,percent,AI007-1
10044,unemployment_rate,6.6,2025,percent,AI008-1-5
10044,workplace_density,734.0,2024,employed_per_1000_working_age,AI007-1
10045,age_65_plus_share,26.9,2024,percent,AI002-2-5
10045,age_under_18_share,15.0,2024,percent,AI002-2-5
10045,disposable_income_per_capita,26452.0,2022,eur_per_person,AI016-1
10045,foreign_population_share,12.3,2024,percent,AI002-1-5
10045,gdp_per_capita,47544.0,2023,eur_per_person,AI017-1
10045,manufacturing_employment_share,24.6,2024,percent,AI007-1
10045,migration_balance_per_10000,49.3,2024,per_10000_people,AI002-1-5
10045,minimum_security_rate,7.2,2024,percent,AI-S-03
10045,natural_balance_per_10000,-74.7,2024,per_10000_people,AI002-1-5
10045,population_change_per_10000,-26.8,2024,per_10000_people,AI002-1-5
10045,population_density,344.5,2024,people_per_km2,AI002-1-5
10045,services_employment_share,68.2,2024,percent,AI007-1
10045,unemployment_rate,5.4,2025,percent,AI008-1-5
10045,workplace_density,966.2,2024,employed_per_1000_working_age,AI007-1
10046,age_65_plus_share,27.3,2024,percent,AI002-2-5
10046,age_under_18_share,14.8,2024,percent,AI002-2-5
10046,disposable_income_per_capita,26230.0,2022,eur_per_person,AI016-1
10046,foreign_population_share,8.3,2024,percent,AI002-1-5
10046,gdp_per_capita,36074.0,2023,eur_per_person,AI017-1
10046,manufacturing_employment_share,21.4,2024,percent,AI007-1
10046,migration_balance_per_10000,53.0,2024,per_10000_people,AI002-1-5
10046,minimum_security_rate,6.5,2024,percent,AI-S-03
10046,natural_balance_per_10000,-80.6,2024,per_10000_people,AI002-1-5
10046,population_change_per_10000,-27.6,2024,per_10000_people,AI002-1-5
10046,population_density,184.3,2024,people_per_km2,AI002-1-5
10046,services_employment_share,71.0,2024,percent,AI007-1
10046,unemployment_rate,4.2,2025,percent,AI008-1-5
10046,workplace_density,713.5,2024,employed_per_1000_working_age,AI007-1
11000,age_65_plus_share,19.2,2024,percent,AI002-2-5
11000,age_under_18_share,16.5,2024,percent,AI002-2-5
11000,disposable_income_per_capita,23952.0,2022,eur_per_person,AI016-1
11000,foreign_population_share,22.5,2024,percent,AI002-1-5
11000,gdp_per_capita,52518.0,2023,eur_per_person,AI017-1
11000,manufacturing_employment_share,5.1,2024,percent,AI007-1
11000,migration_balance_per_10000,73.8,2024,per_10000_people,AI002-1-5
11000,minimum_security_rate,15.9,2024,percent,AI-S-03
11000,natural_balance_per_10000,-10.7,2024,per_10000_people,AI002-1-5
11000,population_change_per_10000,62.3,2024,per_10000_people,AI002-1-5
11000,population_density,4135.5,2024,people_per_km2,AI002-1-5
11000,services_employment_share,89.3,2024,percent,AI007-1
11000,unemployment_rate,10.3,2025,percent,AI008-1-5
11000,workplace_density,890.9,2024,employed_per_1000_working_age,AI007-1
12051,age_65_plus_share,28.3,2024,percent,AI002-2-5
12051,age_under_18_share,15.0,2024,percent,AI002-2-5
12051,disposable_income_per_capita,21255.0,2022,eur_per_person,AI016-1
12051,foreign_population_share,8.8,2024,percent,AI002-1-5
12051,gdp_per_capita,40171.0,2023,eur_per_person,AI017-1
12051,manufacturing_employment_share,13.7,2024,percent,AI007-1
12051,migration_balance_per_10000,117.3,2024,per_10000_people,AI002-1-5
12051,minimum_security_rate,12.0,2024,percent,AI-S-03
12051,natural_balance_per_10000,-95.2,2024,per_10000_people,AI002-1-5
12051,population_change_per_10000,23.5,2024,per_10000_people,AI002-1-5
12051,population_density,322.6,2024,people_per_km2,AI002-1-5
12051,services_employment_share,79.3,2024,percent,AI007-1
12051,unemployment_rate,9.1,2025,percent,AI008-1-5
12051,workplace_density,898.7,2024,employed_per_1000_working_age,AI007-1
12052,age_65_plus_share,27.5,2024,percent,AI002-2-5
12052,age_under_18_share,15.2,2024,percent,AI002-2-5
12052,disposable_income_per_capita,22440.0,2022,eur_per_person,AI016-1
12052,foreign_population_share,12.6,2024,percent,AI002-1-5
12052,gdp_per_capita,44435.0,2023,eur_per_person,AI017-1
12052,manufacturing_employment_share,4.2,2024,percent,AI007-1
12052,migration_balance_per_10000,124.8,2024,per_10000_people,AI002-1-5
12052,minimum_security_rate,11.9,2024,percent,AI-S-03
12052,natural_balance_per_10000,-86.7,2024,per_10000_people,AI002-1-5
12052,population_change_per_10000,36.3,2024,per_10000_people,AI002-1-5
12052,population_density,574.4,2024,people_per_km2,AI002-1-5
12052,services_employment_share,88.2,2024,percent,AI007-1
12052,unemployment_rate,8.3,2025,percent,AI008-1-5
12052,workplace_density,1088.3,2024,employed_per_1000_working_age,AI007-1
12053,age_65_plus_share,28.4,2024,percent,AI002-2-5
12053,age_under_18_share,14.3,2024,percent,AI002-2-5
12053,disposable_income_per_capita,20985.0,2022,eur_per_person,AI016-1
12053,foreign_population_share,16.7,2024,percent,AI002-1-5
12053,gdp_per_capita,45223.0,2023,eur_per_person,AI017-1
12053,manufacturing_employment_share,2.5,2024,percent,AI007-1
12053,migration_balance_per_10000,106.9,2024,per_10000_people,AI002-1-5
12053,minimum_security_rate,13.0,2024,percent,AI-S-03
12053,natural_balance_per_10000,-99.3,2024,per_10000_people,AI002-1-5
12053,population_change_per_10000,7.4,2024,per_10000_people,AI002-1-5
12053,population_density,386.2,2024,people_per_km2,AI002-1-5
12053,services_employment_share,89.4,2024,percent,AI007-1
12053,unemployment_rate,9.4,2025,percent,AI008-1-5
12053,workplace_density,1088.4,2024,employed_per_1000_working_age,AI007-1
12054,age_65_plus_share,20.6,2024,percent,AI002-2-5
12054,age_under_18_share,17.4,2024,percent,AI002-2-5
12054,disposable_income_per_capita,24002.0,2022,eur_per_person,AI016-1
12054,foreign_population_share,12.2,2024,percent,AI002-1-5
12054,gdp_per_capita,51041.0,2023,eur_per_person,AI017-1
12054,manufacturing_employment_share,1.7,2024,percent,AI007-1
12054,migration_balance_per_10000,49.0,2024,per_10000_people,AI002-1-5
12054,minimum_security_rate,7.9,2024,percent,AI-S-03
12054,natural_balance_per_10000,-23.4,2024,per_10000_people,AI002-1-5
12054,population_change_per_10000,25.1,2024,per_10000_people,AI002-1-5
12054,population_density,981.5,2024,people_per_km2,AI002-1-5
12054,services_employment_share,93.8,2024,percent,AI007-1
12054,unemployment_rate,6.1,2025,percent,AI008-1-5
12054,workplace_density,994.7,2024,employed_per_1000_working_age,AI007-1
12060,age_65_plus_share,25.8,2024,percent,AI002-2-5
12060,age_under_18_share,16.6,2024,percent,AI002-2-5
12060,disposable_income_per_capita,24448.0,2022,eur_per_person,AI016-1
12060,foreign_population_share,6.2,2024,percent,AI002-1-5
12060,gdp_per_capita,27401.0,2023,eur_per_person,AI017-1
12060,manufacturing_employment_share,7.9,2024,percent,AI007-1
12060,migration_balance_per_10000,143.9,2024,per_10000_people,AI002-1-5
12060,minimum_security_rate,6.3,2024,percent,AI-S-03
12060,natural_balance_per_10000,-69.1,2024,per_10000_people,AI002-1-5
12060,population_change_per_10000,72.0,2024,per_10000_people,AI002-1-5
12060,population_density,131.2,2024,people_per_km2,AI002-1-5
12060,services_employment_share,79.1,2024,percent,AI007-1
12060,unemployment_rate,5.6,2025,percent,AI008-1-5
12060,workplace_density,613.9,2024,employed_per_1000_working_age,AI007-1
12061,age_65_plus_share,25.2,2024,percent,AI002-2-5
12061,age_under_18_share,16.8,2024,percent,AI002-2-5
12061,disposable_income_per_capita,24694.0,2022,eur_per_person,AI016-1
12061,foreign_population_share,7.2,2024,percent,AI002-1-5
12061,gdp_per_capita,47373.0,2023,eur_per_person,AI017-1
12061,manufacturing_employment_share,9.9,2024,percent,AI007-1
12061,migration_balance_per_10000,123.4,2024,per_10000_people,AI002-1-5
12061,minimum_security_rate,5.3,2024,percent,AI-S-03
12061,natural_balance_per_10000,-59.0,2024,per_10000_people,AI002-1-5
12061,population_change_per_10000,63.5,2024,per_10000_people,AI002-1-5
12061,population_density,78.6,2024,people_per_km2,AI002-1-5
12061,services_employment_share,78.1,2024,percent,AI007-1
12061,unemployment_rate,4.0,2025,percent,AI008-1-5
12061,workplace_density,777.7,2024,employed_per_1000_working_age,AI007-1
12062,age_65_plus_share,30.9,2024,percent,AI002-2-5
12062,age_under_18_share,14.7,2024,percent,AI002-2-5
12062,disposable_income_per_capita,22675.0,2022,eur_per_person,AI016-1
12062,foreign_population_share,4.3,2024,percent,AI002-1-5
12062,gdp_per_capita,32792.0,2023,eur_per_person,AI017-1
12062,manufacturing_employment_share,18.5,2024,percent,AI007-1
12062,migration_balance_per_10000,46.5,2024,per_10000_people,AI002-1-5
12062,minimum_security_rate,8.0,2024,percent,AI-S-03
12062,natural_balance_per_10000,-127.2,2024,per_10000_people,AI002-1-5
12062,population_change_per_10000,-79.6,2024,per_10000_people,AI002-1-5
12062,population_density,51.6,2024,people_per_km2,AI002-1-5
12062,services_employment_share,66.2,2024,percent,AI007-1
12062,unemployment_rate,6.5,2025,percent,AI008-1-5
12062,workplace_density,765.2,2024,employed_per_1000_working_age,AI007-1
12063,age_65_plus_share,23.9,2024,percent,AI002-2-5
12063,age_under_18_share,17.0,2024,percent,AI002-2-5
12063,disposable_income_per_capita,24150.0,2022,eur_per_person,AI016-1
12063,foreign_population_share,7.2,2024,percent,AI002-1-5
12063,gdp_per_capita,25724.0,2023,eur_per_person,AI017-1
12063,manufacturing_employment_share,13.9,2024,percent,AI007-1
12063,migration_balance_per_10000,127.9,2024,per_10000_people,AI002-1-5
12063,minimum_security_rate,6.9,2024,percent,AI-S-03
12063,natural_balance_per_10000,-62.8,2024,per_10000_people,AI002-1-5
12063,population_change_per_10000,65.4,2024,per_10000_people,AI002-1-5
12063,population_density,98.9,2024,people_per_km2,AI002-1-5
12063,services_employment_share,73.9,2024,percent,AI007-1
12063,unemployment_rate,6.7,2025,percent,AI008-1-5
12063,workplace_density,541.3,2024,employed_per_1000_working_age,AI007-1
12064,age_65_plus_share,26.4,2024,percent,AI002-2-5
12064,age_under_18_share,16.6,2024,percent,AI002-2-5
12064,disposable_income_per_capita,24454.0,2022,eur_per_person,AI016-1
12064,foreign_population_share,5.0,2024,percent,AI002-1-5
12064,gdp_per_capita,27412.0,2023,eur_per_person,AI017-1
12064,manufacturing_employment_share,7.6,2024,percent,AI007-1
12064,migration_balance_per_10000,86.9,2024,per_10000_people,AI002-1-5
12064,minimum_security_rate,6.4,2024,percent,AI-S-03
12064,natural_balance_per_10000,-83.2,2024,per_10000_people,AI002-1-5
12064,population_change_per_10000,1.6,2024,per_10000_people,AI002-1-5
12064,population_density,91.6,2024,people_per_km2,AI002-1-5
12064,services_employment_share,76.0,2024,percent,AI007-1
12064,unemployment_rate,5.9,2025,percent,AI008-1-5
12064,workplace_density,603.9,2024,employed_per_1000_working_age,AI007-1
12065,age_65_plus_share,24.9,2024,percent,AI002-2-5
12065,age_under_18_share,16.4,2024,percent,AI002-2-5
12065,disposable_income_per_capita,25081.0,2022,eur_per_person,AI016-1
12065,foreign_population_share,5.7,2024,percent,AI002-1-5
12065,gdp_per_capita,30996.0,2023,eur_per_person,AI017-1
12065,manufacturing_employment_share,14.4,2024,percent,AI007-1
12065,migration_balance_per_10000,85.5,2024,per_10000_people,AI002-1-5
12065,minimum_security_rate,5.8,2024,percent,AI-S-03
12065,natural_balance_per_10000,-65.8,2024,per_10000_people,AI002-1-5
12065,population_change_per_10000,18.4,2024,per_10000_people,AI002-1-5
12065,population_density,120.4,2024,people_per_km2,AI002-1-5
12065,services_employment_share,72.9,2024,percent,AI007-1
12065,unemployment_rate,5.3,2025,percent,AI008-1-5
12065,workplace_density,593.7,2024,employed_per_1000_working_age,AI007-1
12066,age_65_plus_share,30.7,2024,percent,AI002-2-5
12066,age_under_18_share,14.7,2024,percent,AI002-2-5
12066,disposable_income_per_capita,23270.0,2022,eur_per_person,AI016-1
12066,foreign_population_share,5.6,2024,percent,AI002-1-5
12066,gdp_per_capita,35897.0,2023,eur_per_person,AI017-1
12066,manufacturing_employment_share,16.3,2024,percent,AI007-1
12066,migration_balance_per_10000,52.4,2024,per_10000_people,AI002-1-5
12066,minimum_security_rate,8.2,2024,percent,AI-S-03
12066,natural_balance_per_10000,-110.6,2024,per_10000_people,AI002-1-5
12066,population_change_per_10000,-59.3,2024,per_10000_people,AI002-1-5
12066,population_density,88.1,2024,people_per_km2,AI002-1-5
12066,services_employment_share,68.5,2024,percent,AI007-1
12066,unemployment_rate,7.2,2025,percent,AI008-1-5
12066,workplace_density,769.9,2024,employed_per_1000_working_age,AI007-1
12067,age_65_plus_share,28.5,2024,percent,AI002-2-5
12067,age_under_18_share,15.6,2024,percent,AI002-2-5
12067,disposable_income_per_capita,24077.0,2022,eur_per_person,AI016-1
12067,foreign_population_share,7.3,2024,percent,AI002-1-5
12067,gdp_per_capita,41044.0,2023,eur_per_person,AI017-1
12067,manufacturing_employment_share,23.2,2024,percent,AI007-1
12067,migration_balance_per_10000,60.3,2024,per_10000_people,AI002-1-5
12067,minimum_security_rate,7.9,2024,percent,AI-S-03
12067,natural_balance_per_10000,-96.0,2024,per_10000_people,AI002-1-5
12067,population_change_per_10000,-37.9,2024,per_10000_people,AI002-1-5
12067,population_density,79.7,2024,people_per_km2,AI002-1-5
12067,services_employment_share,64.1,2024,percent,AI007-1
12067,unemployment_rate,6.6,2025,percent,AI008-1-5
12067,workplace_density,809.3,2024,employed_per_1000_working_age,AI007-1
12068,age_65_plus_share,28.8,2024,percent,AI002-2-5
12068,age_under_18_share,15.0,2024,percent,AI002-2-5
12068,disposable_income_per_capita,22876.0,2022,eur_per_person,AI016-1
12068,foreign_population_share,5.6,2024,percent,AI002-1-5
12068,gdp_per_capita,33346.0,2023,eur_per_person,AI017-1
12068,manufacturing_employment_share,13.1,2024,percent,AI007-1
12068,migration_balance_per_10000,74.6,2024,per_10000_people,AI002-1-5
12068,minimum_security_rate,8.1,2024,percent,AI-S-03
12068,natural_balance_per_10000,-96.6,2024,per_10000_people,AI002-1-5
12068,population_change_per_10000,-22.2,2024,per_10000_people,AI002-1-5
12068,population_density,39.2,2024,people_per_km2,AI002-1-5
12068,services_employment_share,72.5,2024,percent,AI007-1
12068,unemployment_rate,7.0,2025,percent,AI008-1-5
12068,workplace_density,777.9,2024,employed_per_1000_working_age,AI007-1
12069,age_65_plus_share,25.1,2024,percent,AI002-2-5
12069,age_under_18_share,17.0,2024,percent,AI002-2-5
12069,disposable_income_per_capita,26790.0,2022,eur_per_person,AI016-1
12069,foreign_population_share,6.1,2024,percent,AI002-1-5
12069,gdp_per_capita,32513.0,2023,eur_per_person,AI017-1
12069,manufacturing_employment_share,8.5,2024,percent,AI007-1
12069,migration_balance_per_10000,112.0,2024,per_10000_people,AI002-1-5
12069,minimum_security_rate,4.3,2024,percent,AI-S-03
12069,natural_balance_per_10000,-61.2,2024,per_10000_people,AI002-1-5
12069,population_change_per_10000,50.3,2024,per_10000_people,AI002-1-5
12069,population_density,85.4,2024,people_per_km2,AI002-1-5
12069,services_employment_share,77.1,2024,percent,AI007-1
12069,unemployment_rate,4.8,2025,percent,AI008-1-5
12069,workplace_density,663.0,2024,employed_per_1000_working_age,AI007-1
12070,age_65_plus_share,30.2,2024,percent,AI002-2-5
12070,age_under_18_share,14.4,2024,percent,AI002-2-5
12070,disposable_income_per_capita,23183.0,2022,eur_per_person,AI016-1
12070,foreign_population_share,6.5,2024,percent,AI002-1-5
12070,gdp_per_capita,36655.0,2023,eur_per_person,AI017-1
12070,manufacturing_employment_share,17.9,2024,percent,AI007-1
12070,migration_balance_per_10000,38.9,2024,per_10000_people,AI002-1-5
12070,minimum_security_rate,9.6,2024,percent,AI-S-03
12070,natural_balance_per_10000,-111.4,2024,per_10000_people,AI002-1-5
12070,population_change_per_10000,-72.9,2024,per_10000_people,AI002-1-5
12070,population_density,35.3,2024,people_per_km2,AI002-1-5
12070,services_employment_share,67.3,2024,percent,AI007-1
12070,unemployment_rate,8.4,2025,percent,AI008-1-5
12070,workplace_density,770.7,2024,employed_per_1000_working_age,AI007-1
12071,age_65_plus_share,31.4,2024,percent,AI002-2-5
12071,age_under_18_share,14.7,2024,percent,AI002-2-5
12071,disposable_income_per_capita,24249.0,2022,eur_per_person,AI016-1
12071,foreign_population_share,4.8,2024,percent,AI002-1-5
12071,gdp_per_capita,54459.0,2023,eur_per_person,AI017-1
12071,manufacturing_employment_share,16.0,2024,percent,AI007-1
12071,migration_balance_per_10000,30.6,2024,per_10000_people,AI002-1-5
12071,minimum_security_rate,7.0,2024,percent,AI-S-03
12071,natural_balance_per_10000,-116.4,2024,per_10000_people,AI002-1-5
12071,population_change_per_10000,-85.8,2024,per_10000_people,AI002-1-5
12071,population_density,66.2,2024,people_per_km2,AI002-1-5
12071,services_employment_share,60.5,2024,percent,AI007-1
12071,unemployment_rate,6.3,2025,percent,AI008-1-5
12071,workplace_density,699.6,2024,employed_per_1000_working_age,AI007-1
12072,age_65_plus_share,23.5,2024,percent,AI002-2-5
12072,age_under_18_share,17.1,2024,percent,AI002-2-5
12072,disposable_income_per_capita,24082.0,2022,eur_per_person,AI016-1
12072,foreign_population_share,7.9,2024,percent,AI002-1-5
12072,gdp_per_capita,43116.0,2023,eur_per_person,AI017-1
12072,manufacturing_employment_share,18.2,2024,percent,AI007-1
12072,migration_balance_per_10000,75.1,2024,per_10000_people,AI002-1-5
12072,minimum_security_rate,6.4,2024,percent,AI-S-03
12072,natural_balance_per_10000,-58.9,2024,per_10000_people,AI002-1-5
12072,population_change_per_10000,15.1,2024,per_10000_people,AI002-1-5
12072,population_density,84.4,2024,people_per_km2,AI002-1-5
12072,services_employment_share,69.5,2024,percent,AI007-1
12072,unemployment_rate,5.3,2025,percent,AI008-1-5
12072,workplace_density,760.7,2024,employed_per_1000_working_age,AI007-1
12073,age_65_plus_share,30.8,2024,percent,AI002-2-5
12073,age_under_18_share,14.6,2024,percent,AI002-2-5
12073,disposable_income_per_capita,22385.0,2022,eur_per_person,AI016-1
12073,foreign_population_share,6.3,2024,percent,AI002-1-5
12073,gdp_per_capita,39393.0,2023,eur_per_person,AI017-1
12073,manufacturing_employment_share,12.2,2024,percent,AI007-1
12073,migration_balance_per_10000,87.8,2024,per_10000_people,AI002-1-5
12073,minimum_security_rate,11.9,2024,percent,AI-S-03
12073,natural_balance_per_10000,-117.6,2024,per_10000_people,AI002-1-5
12073,population_change_per_10000,-31.0,2024,per_10000_people,AI002-1-5
12073,population_density,38.2,2024,people_per_km2,AI002-1-5
12073,services_employment_share,71.7,2024,percent,AI007-1
12073,unemployment_rate,11.5,2025,percent,AI008-1-5
12073,workplace_density,755.2,2024,employed_per_1000_working_age,AI007-1
13003,age_65_plus_share,25.7,2024,percent,AI002-2-5
13003,age_under_18_share,13.9,2024,percent,AI002-2-5
13003,disposable_income_per_capita,22025.0,2022,eur_per_person,AI016-1
13003,foreign_population_share,8.4,2024,percent,AI002-1-5
13003,gdp_per_capita,49315.0,2023,eur_per_person,AI017-1
13003,manufacturing_employment_share,8.1,2024,percent,AI007-1
13003,migration_balance_per_10000,89.8,2024,per_10000_people,AI002-1-5
13003,minimum_security_rate,10.0,2024,percent,AI-S-03
13003,natural_balance_per_10000,-71.0,2024,per_10000_people,AI002-1-5
13003,population_change_per_10000,17.5,2024,per_10000_people,AI002-1-5
13003,population_density,1131.9,2024,people_per_km2,AI002-1-5
13003,services_employment_share,87.1,2024,percent,AI007-1
13003,unemployment_rate,7.7,2025,percent,AI008-1-5
13003,workplace_density,957.8,2024,employed_per_1000_working_age,AI007-1
13004,age_65_plus_share,27.5,2024,percent,AI002-2-5
13004,age_under_18_share,15.4,2024,percent,AI002-2-5
13004,disposable_income_per_capita,22481.0,2022,eur_per_person,AI016-1
13004,foreign_population_share,10.6,2024,percent,AI002-1-5
13004,gdp_per_capita,50196.0,2023,eur_per_person,AI017-1
13004,manufacturing_employment_share,6.9,2024,percent,AI007-1
13004,migration_balance_per_10000,144.7,2024,per_10000_people,AI002-1-5
13004,minimum_security_rate,13.8,2024,percent,AI-S-03
13004,natural_balance_per_10000,-93.1,2024,per_10000_people,AI002-1-5
13004,population_change_per_10000,46.7,2024,per_10000_people,AI002-1-5
13004,population_density,753.2,2024,people_per_km2,AI002-1-5
13004,services_employment_share,86.3,2024,percent,AI007-1
13004,unemployment_rate,10.6,2025,percent,AI008-1-5
13004,workplace_density,1133.9,2024,employed_per_1000_working_age,AI007-1
13071,age_65_plus_share,29.9,2024,percent,AI002-2-5
13071,age_under_18_share,15.2,2024,percent,AI002-2-5
13071,disposable_income_per_capita,23538.0,2022,eur_per_person,AI016-1
13071,foreign_population_share,5.0,2024,percent,AI002-1-5
13071,gdp_per_capita,36325.0,2023,eur_per_person,AI017-1
13071,manufacturing_employment_share,10.1,2024,percent,AI007-1
13071,migration_balance_per_10000,59.6,2024,per_10000_people,AI002-1-5
13071,minimum_security_rate,9.8,2024,percent,AI-S-03
13071,natural_balance_per_10000,-109.7,2024,per_10000_people,AI002-1-5
13071,population_change_per_10000,-50.9,2024,per_10000_people,AI002-1-5
13071,population_density,44.8,2024,people_per_km2,AI002-1-5
13071,services_employment_share,76.8,2024,percent,AI007-1
13071,unemployment_rate,9.2,2025,percent,AI008-1-5
13071,workplace_density,833.6,2024,employed_per_1000_working_age,AI007-1
13072,age_65_plus_share,27.4,2024,percent,AI002-2-5
13072,age_under_18_share,16.6,2024,percent,AI002-2-5
13072,disposable_income_per_capita,25006.0,2022,eur_per_person,AI016-1
13072,foreign_population_share,5.1,2024,percent,AI002-1-5
13072,gdp_per_capita,33134.0,2023,eur_per_person,AI017-1
13072,manufacturing_employment_share,10.1,2024,percent,AI007-1
13072,migration_balance_per_10000,80.5,2024,per_10000_people,AI002-1-5
13072,minimum_security_rate,6.9,2024,percent,AI-S-03
13072,natural_balance_per_10000,-81.6,2024,per_10000_people,AI002-1-5
13072,population_change_per_10000,-2.7,2024,per_10000_people,AI002-1-5
13072,population_density,63.7,2024,people_per_km2,AI002-1-5
13072,services_employment_share,74.6,2024,percent,AI007-1
13072,unemployment_rate,6.0,2025,percent,AI008-1-5
13072,workplace_density,726.5,2024,employed_per_1000_working_age,AI007-1
13073,age_65_plus_share,29.5,2024,percent,AI002-2-5
13073,age_under_18_share,14.5,2024,percent,AI002-2-5
13073,disposable_income_per_capita,23447.0,2022,eur_per_person,AI016-1
13073,foreign_population_share,6.1,2024,percent,AI002-1-5
13073,gdp_per_capita,32495.0,2023,eur_per_person,AI017-1
13073,manufacturing_employment_share,5.3,2024,percent,AI007-1
13073,migration_balance_per_10000,67.5,2024,per_10000_people,AI002-1-5
13073,minimum_security_rate,9.1,2024,percent,AI-S-03
13073,natural_balance_per_10000,-110.9,2024,per_10000_people,AI002-1-5
13073,population_change_per_10000,-45.1,2024,per_10000_people,AI002-1-5
13073,population_density,66.9,2024,people_per_km2,AI002-1-5
13073,services_employment_share,83.0,2024,percent,AI007-1
13073,unemployment_rate,9.2,2025,percent,AI008-1-5
13073,workplace_density,784.1,2024,employed_per_1000_working_age,AI007-1
13074,age_65_plus_share,26.8,2024,percent,AI002-2-5
13074,age_under_18_share,15.9,2024,percent,AI002-2-5
13074,disposable_income_per_capita,23630.0,2022,eur_per_person,AI016-1
13074,foreign_population_share,5.3,2024,percent,AI002-1-5
13074,gdp_per_capita,31281.0,2023,eur_per_person,AI017-1
13074,manufacturing_employment_share,17.6,2024,percent,AI007-1
13074,migration_balance_per_10000,61.9,2024,per_10000_people,AI002-1-5
13074,minimum_security_rate,7.6,2024,percent,AI-S-03
13074,natural_balance_per_10000,-89.2,2024,per_10000_people,AI002-1-5
13074,population_change_per_10000,-29.8,2024,per_10000_people,AI002-1-5
13074,population_density,73.7,2024,people_per_km2,AI002-1-5
13074,services_employment_share,67.8,2024,percent,AI007-1
13074,unemployment_rate,6.7,2025,percent,AI008-1-5
13074,workplace_density,629.3,2024,employed_per_1000_working_age,AI007-1
13075,age_65_plus_share,28.9,2024,percent,AI002-2-5
13075,age_under_18_share,14.8,2024,percent,AI002-2-5
13075,disposable_income_per_capita,22351.0,2022,eur_per_person,AI016-1
13075,foreign_population_share,6.2,2024,percent,AI002-1-5
13075,gdp_per_capita,33350.0,2023,eur_per_person,AI017-1
13075,manufacturing_employment_share,7.0,2024,percent,AI007-1
13075,migration_balance_per_10000,54.8,2024,per_10000_people,AI002-1-5
13075,minimum_security_rate,9.6,2024,percent,AI-S-03
13075,natural_balance_per_10000,-108.9,2024,per_10000_people,AI002-1-5
13075,population_change_per_10000,-54.3,2024,per_10000_people,AI002-1-5
13075,population_density,57.0,2024,people_per_km2,AI002-1-5
13075,services_employment_share,82.0,2024,percent,AI007-1
13075,unemployment_rate,9.3,2025,percent,AI008-1-5
13075,workplace_density,814.0,2024,employed_per_1000_working_age,AI007-1
13076,age_65_plus_share,27.6,2024,percent,AI002-2-5
13076,age_under_18_share,16.0,2024,percent,AI002-2-5
13076,disposable_income_per_capita,24856.0,2022,eur_per_person,AI016-1
13076,foreign_population_share,6.3,2024,percent,AI002-1-5
13076,gdp_per_capita,31601.0,2023,eur_per_person,AI017-1
13076,manufacturing_employment_share,19.0,2024,percent,AI007-1
13076,migration_balance_per_10000,26.3,2024,per_10000_people,AI002-1-5
13076,minimum_security_rate,7.3,2024,percent,AI-S-03
13076,natural_balance_per_10000,-79.6,2024,per_10000_people,AI002-1-5
13076,population_change_per_10000,-61.3,2024,per_10000_people,AI002-1-5
13076,population_density,43.7,2024,people_per_km2,AI002-1-5
13076,services_employment_share,64.6,2024,percent,AI007-1
13076,unemployment_rate,6.2,2025,percent,AI008-1-5
13076,workplace_density,673.4,2024,employed_per_1000_working_age,AI007-1
14511,age_65_plus_share,27.7,2024,percent,AI002-2-5
14511,age_under_18_share,15.9,2024,percent,AI002-2-5
14511,disposable_income_per_capita,22910.0,2022,eur_per_person,AI016-1
14511,foreign_population_share,13.9,2024,percent,AI002-1-5
14511,gdp_per_capita,43283.0,2023,eur_per_person,AI017-1
14511,manufacturing_employment_share,11.5,2024,percent,AI007-1
14511,migration_balance_per_10000,99.2,2024,per_10000_people,AI002-1-5
14511,minimum_security_rate,11.4,2024,percent,AI-S-03
14511,natural_balance_per_10000,-79.1,2024,per_10000_people,AI002-1-5
14511,population_change_per_10000,19.1,2024,per_10000_people,AI002-1-5
14511,population_density,1111.2,2024,people_per_km2,AI002-1-5
14511,services_employment_share,80.9,2024,percent,AI007-1
14511,unemployment_rate,9.5,2025,percent,AI008-1-5
14511,workplace_density,1004.8,2024,employed_per_1000_working_age,AI007-1
14521,age_65_plus_share,31.9,2024,percent,AI002-2-5
14521,age_under_18_share,15.4,2024,percent,AI002-2-5
14521,disposable_income_per_capita,23682.0,2022,eur_per_person,AI016-1
14521,foreign_population_share,3.8,2024,percent,AI002-1-5
14521,gdp_per_capita,28984.0,2023,eur_per_person,AI017-1
14521,manufacturing_employment_share,26.5,2024,percent,AI007-1
14521,migration_balance_per_10000,-9.0,2024,per_10000_people,AI002-1-5
14521,minimum_security_rate,5.4,2024,percent,AI-S-03
14521,natural_balance_per_10000,-108.2,2024,per_10000_people,AI002-1-5
14521,population_change_per_10000,-118.2,2024,per_10000_people,AI002-1-5
14521,population_density,174.2,2024,people_per_km2,AI002-1-5
14521,services_employment_share,61.1,2024,percent,AI007-1
14521,unemployment_rate,5.6,2025,percent,AI008-1-5
14521,workplace_density,812.2,2024,employed_per_1000_working_age,AI007-1
14522,age_65_plus_share,29.9,2024,percent,AI002-2-5
14522,age_under_18_share,15.7,2024,percent,AI002-2-5
14522,disposable_income_per_capita,23991.0,2022,eur_per_person,AI016-1
14522,foreign_population_share,5.8,2024,percent,AI002-1-5
14522,gdp_per_capita,33189.0,2023,eur_per_person,AI017-1
14522,manufacturing_employment_share,22.9,2024,percent,AI007-1
14522,migration_balance_per_10000,55.5,2024,per_10000_people,AI002-1-5
14522,minimum_security_rate,6.2,2024,percent,AI-S-03
14522,natural_balance_per_10000,-97.8,2024,per_10000_people,AI002-1-5
14522,population_change_per_10000,-44.9,2024,per_10000_people,AI002-1-5
14522,population_density,140.0,2024,people_per_km2,AI002-1-5
14522,services_employment_share,64.5,2024,percent,AI007-1
14522,unemployment_rate,5.8,2025,percent,AI008-1-5
14522,workplace_density,783.3,2024,employed_per_1000_working_age,AI007-1
14523,age_65_plus_share,31.7,2024,percent,AI002-2-5
14523,age_under_18_share,14.6,2024,percent,AI002-2-5
14523,disposable_income_per_capita,23702.0,2022,eur_per_person,AI016-1
14523,foreign_population_share,6.5,2024,percent,AI002-1-5
14523,gdp_per_capita,31503.0,2023,eur_per_person,AI017-1
14523,manufacturing_employment_share,23.2,2024,percent,AI007-1
14523,migration_balance_per_10000,30.5,2024,per_10000_people,AI002-1-5
14523,minimum_security_rate,6.5,2024,percent,AI-S-03
14523,natural_balance_per_10000,-118.6,2024,per_10000_people,AI002-1-5
14523,population_change_per_10000,-90.3,2024,per_10000_people,AI002-1-5
14523,population_density,155.1,2024,people_per_km2,AI002-1-5
14523,services_employment_share,64.9,2024,percent,AI007-1
14523,unemployment_rate,6.2,2025,percent,AI008-1-5
14523,workplace_density,820.8,2024,employed_per_1000_working_age,AI007-1
14524,age_65_plus_share,30.4,2024,percent,AI002-2-5
14524,age_under_18_share,15.1,2024,percent,AI002-2-5
14524,disposable_income_per_capita,24337.0,2022,eur_per_person,AI016-1
14524,foreign_population_share,6.6,2024,percent,AI002-1-5
14524,gdp_per_capita,38957.0,2023,eur_per_person,AI017-1
14524,manufacturing_employment_share,25.3,2024,percent,AI007-1
14524,migration_balance_per_10000,17.7,2024,per_10000_people,AI002-1-5
14524,minimum_security_rate,6.6,2024,percent,AI-S-03
14524,natural_balance_per_10000,-115.7,2024,per_10000_people,AI002-1-5
14524,population_change_per_10000,-99.7,2024,per_10000_people,AI002-1-5
14524,population_density,323.0,2024,people_per_km2,AI002-1-5
14524,services_employment_share,65.5,2024,percent,AI007-1
14524,unemployment_rate,6.1,2025,percent,AI008-1-5
14524,workplace_density,876.1,2024,employed_per_1000_working_age,AI007-1
14612,age_65_plus_share,21.9,2024,percent,AI002-2-5
14612,age_under_18_share,16.7,2024,percent,AI002-2-5
14612,disposable_income_per_capita,23319.0,2022,eur_per_person,AI016-1
14612,foreign_population_share,11.7,2024,percent,AI002-1-5
14612,gdp_per_capita,50653.0,2023,eur_per_person,AI017-1
14612,manufacturing_employment_share,10.5,2024,percent,AI007-1
14612,migration_balance_per_10000,67.2,2024,per_10000_people,AI002-1-5
14612,minimum_security_rate,8.4,2024,percent,AI-S-03
14612,natural_balance_per_10000,-31.3,2024,per_10000_people,AI002-1-5
14612,population_change_per_10000,33.4,2024,per_10000_people,AI002-1-5
14612,population_density,1719.8,2024,people_per_km2,AI002-1-5
14612,services_employment_share,83.8,2024,percent,AI007-1
14612,unemployment_rate,7.0,2025,percent,AI008-1-5
14612,workplace_density,970.2,2024,employed_per_1000_working_age,AI007-1
14625,age_65_plus_share,29.6,2024,percent,AI002-2-5
14625,age_under_18_share,16.4,2024,percent,AI002-2-5
14625,disposable_income_per_capita,24328.0,2022,eur_per_person,AI016-1
14625,foreign_population_share,4.1,2024,percent,AI002-1-5
14625,gdp_per_capita,34167.0,2023,eur_per_person,AI017-1
14625,manufacturing_employment_share,22.9,2024,percent,AI007-1
14625,migration_balance_per_10000,21.2,2024,per_10000_people,AI002-1-5
14625,minimum_security_rate,5.8,2024,percent,AI-S-03
14625,natural_balance_per_10000,-93.4,2024,per_10000_people,AI002-1-5
14625,population_change_per_10000,-72.8,2024,per_10000_people,AI002-1-5
14625,population_density,122.1,2024,people_per_km2,AI002-1-5
14625,services_employment_share,65.9,2024,percent,AI007-1
14625,unemployment_rate,6.2,2025,percent,AI008-1-5
14625,workplace_density,836.9,2024,employed_per_1000_working_age,AI007-1
14626,age_65_plus_share,31.8,2024,percent,AI002-2-5
14626,age_under_18_share,15.3,2024,percent,AI002-2-5
14626,disposable_income_per_capita,22671.0,2022,eur_per_person,AI016-1
14626,foreign_population_share,7.3,2024,percent,AI002-1-5
14626,gdp_per_capita,37610.0,2023,eur_per_person,AI017-1
14626,manufacturing_employment_share,20.2,2024,percent,AI007-1
14626,migration_balance_per_10000,38.8,2024,per_10000_people,AI002-1-5
14626,minimum_security_rate,9.1,2024,percent,AI-S-03
14626,natural_balance_per_10000,-116.0,2024,per_10000_people,AI002-1-5
14626,population_change_per_10000,-77.9,2024,per_10000_people,AI002-1-5
14626,population_density,115.5,2024,people_per_km2,AI002-1-5
14626,services_employment_share,67.5,2024,percent,AI007-1
14626,unemployment_rate,8.9,2025,percent,AI008-1-5
14626,workplace_density,831.4,2024,employed_per_1000_working_age,AI007-1
14627,age_65_plus_share,29.4,2024,percent,AI002-2-5
14627,age_under_18_share,16.2,2024,percent,AI002-2-5
14627,disposable_income_per_capita,24907.0,2022,eur_per_person,AI016-1
14627,foreign_population_share,5.4,2024,percent,AI002-1-5
14627,gdp_per_capita,33895.0,2023,eur_per_person,AI017-1
14627,manufacturing_employment_share,21.1,2024,percent,AI007-1
14627,migration_balance_per_10000,50.3,2024,per_10000_people,AI002-1-5
14627,minimum_security_rate,6.4,2024,percent,AI-S-03
14627,natural_balance_per_10000,-95.3,2024,per_10000_people,AI002-1-5
14627,population_change_per_10000,-47.8,2024,per_10000_people,AI002-1-5
14627,population_density,164.5,2024,people_per_km2,AI002-1-5
14627,services_employment_share,66.3,2024,percent,AI007-1
14627,unemployment_rate,5.8,2025,percent,AI008-1-5
14627,workplace_density,804.7,2024,employed_per_1000_working_age,AI007-1
14628,age_65_plus_share,28.9,2024,percent,AI002-2-5
14628,age_under_18_share,16.7,2024,percent,AI002-2-5
14628,disposable_income_per_capita,24412.0,2022,eur_per_person,AI016-1
14628,foreign_population_share,4.8,2024,percent,AI002-1-5
14628,gdp_per_capita,28282.0,2023,eur_per_person,AI017-1
14628,manufacturing_employment_share,20.3,2024,percent,AI007-1
14628,migration_balance_per_10000,44.7,2024,per_10000_people,AI002-1-5
14628,minimum_security_rate,5.8,2024,percent,AI-S-03
14628,natural_balance_per_10000,-90.8,2024,per_10000_people,AI002-1-5
14628,population_change_per_10000,-46.9,2024,per_10000_people,AI002-1-5
14628,population_density,147.5,2024,people_per_km2,AI002-1-5
14628,services_employment_share,65.6,2024,percent,AI007-1
14628,unemployment_rate,5.5,2025,percent,AI008-1-5
14628,workplace_density,729.2,2024,employed_per_1000_working_age,AI007-1
14713,age_65_plus_share,19.6,2024,percent,AI002-2-5
14713,age_under_18_share,16.0,2024,percent,AI002-2-5
14713,disposable_income_per_capita,21460.0,2022,eur_per_person,AI016-1
14713,foreign_population_share,13.8,2024,percent,AI002-1-5
14713,gdp_per_capita,46947.0,2023,eur_per_person,AI017-1
14713,manufacturing_employment_share,8.0,2024,percent,AI007-1
14713,migration_balance_per_10000,96.8,2024,per_10000_people,AI002-1-5
14713,minimum_security_rate,10.3,2024,percent,AI-S-03
14713,natural_balance_per_10000,-31.8,2024,per_10000_people,AI002-1-5
14713,population_change_per_10000,62.9,2024,per_10000_people,AI002-1-5
14713,population_density,2054.6,2024,people_per_km2,AI002-1-5
14713,services_employment_share,86.2,2024,percent,AI007-1
14713,unemployment_rate,8.5,2025,percent,AI008-1-5
14713,workplace_density,908.8,2024,employed_per_1000_working_age,AI007-1
14729,age_65_plus_share,28.0,2024,percent,AI002-2-5
14729,age_under_18_share,16.4,2024,percent,AI002-2-5
14729,disposable_income_per_capita,25523.0,2022,eur_per_person,AI016-1
14729,foreign_population_share,4.7,2024,percent,AI002-1-5
14729,gdp_per_capita,33281.0,2023,eur_per_person,AI017-1
14729,manufacturing_employment_share,15.9,2024,percent,AI007-1
14729,migration_balance_per_10000,66.4,2024,per_10000_people,AI002-1-5
14729,minimum_security_rate,6.6,2024,percent,AI-S-03
14729,natural_balance_per_10000,-88.3,2024,per_10000_people,AI002-1-5
14729,population_change_per_10000,-22.2,2024,per_10000_people,AI002-1-5
14729,population_density,157.5,2024,people_per_km2,AI002-1-5
14729,services_employment_share,67.3,2024,percent,AI007-1
14729,unemployment_rate,6.0,2025,percent,AI008-1-5
14729,workplace_density,672.3,2024,employed_per_1000_working_age,AI007-1
14730,age_65_plus_share,27.7,2024,percent,AI002-2-5
14730,age_under_18_share,16.1,2024,percent,AI002-2-5
14730,disposable_income_per_capita,24043.0,2022,eur_per_person,AI016-1
14730,foreign_population_share,6.3,2024,percent,AI002-1-5
14730,gdp_per_capita,37785.0,2023,eur_per_person,AI017-1
14730,manufacturing_employment_share,14.9,2024,percent,AI007-1
14730,migration_balance_per_10000,16.1,2024,per_10000_people,AI002-1-5
14730,minimum_security_rate,6.8,2024,percent,AI-S-03
14730,natural_balance_per_10000,-84.3,2024,per_10000_people,AI002-1-5
14730,population_change_per_10000,-67.8,2024,per_10000_people,AI002-1-5
14730,population_density,98.3,2024,people_per_km2,AI002-1-5
14730,services_employment_share,71.1,2024,percent,AI007-1
14730,unemployment_rate,6.8,2025,percent,AI008-1-5
14730,workplace_density,806.1,2024,employed_per_1000_working_age,AI007-1
15001,age_65_plus_share,32.7,2024,percent,AI002-2-5
15001,age_under_18_share,14.2,2024,percent,AI002-2-5
15001,disposable_income_per_capita,23173.0,2022,eur_per_person,AI016-1
15001,foreign_population_share,9.2,2024,percent,AI002-1-5
15001,gdp_per_capita,36955.0,2023,eur_per_person,AI017-1
15001,manufacturing_employment_share,16.7,2024,percent,AI007-1
15001,migration_balance_per_10000,61.8,2024,per_10000_people,AI002-1-5
15001,minimum_security_rate,11.2,2024,percent,AI-S-03
15001,natural_balance_per_10000,-146.0,2024,per_10000_people,AI002-1-5
15001,population_change_per_10000,-87.1,2024,per_10000_people,AI002-1-5
15001,population_density,306.8,2024,people_per_km2,AI002-1-5
15001,services_employment_share,75.4,2024,percent,AI007-1
15001,unemployment_rate,9.3,2025,percent,AI008-1-5
15001,workplace_density,979.3,2024,employed_per_1000_working_age,AI007-1
15002,age_65_plus_share,24.5,2024,percent,AI002-2-5
15002,age_under_18_share,15.9,2024,percent,AI002-2-5
15002,disposable_income_per_capita,20632.0,2022,eur_per_person,AI016-1
15002,foreign_population_share,13.4,2024,percent,AI002-1-5
15002,gdp_per_capita,38101.0,2023,eur_per_person,AI017-1
15002,manufacturing_employment_share,5.0,2024,percent,AI007-1
15002,migration_balance_per_10000,26.3,2024,per_10000_people,AI002-1-5
15002,minimum_security_rate,13.3,2024,percent,AI-S-03
15002,natural_balance_per_10000,-61.1,2024,per_10000_people,AI002-1-5
15002,population_change_per_10000,-38.4,2024,per_10000_people,AI002-1-5
15002,population_density,1672.8,2024,people_per_km2,AI002-1-5
15002,services_employment_share,88.9,2024,percent,AI007-1
15002,unemployment_rate,9.9,2025,percent,AI008-1-5
15002,workplace_density,914.3,2024,employed_per_1000_working_age,AI007-1
15003,age_65_plus_share,24.4,2024,percent,AI002-2-5
15003,age_under_18_share,15.0,2024,percent,AI002-2-5
15003,disposable_income_per_capita,21865.0,2022,eur_per_person,AI016-1
15003,foreign_population_share,13.9,2024,percent,AI002-1-5
15003,gdp_per_capita,43227.0,2023,eur_per_person,AI017-1
15003,manufacturing_employment_share,5.0,2024,percent,AI007-1
15003,migration_balance_per_10000,145.8,2024,per_10000_people,AI002-1-5
15003,minimum_security_rate,11.0,2024,percent,AI-S-03
15003,natural_balance_per_10000,-71.8,2024,per_10000_people,AI002-1-5
15003,population_change_per_10000,75.5,2024,per_10000_people,AI002-1-5
15003,population_density,1211.5,2024,people_per_km2,AI002-1-5
15003,services_employment_share,87.7,2024,percent,AI007-1
15003,unemployment_rate,9.2,2025,percent,AI008-1-5
15003,workplace_density,921.4,2024,employed_per_1000_working_age,AI007-1
15081,age_65_plus_share,27.8,2024,percent,AI002-2-5
15081,age_under_18_share,15.5,2024,percent,AI002-2-5
15081,disposable_income_per_capita,24024.0,2022,eur_per_person,AI016-1
15081,foreign_population_share,5.1,2024,percent,AI002-1-5
15081,gdp_per_capita,31686.0,2023,eur_per_person,AI017-1
15081,manufacturing_employment_share,14.5,2024,percent,AI007-1
15081,migration_balance_per_10000,2.2,2024,per_10000_people,AI002-1-5
15081,minimum_security_rate,8.2,2024,percent,AI-S-03
15081,natural_balance_per_10000,-99.2,2024,per_10000_people,AI002-1-5
15081,population_change_per_10000,-99.5,2024,per_10000_people,AI002-1-5
15081,population_density,34.7,2024,people_per_km2,AI002-1-5
15081,services_employment_share,67.4,2024,percent,AI007-1
15081,unemployment_rate,7.5,2025,percent,AI008-1-5
15081,workplace_density,692.9,2024,employed_per_1000_working_age,AI007-1
15082,age_65_plus_share,29.9,2024,percent,AI002-2-5
15082,age_under_18_share,14.4,2024,percent,AI002-2-5
15082,disposable_income_per_capita,23507.0,2022,eur_per_person,AI016-1
15082,foreign_population_share,6.8,2024,percent,AI002-1-5
15082,gdp_per_capita,37875.0,2023,eur_per_person,AI017-1
15082,manufacturing_employment_share,25.0,2024,percent,AI007-1
15082,migration_balance_per_10000,71.5,2024,per_10000_people,AI002-1-5
15082,minimum_security_rate,8.7,2024,percent,AI-S-03
15082,natural_balance_per_10000,-119.3,2024,per_10000_people,AI002-1-5
15082,population_change_per_10000,-49.9,2024,per_10000_people,AI002-1-5
15082,population_density,104.7,2024,people_per_km2,AI002-1-5
15082,services_employment_share,63.7,2024,percent,AI007-1
15082,unemployment_rate,7.3,2025,percent,AI008-1-5
15082,workplace_density,763.4,2024,employed_per_1000_working_age,AI007-1
15083,age_65_plus_share,26.8,2024,percent,AI002-2-5
15083,age_under_18_share,15.9,2024,percent,AI002-2-5
15083,disposable_income_per_capita,24420.0,2022,eur_per_person,AI016-1
15083,foreign_population_share,5.2,2024,percent,AI002-1-5
15083,gdp_per_capita,35954.0,2023,eur_per_person,AI017-1
15083,manufacturing_employment_share,22.6,2024,percent,AI007-1
15083,migration_balance_per_10000,48.1,2024,per_10000_people,AI002-1-5
15083,minimum_security_rate,6.3,2024,percent,AI-S-03
15083,natural_balance_per_10000,-88.0,2024,per_10000_people,AI002-1-5
15083,population_change_per_10000,-39.8,2024,per_10000_people,AI002-1-5
15083,population_density,70.6,2024,people_per_km2,AI002-1-5
15083,services_employment_share,65.7,2024,percent,AI007-1
15083,unemployment_rate,5.7,2025,percent,AI008-1-5
15083,workplace_density,733.8,2024,employed_per_1000_working_age,AI007-1
15084,age_65_plus_share,30.1,2024,percent,AI002-2-5
15084,age_under_18_share,14.9,2024,percent,AI002-2-5
15084,disposable_income_per_capita,23143.0,2022,eur_per_person,AI016-1
15084,foreign_population_share,8.1,2024,percent,AI002-1-5
15084,gdp_per_capita,33666.0,2023,eur_per_person,AI017-1
15084,manufacturing_employment_share,15.3,2024,percent,AI007-1
15084,migration_balance_per_10000,19.8,2024,per_10000_people,AI002-1-5
15084,minimum_security_rate,9.3,2024,percent,AI-S-03
15084,natural_balance_per_10000,-106.2,2024,per_10000_people,AI002-1-5
15084,population_change_per_10000,-87.9,2024,per_10000_people,AI002-1-5
15084,population_density,122.3,2024,people_per_km2,AI002-1-5
15084,services_employment_share,71.0,2024,percent,AI007-1
15084,unemployment_rate,7.3,2025,percent,AI008-1-5
15084,workplace_density,713.8,2024,employed_per_1000_working_age,AI007-1
15085,age_65_plus_share,30.7,2024,percent,AI002-2-5
15085,age_under_18_share,13.8,2024,percent,AI002-2-5
15085,disposable_income_per_capita,23375.0,2022,eur_per_person,AI016-1
15085,foreign_population_share,5.0,2024,percent,AI002-1-5
15085,gdp_per_capita,30426.0,2023,eur_per_person,AI017-1
15085,manufacturing_employment_share,19.1,2024,percent,AI007-1
15085,migration_balance_per_10000,52.1,2024,per_10000_people,AI002-1-5
15085,minimum_security_rate,8.2,2024,percent,AI-S-03
15085,natural_balance_per_10000,-130.8,2024,per_10000_people,AI002-1-5
15085,population_change_per_10000,-80.0,2024,per_10000_people,AI002-1-5
15085,population_density,97.4,2024,people_per_km2,AI002-1-5
15085,services_employment_share,69.6,2024,percent,AI007-1
15085,unemployment_rate,6.0,2025,percent,AI008-1-5
15085,workplace_density,741.5,2024,employed_per_1000_working_age,AI007-1
15086,age_65_plus_share,28.7,2024,percent,AI002-2-5
15086,age_under_18_share,15.4,2024,percent,AI002-2-5
15086,disposable_income_per_capita,24254.0,2022,eur_per_person,AI016-1
15086,foreign_population_share,5.8,2024,percent,AI002-1-5
15086,gdp_per_capita,32230.0,2023,eur_per_person,AI017-1
15086,manufacturing_employment_share,15.9,2024,percent,AI007-1
15086,migration_balance_per_10000,74.6,2024,per_10000_people,AI002-1-5
15086,minimum_security_rate,7.4,2024,percent,AI-S-03
15086,natural_balance_per_10000,-95.0,2024,per_10000_people,AI002-1-5
15086,population_change_per_10000,-21.0,2024,per_10000_people,AI002-1-5
15086,population_density,55.7,2024,people_per_km2,AI002-1-5
15086,services_employment_share,68.6,2024,percent,AI007-1
15086,unemployment_rate,7.4,2025,percent,AI008-1-5
15086,workplace_density,697.3,2024,employed_per_1000_working_age,AI007-1
15087,age_65_plus_share,32.2,2024,percent,AI002-2-5
15087,age_under_18_share,13.7,2024,percent,AI002-2-5
15087,disposable_income_per_capita,22636.0,2022,eur_per_person,AI016-1
15087,foreign_population_share,4.4,2024,percent,AI002-1-5
15087,gdp_per_capita,28633.0,2023,eur_per_person,AI017-1
15087,manufacturing_employment_share,17.7,2024,percent,AI007-1
15087,migration_balance_per_10000,44.5,2024,per_10000_people,AI002-1-5
15087,minimum_security_rate,10.3,2024,percent,AI-S-03
15087,natural_balance_per_10000,-133.2,2024,per_10000_people,AI002-1-5
15087,population_change_per_10000,-87.4,2024,per_10000_people,AI002-1-5
15087,population_density,88.6,2024,people_per_km2,AI002-1-5
15087,services_employment_share,68.9,2024,percent,AI007-1
15087,unemployment_rate,10.2,2025,percent,AI008-1-5
15087,workplace_density,677.7,2024,employed_per_1000_working_age,AI007-1
15088,age_65_plus_share,27.7,2024,percent,AI002-2-5
15088,age_under_18_share,15.8,2024,percent,AI002-2-5
15088,disposable_income_per_capita,24181.0,2022,eur_per_person,AI016-1
15088,foreign_population_share,6.0,2024,percent,AI002-1-5
15088,gdp_per_capita,44233.0,2023,eur_per_person,AI017-1
15088,manufacturing_employment_share,18.3,2024,percent,AI007-1
15088,migration_balance_per_10000,73.6,2024,per_10000_people,AI002-1-5
15088,minimum_security_rate,7.9,2024,percent,AI-S-03
15088,natural_balance_per_10000,-86.8,2024,per_10000_people,AI002-1-5
15088,population_change_per_10000,-12.4,2024,per_10000_people,AI002-1-5
15088,population_density,126.7,2024,people_per_km2,AI002-1-5
15088,services_employment_share,66.1,2024,percent,AI007-1
15088,unemployment_rate,6.9,2025,percent,AI008-1-5
15088,workplace_density,758.0,2024,employed_per_1000_working_age,AI007-1
15089,age_65_plus_share,29.9,2024,percent,AI002-2-5
15089,age_under_18_share,14.5,2024,percent,AI002-2-5
15089,disposable_income_per_capita,22585.0,2022,eur_per_person,AI016-1
15089,foreign_population_share,5.5,2024,percent,AI002-1-5
15089,gdp_per_capita,34014.0,2023,eur_per_person,AI017-1
15089,manufacturing_employment_share,20.7,2024,percent,AI007-1
15089,migration_balance_per_10000,36.4,2024,per_10000_people,AI002-1-5
15089,minimum_security_rate,10.2,2024,percent,AI-S-03
15089,natural_balance_per_10000,-119.8,2024,per_10000_people,AI002-1-5
15089,population_change_per_10000,-84.0,2024,per_10000_people,AI002-1-5
15089,population_density,126.1,2024,people_per_km2,AI002-1-5
15089,services_employment_share,67.5,2024,percent,AI007-1
15089,unemployment_rate,8.9,2025,percent,AI008-1-5
15089,workplace_density,718.9,2024,employed_per_1000_working_age,AI007-1
15090,age_65_plus_share,28.7,2024,percent,AI002-2-5
15090,age_under_18_share,15.3,2024,percent,AI002-2-5
15090,disposable_income_per_capita,22990.0,2022,eur_per_person,AI016-1
15090,foreign_population_share,5.6,2024,percent,AI002-1-5
15090,gdp_per_capita,36455.0,2023,eur_per_person,AI017-1
15090,manufacturing_employment_share,13.1,2024,percent,AI007-1
15090,migration_balance_per_10000,86.2,2024,per_10000_people,AI002-1-5
15090,minimum_security_rate,11.5,2024,percent,AI-S-03
15090,natural_balance_per_10000,-109.0,2024,per_10000_people,AI002-1-5
15090,population_change_per_10000,-23.9,2024,per_10000_people,AI002-1-5
15090,population_density,43.7,2024,people_per_km2,AI002-1-5
15090,services_employment_share,70.4,2024,percent,AI007-1
15090,unemployment_rate,9.5,2025,percent,AI008-1-5
15090,workplace_density,715.5,2024,employed_per_1000_working_age,AI007-1
15091,age_65_plus_share,30.9,2024,percent,AI002-2-5
15091,age_under_18_share,14.6,2024,percent,AI002-2-5
15091,disposable_income_per_capita,24076.0,2022,eur_per_person,AI016-1
15091,foreign_population_share,5.4,2024,percent,AI002-1-5
15091,gdp_per_capita,30933.0,2023,eur_per_person,AI017-1
15091,manufacturing_employment_share,21.3,2024,percent,AI007-1
15091,migration_balance_per_10000,62.3,2024,per_10000_people,AI002-1-5
15091,minimum_security_rate,7.6,2024,percent,AI-S-03
15091,natural_balance_per_10000,-105.5,2024,per_10000_people,AI002-1-5
15091,population_change_per_10000,-43.9,2024,per_10000_people,AI002-1-5
15091,population_density,62.6,2024,people_per_km2,AI002-1-5
15091,services_employment_share,65.4,2024,percent,AI007-1
15091,unemployment_rate,7.0,2025,percent,AI008-1-5
15091,workplace_density,757.4,2024,employed_per_1000_working_age,AI007-1
16051,age_65_plus_share,23.5,2024,percent,AI002-2-5
16051,age_under_18_share,15.5,2024,percent,AI002-2-5
16051,disposable_income_per_capita,22527.0,2022,eur_per_person,AI016-1
16051,foreign_population_share,12.1,2024,percent,AI002-1-5
16051,gdp_per_capita,50554.0,2023,eur_per_person,AI017-1
16051,manufacturing_employment_share,4.8,2024,percent,AI007-1
16051,migration_balance_per_10000,20.7,2024,per_10000_people,AI002-1-5
16051,minimum_security_rate,8.3,2024,percent,AI-S-03
16051,natural_balance_per_10000,-48.9,2024,per_10000_people,AI002-1-5
16051,population_change_per_10000,-34.5,2024,per_10000_people,AI002-1-5
16051,population_density,810.6,2024,people_per_km2,AI002-1-5
16051,services_employment_share,88.2,2024,percent,AI007-1
16051,unemployment_rate,6.3,2025,percent,AI008-1-5
16051,workplace_density,1041.0,2024,employed_per_1000_working_age,AI007-1
16052,age_65_plus_share,29.5,2024,percent,AI002-2-5
16052,age_under_18_share,15.5,2024,percent,AI002-2-5
16052,disposable_income_per_capita,22597.0,2022,eur_per_person,AI016-1
16052,foreign_population_share,14.2,2024,percent,AI002-1-5
16052,gdp_per_capita,36885.0,2023,eur_per_person,AI017-1
16052,manufacturing_employment_share,10.1,2024,percent,AI007-1
16052,migration_balance_per_10000,87.0,2024,per_10000_people,AI002-1-5
16052,minimum_security_rate,13.3,2024,percent,AI-S-03
16052,natural_balance_per_10000,-94.3,2024,per_10000_people,AI002-1-5
16052,population_change_per_10000,-9.1,2024,per_10000_people,AI002-1-5
16052,population_density,628.3,2024,people_per_km2,AI002-1-5
16052,services_employment_share,83.0,2024,percent,AI007-1
16052,unemployment_rate,10.3,2025,percent,AI008-1-5
16052,workplace_density,894.5,2024,employed_per_1000_working_age,AI007-1
16053,age_65_plus_share,22.8,2024,percent,AI002-2-5
16053,age_under_18_share,15.4,2024,percent,AI002-2-5
16053,disposable_income_per_capita,22860.0,2022,eur_per_person,AI016-1
16053,foreign_population_share,12.5,2024,percent,AI002-1-5
16053,gdp_per_capita,57310.0,2023,eur_per_person,AI017-1
16053,manufacturing_employment_share,15.8,2024,percent,AI007-1
16053,migration_balance_per_10000,9.4,2024,per_10000_people,AI002-1-5
16053,minimum_security_rate,6.7,2024,percent,AI-S-03
16053,natural_balance_per_10000,-40.5,2024,per_10000_people,AI002-1-5
16053,population_change_per_10000,-31.9,2024,per_10000_people,AI002-1-5
16053,population_density,956.0,2024,people_per_km2,AI002-1-5
16053,services_employment_share,79.5,2024,percent,AI007-1
16053,unemployment_rate,6.1,2025,percent,AI008-1-5
16053,workplace_density,1079.5,2024,employed_per_1000_working_age,AI007-1
16054,age_65_plus_share,34.6,2024,percent,AI002-2-5
16054,age_under_18_share,12.5,2024,percent,AI002-2-5
16054,disposable_income_per_capita,23973.0,2022,eur_per_person,AI016-1
16054,foreign_population_share,10.4,2024,percent,AI002-1-5
16054,gdp_per_capita,35816.0,2023,eur_per_person,AI017-1
16054,manufacturing_employment_share,12.9,2024,percent,AI007-1
16054,migration_balance_per_10000,-333.3,2024,per_10000_people,AI002-1-5
16054,minimum_security_rate,6.6,2024,percent,AI-S-03
16054,natural_balance_per_10000,-108.7,2024,per_10000_people,AI002-1-5
16054,population_change_per_10000,-457.0,2024,per_10000_people,AI002-1-5
16054,population_density,244.9,2024,people_per_km2,AI002-1-5
16054,services_employment_share,80.4,2024,percent,AI007-1
16054,unemployment_rate,7.2,2025,percent,AI008-1-5
16054,workplace_density,1016.0,2024,employed_per_1000_working_age,AI007-1
16055,age_65_plus_share,24.7,2024,percent,AI002-2-5
16055,age_under_18_share,16.0,2024,percent,AI002-2-5
16055,disposable_income_per_capita,22187.0,2022,eur_per_person,AI016-1
16055,foreign_population_share,11.4,2024,percent,AI002-1-5
16055,gdp_per_capita,36844.0,2023,eur_per_person,AI017-1
16055,manufacturing_employment_share,7.2,2024,percent,AI007-1
16055,migration_balance_per_10000,139.6,2024,per_10000_people,AI002-1-5
16055,minimum_security_rate,8.4,2024,percent,AI-S-03
16055,natural_balance_per_10000,-68.8,2024,per_10000_people,AI002-1-5
16055,population_change_per_10000,64.8,2024,per_10000_people,AI002-1-5
16055,population_density,780.8,2024,people_per_km2,AI002-1-5
16055,services_employment_share,87.6,2024,percent,AI007-1
16055,unemployment_rate,6.3,2025,percent,AI008-1-5
16055,workplace_density,848.5,2024,employed_per_1000_working_age,AI007-1
16061,age_65_plus_share,26.9,2024,percent,AI002-2-5
16061,age_under_18_share,17.1,2024,percent,AI002-2-5
16061,disposable_income_per_capita,23896.0,2022,eur_per_person,AI016-1
16061,foreign_population_share,5.2,2024,percent,AI002-1-5
16061,gdp_per_capita,31407.0,2023,eur_per_person,AI017-1
16061,manufacturing_employment_share,26.0,2024,percent,AI007-1
16061,migration_balance_per_10000,16.0,2024,per_10000_people,AI002-1-5
16061,minimum_security_rate,4.6,2024,percent,AI-S-03
16061,natural_balance_per_10000,-63.1,2024,per_10000_people,AI002-1-5
16061,population_change_per_10000,95.7,2024,per_10000_people,AI002-1-5
16061,population_density,103.5,2024,people_per_km2,AI002-1-5
16061,services_employment_share,60.2,2024,percent,AI007-1
16061,unemployment_rate,4.4,2025,percent,AI008-1-5
16061,workplace_density,763.1,2024,employed_per_1000_working_age,AI007-1
16062,age_65_plus_share,29.0,2024,percent,AI002-2-5
16062,age_under_18_share,15.3,2024,percent,AI002-2-5
16062,disposable_income_per_capita,22472.0,2022,eur_per_person,AI016-1
16062,foreign_population_share,8.1,2024,percent,AI002-1-5
16062,gdp_per_capita,32028.0,2023,eur_per_person,AI017-1
16062,manufacturing_employment_share,19.3,2024,percent,AI007-1
16062,migration_balance_per_10000,19.8,2024,per_10000_people,AI002-1-5
16062,minimum_security_rate,9.3,2024,percent,AI-S-03
16062,natural_balance_per_10000,-112.4,2024,per_10000_people,AI002-1-5
16062,population_change_per_10000,-91.2,2024,per_10000_people,AI002-1-5
16062,population_density,113.1,2024,people_per_km2,AI002-1-5
16062,services_employment_share,68.9,2024,percent,AI007-1
16062,unemployment_rate,8.2,2025,percent,AI008-1-5
16062,workplace_density,769.4,2024,employed_per_1000_working_age,AI007-1
16063,age_65_plus_share,28.4,2024,percent,AI002-2-5
16063,age_under_18_share,15.3,2024,percent,AI002-2-5
16063,disposable_income_per_capita,24026.0,2022,eur_per_person,AI016-1
16063,foreign_population_share,7.7,2024,percent,AI002-1-5
16063,gdp_per_capita,37106.0,2023,eur_per_person,AI017-1
16063,manufacturing_employment_share,29.3,2024,percent,AI007-1
16063,migration_balance_per_10000,13.7,2024,per_10000_people,AI002-1-5
16063,minimum_security_rate,6.2,2024,percent,AI-S-03
16063,natural_balance_per_10000,-90.4,2024,per_10000_people,AI002-1-5
16063,population_change_per_10000,-88.5,2024,per_10000_people,AI002-1-5
16063,population_density,113.3,2024,people_per_km2,AI002-1-5
16063,services_employment_share,61.7,2024,percent,AI007-1
16063,unemployment_rate,6.0,2025,percent,AI008-1-5
16063,workplace_density,822.6,2024,employed_per_1000_working_age,AI007-1
16064,age_65_plus_share,28.0,2024,percent,AI002-2-5
16064,age_under_18_share,16.2,2024,percent,AI002-2-5
16064,disposable_income_per_capita,22870.0,2022,eur_per_person,AI016-1
16064,foreign_population_share,6.6,2024,percent,AI002-1-5
16064,gdp_per_capita,32184.0,2023,eur_per_person,AI017-1
16064,manufacturing_employment_share,15.2,2024,percent,AI007-1
16064,migration_balance_per_10000,42.1,2024,per_10000_people,AI002-1-5
16064,minimum_security_rate,8.7,2024,percent,AI-S-03
16064,natural_balance_per_10000,-96.4,2024,per_10000_people,AI002-1-5
16064,population_change_per_10000,-194.5,2024,per_10000_people,AI002-1-5
16064,population_density,102.3,2024,people_per_km2,AI002-1-5
16064,services_employment_share,71.6,2024,percent,AI007-1
16064,unemployment_rate,7.4,2025,percent,AI008-1-5
16064,workplace_density,798.4,2024,employed_per_1000_working_age,AI007-1
16065,age_65_plus_share,30.3,2024,percent,AI002-2-5
16065,age_under_18_share,14.7,2024,percent,AI002-2-5
16065,disposable_income_per_capita,22123.0,2022,eur_per_person,AI016-1
16065,foreign_population_share,5.5,2024,percent,AI002-1-5
16065,gdp_per_capita,28408.0,2023,eur_per_person,AI017-1
16065,manufacturing_employment_share,19.2,2024,percent,AI007-1
16065,migration_balance_per_10000,1.8,2024,per_10000_people,AI002-1-5
16065,minimum_security_rate,9.0,2024,percent,AI-S-03
16065,natural_balance_per_10000,-114.5,2024,per_10000_people,AI002-1-5
16065,population_change_per_10000,-113.4,2024,per_10000_people,AI002-1-5
16065,population_density,69.1,2024,people_per_km2,AI002-1-5
16065,services_employment_share,66.1,2024,percent,AI007-1
16065,unemployment_rate,8.3,2025,percent,AI008-1-5
16065,workplace_density,649.8,2024,employed_per_1000_working_age,AI007-1
16066,age_65_plus_share,29.3,2024,percent,AI002-2-5
16066,age_under_18_share,14.6,2024,percent,AI002-2-5
16066,disposable_income_per_capita,23791.0,2022,eur_per_person,AI016-1
16066,foreign_population_share,6.8,2024,percent,AI002-1-5
16066,gdp_per_capita,32895.0,2023,eur_per_person,AI017-1
16066,manufacturing_employment_share,25.6,2024,percent,AI007-1
16066,migration_balance_per_10000,33.9,2024,per_10000_people,AI002-1-5
16066,minimum_security_rate,4.6,2024,percent,AI-S-03
16066,natural_balance_per_10000,-111.1,2024,per_10000_people,AI002-1-5
16066,population_change_per_10000,-77.6,2024,per_10000_people,AI002-1-5
16066,population_density,96.1,2024,people_per_km2,AI002-1-5
16066,services_employment_share,63.6,2024,percent,AI007-1
16066,unemployment_rate,5.1,2025,percent,AI008-1-5
16066,workplace_density,793.3,2024,employed_per_1000_working_age,AI007-1
16067,age_65_plus_share,27.2,2024,percent,AI002-2-5
16067,age_under_18_share,15.4,2024,percent,AI002-2-5
16067,disposable_income_per_capita,22863.0,2022,eur_per_person,AI016-1
16067,foreign_population_share,9.7,2024,percent,AI002-1-5
16067,gdp_per_capita,34760.0,2023,eur_per_person,AI017-1
16067,manufacturing_employment_share,26.0,2024,percent,AI007-1
16067,migration_balance_per_10000,15.8,2024,per_10000_people,AI002-1-5
16067,minimum_security_rate,6.1,2024,percent,AI-S-03
16067,natural_balance_per_10000,-90.9,2024,per_10000_people,AI002-1-5
16067,population_change_per_10000,-80.3,2024,per_10000_people,AI002-1-5
16067,population_density,145.1,2024,people_per_km2,AI002-1-5
16067,services_employment_share,64.5,2024,percent,AI007-1
16067,unemployment_rate,6.6,2025,percent,AI008-1-5
16067,workplace_density,758.3,2024,employed_per_1000_working_age,AI007-1
16068,age_65_plus_share,27.6,2024,percent,AI002-2-5
16068,age_under_18_share,15.9,2024,percent,AI002-2-5
16068,disposable_income_per_capita,23099.0,2022,eur_per_person,AI016-1
16068,foreign_population_share,5.8,2024,percent,AI002-1-5
16068,gdp_per_capita,32315.0,2023,eur_per_person,AI017-1
16068,manufacturing_employment_share,27.6,2024,percent,AI007-1
16068,migration_balance_per_10000,27.2,2024,per_10000_people,AI002-1-5
16068,minimum_security_rate,6.6,2024,percent,AI-S-03
16068,natural_balance_per_10000,-87.0,2024,per_10000_people,AI002-1-5
16068,population_change_per_10000,-61.3,2024,per_10000_people,AI002-1-5
16068,population_density,83.9,2024,people_per_km2,AI002-1-5
16068,services_employment_share,58.0,2024,percent,AI007-1
16068,unemployment_rate,6.2,2025,percent,AI008-1-5
16068,workplace_density,693.3,2024,employed_per_1000_working_age,AI007-1
16069,age_65_plus_share,28.1,2024,percent,AI002-2-5
16069,age_under_18_share,15.1,2024,percent,AI002-2-5
16069,disposable_income_per_capita,24235.0,2022,eur_per_person,AI016-1
16069,foreign_population_share,5.3,2024,percent,AI002-1-5
16069,gdp_per_capita,27255.0,2023,eur_per_person,AI017-1
16069,manufacturing_employment_share,29.5,2024,percent,AI007-1
16069,migration_balance_per_10000,-13.4,2024,per_10000_people,AI002-1-5
16069,minimum_security_rate,4.4,2024,percent,AI-S-03
16069,natural_balance_per_10000,-103.4,2024,per_10000_people,AI002-1-5
16069,population_change_per_10000,-116.7,2024,per_10000_people,AI002-1-5
16069,population_density,63.9,2024,people_per_km2,AI002-1-5
16069,services_employment_share,55.6,2024,percent,AI007-1
16069,unemployment_rate,4.6,2025,percent,AI008-1-5
16069,workplace_density,631.7,2024,employed_per_1000_working_age,AI007-1
16070,age_65_plus_share,27.6,2024,percent,AI002-2-5
16070,age_under_18_share,15.1,2024,percent,AI002-2-5
16070,disposable_income_per_capita,22732.0,2022,eur_per_person,AI016-1
16070,foreign_population_share,10.0,2024,percent,AI002-1-5
16070,gdp_per_capita,36452.0,2023,eur_per_person,AI017-1
16070,manufacturing_employment_share,31.5,2024,percent,AI007-1
16070,migration_balance_per_10000,63.3,2024,per_10000_people,AI002-1-5
16070,minimum_security_rate,7.0,2024,percent,AI-S-03
16070,natural_balance_per_10000,-94.3,2024,per_10000_people,AI002-1-5
16070,population_change_per_10000,-32.3,2024,per_10000_people,AI002-1-5
16070,population_density,132.5,2024,people_per_km2,AI002-1-5
16070,services_employment_share,59.7,2024,percent,AI007-1
16070,unemployment_rate,6.4,2025,percent,AI008-1-5
16070,workplace_density,803.1,2024,employed_per_1000_working_age,AI007-1
16071,age_65_plus_share,26.7,2024,percent,AI002-2-5
16071,age_under_18_share,17.2,2024,percent,AI002-2-5
16071,disposable_income_per_capita,23653.0,2022,eur_per_person,AI016-1
16071,foreign_population_share,6.6,2024,percent,AI002-1-5
16071,gdp_per_capita,37521.0,2023,eur_per_person,AI017-1
16071,manufacturing_employment_share,19.0,2024,percent,AI007-1
16071,migration_balance_per_10000,14.3,2024,per_10000_people,AI002-1-5
16071,minimum_security_rate,6.1,2024,percent,AI-S-03
16071,natural_balance_per_10000,-71.6,2024,per_10000_people,AI002-1-5
16071,population_change_per_10000,-57.6,2024,per_10000_people,AI002-1-5
16071,population_density,102.4,2024,people_per_km2,AI002-1-5
16071,services_employment_share,65.5,2024,percent,AI007-1
16071,unemployment_rate,4.7,2025,percent,AI008-1-5
16071,workplace_density,676.7,2024,employed_per_1000_working_age,AI007-1
16072,age_65_plus_share,30.3,2024,percent,AI002-2-5
16072,age_under_18_share,13.6,2024,percent,AI002-2-5
16072,disposable_income_per_capita,23583.0,2022,eur_per_person,AI016-1
16072,foreign_population_share,8.2,2024,percent,AI002-1-5
16072,gdp_per_capita,30011.0,2023,eur_per_person,AI017-1
16072,manufacturing_employment_share,35.8,2024,percent,AI007-1
16072,migration_balance_per_10000,-51.7,2024,per_10000_people,AI002-1-5
16072,minimum_security_rate,5.0,2024,percent,AI-S-03
16072,natural_balance_per_10000,-117.6,2024,per_10000_people,AI002-1-5
16072,population_change_per_10000,-179.4,2024,per_10000_people,AI002-1-5
16072,population_density,119.3,2024,people_per_km2,AI002-1-5
16072,services_employment_share,54.6,2024,percent,AI007-1
16072,unemployment_rate,5.4,2025,percent,AI008-1-5
16072,workplace_density,735.9,2024,employed_per_1000_working_age,AI007-1
16073,age_65_plus_share,31.3,2024,percent,AI002-2-5
16073,age_under_18_share,14.3,2024,percent,AI002-2-5
16073,disposable_income_per_capita,23783.0,2022,eur_per_person,AI016-1
16073,foreign_population_share,5.7,2024,percent,AI002-1-5
16073,gdp_per_capita,32635.0,2023,eur_per_person,AI017-1
16073,manufacturing_employment_share,24.9,2024,percent,AI007-1
16073,migration_balance_per_10000,14.5,2024,per_10000_people,AI002-1-5
16073,minimum_security_rate,6.8,2024,percent,AI-S-03
16073,natural_balance_per_10000,-112.9,2024,per_10000_people,AI002-1-5
16073,population_change_per_10000,-100.0,2024,per_10000_people,AI002-1-5
16073,population_density,99.2,2024,people_per_km2,AI002-1-5
16073,services_employment_share,63.9,2024,percent,AI007-1
16073,unemployment_rate,6.2,2025,percent,AI008-1-5
16073,workplace_density,767.9,2024,employed_per_1000_working_age,AI007-1
16074,age_65_plus_share,28.7,2024,percent,AI002-2-5
16074,age_under_18_share,15.5,2024,percent,AI002-2-5
16074,disposable_income_per_capita,24137.0,2022,eur_per_person,AI016-1
16074,foreign_population_share,5.7,2024,percent,AI002-1-5
16074,gdp_per_capita,31148.0,2023,eur_per_person,AI017-1
16074,manufacturing_employment_share,25.3,2024,percent,AI007-1
16074,migration_balance_per_10000,-13.4,2024,per_10000_people,AI002-1-5
16074,minimum_security_rate,4.4,2024,percent,AI-S-03
16074,natural_balance_per_10000,-71.2,2024,per_10000_people,AI002-1-5
16074,population_change_per_10000,-83.4,2024,per_10000_people,AI002-1-5
16074,population_density,102.2,2024,people_per_km2,AI002-1-5
16074,services_employment_share,61.4,2024,percent,AI007-1
16074,unemployment_rate,5.0,2025,percent,AI008-1-5
16074,workplace_density,697.6,2024,employed_per_1000_working_age,AI007-1
16075,age_65_plus_share,29.6,2024,percent,AI002-2-5
16075,age_under_18_share,15.1,2024,percent,AI002-2-5
16075,disposable_income_per_capita,23631.0,2022,eur_per_person,AI016-1
16075,foreign_population_share,5.8,2024,percent,AI002-1-5
16075,gdp_per_capita,35773.0,2023,eur_per_person,AI017-1
16075,manufacturing_employment_share,31.6,2024,percent,AI007-1
16075,migration_balance_per_10000,34.0,2024,per_10000_people,AI002-1-5
16075,minimum_security_rate,6.0,2024,percent,AI-S-03
16075,natural_balance_per_10000,-100.0,2024,per_10000_people,AI002-1-5
16075,population_change_per_10000,-66.8,2024,per_10000_people,AI002-1-5
16075,population_density,67.2,2024,people_per_km2,AI002-1-5
16075,services_employment_share,54.0,2024,percent,AI007-1
16075,unemployment_rate,5.7,2025,percent,AI008-1-5
16075,workplace_density,784.7,2024,employed_per_1000_working_age,AI007-1
16076,age_65_plus_share,32.4,2024,percent,AI002-2-5
16076,age_under_18_share,14.5,2024,percent,AI002-2-5
16076,disposable_income_per_capita,24144.0,2022,eur_per_person,AI016-1
16076,foreign_population_share,4.9,2024,percent,AI002-1-5
16076,gdp_per_capita,28270.0,2023,eur_per_person,AI017-1
16076,manufacturing_employment_share,24.0,2024,percent,AI007-1
16076,migration_balance_per_10000,34.2,2024,per_10000_people,AI002-1-5
16076,minimum_security_rate,5.6,2024,percent,AI-S-03
16076,natural_balance_per_10000,-115.0,2024,per_10000_people,AI002-1-5
16076,population_change_per_10000,-83.0,2024,per_10000_people,AI002-1-5
16076,population_density,110.8,2024,people_per_km2,AI002-1-5
16076,services_employment_share,60.4,2024,percent,AI007-1
16076,unemployment_rate,6.0,2025,percent,AI008-1-5
16076,workplace_density,710.1,2024,employed_per_1000_working_age,AI007-1
16077,age_65_plus_share,32.3,2024,percent,AI002-2-5
16077,age_under_18_share,14.3,2024,percent,AI002-2-5
16077,disposable_income_per_capita,23688.0,2022,eur_per_person,AI016-1
16077,foreign_population_share,8.0,2024,percent,AI002-1-5
16077,gdp_per_capita,27525.0,2023,eur_per_person,AI017-1
16077,manufacturing_employment_share,24.3,2024,percent,AI007-1
16077,migration_balance_per_10000,66.6,2024,per_10000_people,AI002-1-5
16077,minimum_security_rate,10.6,2024,percent,AI-S-03
16077,natural_balance_per_10000,-118.7,2024,per_10000_people,AI002-1-5
16077,population_change_per_10000,-51.0,2024,per_10000_people,AI002-1-5
16077,population_density,153.7,2024,people_per_km2,AI002-1-5
16077,services_employment_share,63.7,2024,percent,AI007-1
16077,unemployment_rate,9.3,2025,percent,AI008-1-5
16077,workplace_density,697.4,2024,employed_per_1000_working_age,AI007-1
