{"type":"Topology","arcs":[[[17990,62642],[44,-96],[25,-20],[-40,-76],[26,-41],[32,79],[64,24],[24,75],[50,58],[124,-8]],[[18339,62637],[1,-65],[67,-38],[2,-79],[-30,-38],[35,-33],[-23,-106],[12,-56],[-54,-27],[-97,26],[-19,-54],[-54,-41],[8,-65],[-66,-11],[-55,15],[-298,-4],[-38,68],[-70,161],[77,30],[40,35],[125,55],[-18,93],[43,72],[14,50],[49,17]],[[21762,59404],[16,-49],[86,-131],[21,-66],[-20,-59],[3,-53],[-57,4],[-89,-45],[31,-56],[-30,-15],[-34,-60],[-30,-12],[-34,-112],[70,-75],[12,-44],[-77,-157],[81,47],[84,103],[-5,58]],[[21790,58682],[42,4],[127,-70],[-22,-115],[50,46],[25,-68],[-141,-54],[-1,-140],[80,-68],[-8,-41],[26,-39],[-58,-70],[17,-43],[-72,-56],[-16,-54],[-63,24],[-88,17],[-9,-61],[-84,58],[-62,-19]],[[21533,57933],[-49,45],[-96,18],[-43,54],[27,44],[5,73],[-14,50],[-71,-15],[-38,-26],[-51,29],[7,73],[-59,13],[-10,82],[-19,30],[4,87],[35,51],[44,10],[54,-35],[137,40],[46,51],[-20,89],[-21,25],[-48,-34],[-72,-20],[-25,37],[-161,-14],[-21,21],[15,85],[92,-2],[78,38],[5,60],[60,-13],[107,22],[67,-14],[48,37],[71,108],[-35,121],[8,90],[60,-22],[55,153],[57,30]],[[25480,55456],[30,-87],[-60,-70],[-16,-103],[93,-12],[134,-39],[51,-53],[48,-22],[-51,-53],[-67,-29],[-112,-22],[-56,46],[4,46],[43,45],[-79,30],[-62,58],[-23,-16],[-23,-70],[-130,-74],[-6,-68],[-116,-38],[-27,7],[-87,-137],[-102,-26],[-48,1],[-39,-55],[-28,-76],[-60,-56],[9,-53],[-7,-92],[38,-33],[31,-62],[7,-94]],[[24769,54249],[-66,-15],[-83,150],[-57,-37],[90,-146],[-150,-113],[12,-32],[-143,-50],[-57,44],[-33,4],[-77,-48],[-13,32],[93,31],[-79,33],[-12,-55],[-56,-7],[9,-148],[-52,7],[-142,66],[-78,104],[97,44],[-5,92],[-42,59],[-70,-70]],[[23855,54194],[-27,-6],[-63,146],[-49,35],[40,30],[13,44],[74,25],[33,-14],[68,17],[78,42],[31,42],[-28,23],[-61,1],[-64,28],[-19,59],[35,42],[-1,46],[-155,103],[21,45],[60,63]],[[23841,54965],[46,-2],[83,-62],[125,4],[22,-37],[-12,-41],[76,4],[31,34],[16,71],[97,70],[80,-2],[14,45],[63,38],[177,40],[48,40],[73,12],[50,-16],[30,58],[105,10],[45,29],[29,78],[62,25],[-17,60],[12,97],[33,22],[-11,38],[89,70],[-44,97]],[[25163,55747],[75,18],[63,-19],[43,-36],[38,-66],[-11,-98],[62,-86],[47,-4]],[[21086,56883],[-46,-24],[-34,-70],[20,-37],[-15,-110],[28,-15],[-13,-79],[-35,-71],[81,-37],[21,-48],[-30,-18],[-38,-61],[87,-31],[80,6]],[[21192,56288],[12,-46],[-78,-20],[-32,-94],[-44,-14],[-62,11],[-39,-78],[-32,-23],[-134,18],[-58,-48],[-92,-29],[-5,30]],[[20628,55995],[10,117],[23,15],[-3,61],[30,7],[-7,59],[-90,3],[-26,27],[-6,80],[22,34],[-7,129],[-41,74],[25,58],[67,21],[-13,50],[52,114],[44,23],[10,51],[85,29],[11,92],[72,17],[65,-62],[64,-18],[-24,-54],[95,-39]],[[14280,56312],[49,-6],[-85,-87],[-10,92],[46,1]],[[16741,58592],[77,-12],[29,-46],[-34,-95],[103,81],[64,-33],[22,30],[8,116],[46,18],[58,-13],[47,29],[45,-35],[-35,-52],[14,-32],[65,-28],[-28,-79],[14,-71],[-58,12],[-4,-50],[51,-9],[-7,-65],[68,-33],[-11,-42],[28,-81],[104,-30],[28,35],[42,9],[52,48],[56,-24],[94,-5],[-3,56],[19,52],[52,12],[42,-69],[52,25]],[[17841,58211],[54,-65],[-18,-69],[43,-90],[68,14],[12,-41],[42,-7],[-3,-44],[44,-44],[10,-68],[-47,-9],[18,-196],[-43,-50],[53,-75],[4,-37],[-46,-12],[-17,-53],[61,-30],[15,-79],[-130,-76],[-133,-52],[-95,-46],[-240,-148],[-43,-47],[-61,-31],[49,-57],[-1,-133],[17,-86],[-43,-36],[31,-121],[-17,-83]],[[17425,56340],[-34,-169],[-92,-21],[6,-36],[47,-52],[7,-81],[35,-5],[-3,-60],[-31,-49],[-47,-159],[11,-38],[-42,-36],[-39,-1],[-155,-175],[-6,-33],[-79,-94],[-66,-22],[-27,-44],[-38,-301],[61,-6],[3,-40],[-81,-21]],[[16855,54897],[-146,-1],[-217,-14],[-170,6],[-98,45],[-162,45],[-96,-15],[-34,16],[-76,-49],[-62,-20],[-57,2],[-37,39],[-89,60],[0,26],[-85,94],[-92,68],[-31,78],[-69,129],[19,51],[-25,46],[-37,13],[-31,60],[31,56],[47,22],[11,40],[-133,33],[-23,43],[-56,46],[18,25],[-78,153],[-53,55],[40,81],[58,21],[131,20],[183,-85],[42,-33],[174,47],[85,56],[38,119],[1,45],[-117,39],[74,46],[-110,128],[-32,63],[-97,286],[-21,31],[-80,22],[-91,-20],[-92,-58],[-43,30],[-51,-8],[-83,34],[-57,92],[-52,200],[-40,28],[-6,50],[26,58],[-9,44],[54,132],[37,3],[50,103],[10,125],[-26,52],[46,217]],[[15066,58017],[47,4],[132,-34],[85,1],[23,18],[-6,136],[32,61],[102,60],[68,111],[55,47],[114,37],[43,68],[63,66],[-2,35],[-51,60],[-14,56],[9,73],[57,87],[64,51],[78,-4],[83,-85],[187,-43],[40,14],[40,46],[59,-41],[17,-59],[68,-44],[65,-20],[1,-85],[80,-19],[-26,-54],[4,-77],[23,-20],[107,-21],[-38,74],[19,47],[47,29]],[[24769,54249],[10,-67],[37,-50],[-33,-143],[23,-31],[-61,-98],[-9,-49],[7,-91],[71,16],[163,-78],[25,-35],[-10,-84],[23,-52],[62,-67],[34,-5],[112,-73],[76,17],[63,-14],[31,29],[96,-20],[90,-42],[24,-92],[70,-22],[13,-86],[-29,-69],[27,-48],[54,-12],[-14,-91]],[[25724,52892],[-69,-111],[-44,-46],[-36,-219],[-21,-61],[28,-89],[-64,-96],[-83,-2],[-107,-31],[-55,-34],[-64,6],[-40,79],[-77,12],[-22,-24],[21,-52],[0,-102],[24,-104],[-62,-65],[-4,-62],[31,-75],[-1,-35],[-68,21],[-124,-47],[-43,-127],[-65,-34],[-46,-64],[-19,7],[-159,-68],[-96,19],[-44,-193],[-208,53],[-24,-34],[-62,-11],[-46,-105],[-41,-223],[16,-103],[-13,-131],[-17,-44],[-80,-43],[-21,-115]],[[23919,50539],[-81,-34],[-49,15],[-82,60],[-135,11],[-122,27],[-167,102]],[[23283,50720],[-130,60],[-123,76],[-118,86],[-101,101],[-78,13],[-160,-8],[-58,46],[-48,20]],[[22467,51114],[52,17],[-14,48],[53,71],[-76,19],[-15,-75],[-41,12],[-4,51],[-77,66],[-74,47],[-69,117],[-87,42],[-17,76],[9,33]],[[22107,51638],[10,62],[24,39],[53,-21],[72,10],[10,108],[39,57],[109,-41],[37,88],[-77,30],[7,27],[77,75],[-5,26],[84,49],[20,25],[96,35],[28,49],[179,58],[30,25],[26,70],[85,47],[15,59],[41,25],[51,2],[41,-42],[78,-28],[48,-2],[70,37],[51,7],[77,57],[30,95],[-77,57],[-32,52],[-54,-10],[-114,0],[-48,20],[-86,114],[22,23],[-25,52],[-94,43],[-47,55],[6,118],[41,76],[-13,83],[162,-15],[13,103],[-32,44],[21,39],[-49,25],[-52,-9],[-76,70],[-46,-42],[-16,72],[146,36],[63,-18],[45,71],[-28,23],[28,41],[126,86],[70,-5],[31,-61],[52,-37],[43,61],[115,13],[17,64],[-20,43],[30,39],[42,17],[-33,50],[13,36],[87,12],[24,30],[78,27],[9,30]],[[13589,59627],[-40,49],[14,25],[73,-32],[-47,-42]],[[14329,61462],[59,-21],[-16,-49],[-122,-3],[79,73]],[[14918,60398],[65,-24],[-41,-54],[-65,40],[-90,29],[76,34],[55,-25]],[[14523,61151],[1,-73],[-48,-49],[-49,-10],[-41,34],[17,63],[120,35]],[[13414,60615],[73,-30],[87,35],[47,-16],[41,-88],[28,-10],[-8,-60],[-117,-12],[-58,71],[-98,36],[-43,61],[48,13]],[[14115,61153],[-51,-36],[-77,-9],[-20,-18],[-126,-26],[-32,23],[-59,-14],[-78,-59],[-105,-55],[-99,58],[59,76],[67,-8],[98,32],[149,21],[174,61],[75,69],[59,-14],[-34,-101]],[[12732,61119],[-20,-56],[56,-71],[-149,-16],[-33,15],[-130,151],[-1,23],[-112,142],[-7,44],[47,103],[64,108],[114,134],[12,-44],[-46,-42],[-35,-72],[14,-58],[56,-62],[48,-142],[14,-78],[50,-22],[58,-57]],[[14368,60365],[-5,-95],[-46,-111],[-41,-19],[13,-52],[-61,-127],[-47,-45],[-104,-30],[-103,-18],[-42,10],[-57,50],[-16,42],[-71,63],[-19,58],[1,118],[47,37],[120,6],[53,19],[49,68],[136,16],[71,52],[50,11],[79,-21],[-7,-32]],[[13642,62055],[93,-49],[36,-46],[-7,-133],[46,-58],[-55,-34],[-51,-98],[1,-73],[-47,-110],[-58,-8],[-134,21],[-220,-10],[-62,15],[-58,34],[-46,53],[-85,6],[-143,56],[-54,34],[-7,81],[44,127],[37,65],[82,75],[49,17],[130,14],[75,19],[18,-24],[138,28],[50,-12],[97,39],[131,-29]],[[15066,58017],[-15,107],[-71,101],[-39,3],[-144,-76],[-105,1],[-11,55],[-43,14],[-60,-10],[-50,39],[-75,-41],[-67,5],[-119,-94],[8,-35],[-31,-41],[-77,68],[-147,104],[-103,105],[-73,91],[-18,68],[1,102],[14,65],[63,25],[97,-61],[50,7],[44,39],[4,51],[42,-7],[136,52],[19,20],[-11,127],[-84,3],[-50,-25],[-94,82],[-55,-5],[60,114],[63,20],[71,46],[132,-11],[131,16],[79,-10],[42,14],[306,76],[33,-22],[89,3],[98,-45],[94,15],[59,41],[144,66],[102,127],[84,54],[30,92],[48,40],[134,38],[47,43],[28,70],[-5,42],[43,47],[-20,102],[-77,151],[-12,66],[-40,9],[-190,-96],[19,-81],[-12,-28],[-79,-62],[-53,-180],[-132,-88],[-267,10],[-69,14],[-105,63],[-3,33],[62,101],[-51,36],[-15,45],[33,64],[179,81],[106,109],[41,100],[-4,106],[-39,87],[14,45],[110,245],[-31,92],[-28,28],[-81,35],[-97,86],[-70,169],[-23,30],[-99,54],[-25,29],[-113,50],[-125,110],[-34,87],[11,73],[-23,35],[-31,114],[-109,77],[-47,-18],[-88,12],[7,50],[36,30],[72,26],[-35,51],[-1,60],[-55,73],[2,57],[-28,90],[-76,128],[-92,19],[-48,142],[-29,56],[-176,171],[-10,28],[28,287],[-47,65],[-453,-31],[-129,-61],[-137,-111],[-91,-22],[-41,-27],[-47,2],[-73,-68],[-48,12],[-133,94],[-57,131],[-95,1],[-34,25],[-29,-52],[5,-62],[-19,-26],[-97,-20],[-45,-41],[-31,-103],[3,-56],[-17,-82],[36,-64],[-18,-58],[10,-73],[-19,-21],[-16,-114],[49,-108],[-6,-54],[-35,-73],[15,-101],[-51,14],[-40,42],[34,719],[13,314],[23,167],[28,115],[102,282],[63,150],[79,153],[33,95],[95,216],[53,140],[79,146],[90,45],[35,-3],[104,-66],[75,-22],[-66,-41],[-62,51],[-54,-16],[-114,-1],[-20,-21],[20,-75],[99,-1],[28,-12],[41,-73],[42,-20],[-9,-59],[-45,-13],[-73,-53],[-87,-21],[-94,-67],[-44,-56],[-57,-132],[-34,-58],[36,-77],[-10,-51],[23,-70],[-15,-81],[19,-86],[-14,-44],[6,-64],[41,-91],[53,-60],[67,-28],[81,-55],[127,-46],[206,15],[55,-12],[117,59],[236,18],[223,10],[145,37],[43,57],[2,106],[111,-22],[43,22],[93,-21],[116,-83],[92,-51],[51,4],[86,30],[24,-19],[84,8],[53,25],[61,51],[127,18],[66,-11],[59,-68],[54,-5],[33,27],[107,22],[25,19],[283,-19],[149,-57],[34,-30],[155,-47],[74,-51],[-2,-17],[97,-52],[154,-2],[60,-12],[116,27]],[[16425,63059],[-9,-83],[15,-39],[-27,-87],[2,-66],[-56,-91],[-91,-75],[-13,-29],[70,-22],[36,8],[68,-165],[-4,-34],[38,-32],[-59,-86],[19,-75],[-72,-29],[-33,-40],[-62,-26],[9,-91],[-44,-54],[41,-49],[-15,-123],[29,-47],[-6,-42],[-45,-48],[95,-67],[106,-6],[64,-19],[96,17],[20,59],[73,12],[50,-21],[-23,-101],[25,-30],[27,-107],[45,-73],[183,-109],[-57,-68],[13,-33],[-33,-38],[72,-20],[54,-39],[0,-33],[49,-46],[1,-57],[59,-32],[61,0],[3,-33],[-58,-11],[3,-112],[-28,-55],[63,-31],[113,-32],[37,-85],[46,11],[49,-19],[1,-53],[-93,-139],[43,-35],[-17,-59],[-87,-82],[29,-150],[68,-51],[8,-53],[84,-98],[-25,-63],[66,-65],[4,-80],[-39,-73],[-51,-26],[-4,-43],[-43,2],[-48,-48],[2,-31],[-77,-63],[12,-34],[-22,-48],[-49,-43],[-28,-67],[26,-48],[-33,-46],[35,-58],[-29,-12],[-135,40],[-39,37],[-96,14],[18,-153],[-61,25],[-56,-84],[8,-57],[-71,-1],[-7,-42],[23,-77]],[[26404,60215],[153,-21],[95,-33],[153,-13],[116,-61],[42,-50],[101,-39],[46,5],[77,-82],[31,-117],[32,-82],[40,-26],[73,-97],[11,-69],[44,-79],[57,-64],[17,-86],[54,-93],[4,-53],[-103,8],[-92,22],[-98,41],[-261,9],[7,40],[-75,37],[-77,-13],[-43,-61],[76,-73],[-73,-22],[-186,15],[-43,-9],[-85,49],[-48,13],[10,38],[-11,70],[34,75],[-30,60],[6,37],[-66,46],[-105,33],[-77,-41],[-50,-9],[-85,-65],[-62,23],[-23,75],[17,111],[13,153],[36,100],[69,142],[66,92],[84,86],[51,4],[78,-26]],[[23841,54965],[20,45],[-21,27],[-93,2],[-87,27],[-50,75]],[[23610,55141],[42,61],[42,27],[-31,167],[-53,42],[-21,-13],[-55,39],[-15,44],[27,86],[45,11],[1,73],[-65,-29],[-84,9],[-3,31],[-52,17],[-156,20],[-18,30],[67,89],[35,76],[130,119],[39,5],[42,-53],[110,-25],[14,45],[74,60],[-28,29],[-16,79],[49,52],[30,148],[-54,7],[-55,-29],[-54,15],[-46,36],[-86,8],[-47,-20],[-8,-53],[-49,-45],[-44,13],[-110,0],[-31,61],[-58,39],[-97,92]],[[23021,56504],[50,76],[-2,70],[-27,11],[4,117],[35,53],[34,-39],[61,18],[49,-20],[13,-52],[101,-58],[5,118],[106,43],[140,-42],[44,40],[13,88],[-94,26],[-37,27],[-59,162],[-45,-11],[-20,72],[-40,82],[62,61],[156,12],[21,66],[53,102],[-4,72],[48,36],[-44,71],[88,21],[78,41],[33,-42],[130,14],[2,-57],[179,-45],[74,-64],[27,7],[41,-46],[11,-111],[76,24],[23,38],[73,37],[47,57],[-24,56],[-55,-8],[-3,104],[30,47],[62,45],[21,42],[-31,95],[67,72],[4,23],[-85,36],[-30,114],[57,49],[0,69],[-19,22]],[[24520,58345],[71,29],[60,8],[70,-28],[77,7],[93,35],[213,155],[95,115],[125,124],[80,43],[47,5],[60,36],[105,107],[108,22],[48,-23],[52,6],[131,-22],[-51,-33],[24,-44],[36,-7],[37,28],[58,-40],[51,-1],[165,62],[36,-4],[55,39],[62,101],[100,31],[76,-35],[26,-34],[-27,-114],[-62,-37],[-48,-50],[-42,-20],[-70,-63],[-57,41],[-43,-3],[-20,-44],[24,-69],[46,-15],[12,-208],[13,-121],[35,-193],[-9,-228],[20,-159],[27,-117],[13,-161],[-63,-22],[-77,-46],[-75,-101],[-121,-77],[-240,-163],[-126,-72],[-57,-59],[-93,-135],[-106,-99],[-67,-95],[-61,-48],[-67,-31],[-54,35],[-158,0],[-76,61],[-31,-33],[-11,-61],[-47,-80],[-173,-156],[-31,-100],[4,-62],[43,-104],[63,-126],[73,-99],[63,-40],[66,19],[56,-1],[87,-24]],[[19390,52165],[-41,13]],[[19349,52178],[41,-13]],[[19545,52149],[-1,-4]],[[19544,52145],[-70,8]],[[19474,52153],[71,-4]],[[10388,57374],[-28,-56],[-40,8],[-26,43],[56,18],[38,-13]],[[10206,57381],[32,-35],[-36,-59],[-34,87],[38,7]],[[18605,52967],[8,-68],[41,-89],[53,-44],[-53,-46],[-31,60],[-57,73],[-11,53],[16,44],[34,17]],[[18516,53031],[-36,82]],[[18480,53113],[-39,91],[-13,78],[-68,125]],[[18360,53407],[22,6]],[[18382,53413],[80,-54],[39,-92],[34,-166],[-19,-70]],[[19652,54927],[62,-164],[308,-227],[-17,-41],[45,-23],[-44,-102],[56,-6],[62,-67],[21,35],[-33,35],[38,34],[156,-155],[4,-107],[-72,-135],[30,-28],[113,-23],[30,-50],[-3,-62],[-20,-60],[23,-30],[73,-8],[125,15],[127,107],[30,43],[66,-84],[-34,-17],[12,-49],[-8,-77],[-66,-118],[-52,33],[-13,-44],[41,-35],[-86,-155],[-15,-58],[10,-82],[-41,-70],[30,-84],[23,-132]],[[20633,52936],[-52,-8],[-103,24],[-50,-25],[-1,-83],[-22,-17],[-29,-83],[-34,-22],[-131,-165],[-19,-63],[-68,-26],[-37,-34],[-4,-41],[-59,-25],[-44,14],[-95,88],[-40,60],[-15,63],[-81,38],[-9,55],[-44,14],[-34,-95],[29,-18],[-18,-69],[-36,11],[-26,-52],[20,-48],[-38,-72],[-27,-149]],[[19566,52208],[-181,28],[-127,26],[-117,121],[-100,66],[-81,15],[-110,90],[-189,115],[54,91],[-26,74],[-50,93],[-11,57],[17,93],[-80,193],[-78,160],[-18,12]],[[18469,53442],[75,28],[129,-21],[74,24],[56,36],[-30,51],[-58,204],[200,80],[186,94],[17,21],[81,218],[65,332],[2,73],[-35,41],[-59,4],[-46,187],[42,58],[73,24],[220,13],[191,18]],[[21790,58682],[21,127],[90,41],[-7,51],[23,68],[45,58],[50,154],[81,81],[282,32],[-7,41],[69,72],[116,22],[75,-8],[141,-47],[103,-23],[88,-56],[80,-66],[253,-153],[142,-58],[47,-6],[168,-51],[177,-90],[96,-32],[180,-109],[40,-34],[85,-150],[112,-66],[4,-51],[26,-39],[62,-35],[88,-10]],[[23021,56504],[8,-92],[-114,-10],[-115,16],[-2,58],[-44,-7],[-36,30],[9,96],[-18,40],[-5,73],[-120,-31],[-136,-18],[-66,-28],[-40,16],[-86,-80],[-108,-28],[-75,-87],[-49,18],[-115,-72],[-54,-9],[-8,-35],[-47,-48],[-40,0],[-71,-37],[-76,41],[-80,-16],[-83,9],[-97,-27],[-161,12]],[[21086,56883],[108,27],[78,-56],[36,39],[101,10],[87,-15],[14,25],[-25,59],[84,42],[-43,44],[12,25],[-34,60],[36,63],[-22,29],[12,120],[-33,45],[44,39],[-7,53],[40,62],[-47,103],[40,74],[-166,61],[57,76],[65,25],[10,40]],[[20628,55995],[-20,-32],[-107,-23],[-51,18],[-53,-58],[-112,-12],[-62,26]],[[20223,55914],[-37,15],[-4,47],[-97,17],[-103,1],[-5,99],[21,59],[-15,46],[-63,36],[-107,-14],[-81,36],[-132,-34],[-114,-56],[-56,47],[-64,29],[-44,-15],[-30,32],[-116,-55],[-117,18],[-148,-4],[-17,117],[11,31],[-54,19],[-55,98],[-10,71],[-51,27],[-53,-18],[-25,22],[-54,-4],[-101,20],[-28,19],[-81,-52],[-47,-47],[-100,48],[-102,-27],[-11,-63],[-57,-16],[-33,-61],[-71,-72],[-35,51],[-171,-37],[-16,47],[-81,-14],[-61,23],[-54,-55],[-62,19],[-67,-24]],[[17841,58211],[42,59],[-14,56],[20,62],[-9,102],[-52,12],[89,141],[37,44],[42,-15],[85,-2],[109,-61],[163,30],[91,82],[81,5],[39,39],[71,-1],[29,19],[49,123],[-55,152],[-41,73],[28,24],[14,125],[-17,52],[34,64],[157,23],[55,58],[54,2],[153,106],[1,50],[-67,43],[18,61],[49,30],[10,39],[61,27],[96,68],[3,26]],[[19266,59929],[46,-6],[67,-44],[52,12],[27,60],[-19,72],[-43,58],[61,19],[35,100],[26,-45],[32,0],[59,60],[13,105],[17,27],[68,30],[17,46],[41,23],[34,-22],[111,90],[93,122],[63,23],[144,98],[82,22],[43,55],[36,17],[69,66],[59,10],[102,77],[-16,22],[47,69]],[[20632,61095],[96,-75],[34,39],[-12,106],[59,7],[20,-65],[57,34],[63,18],[71,-9],[47,-56]],[[21067,61094],[12,-132],[-34,-142],[-7,-199],[7,-238],[-61,-48],[-40,-106],[-55,-104],[-56,-60],[-49,-17],[-70,-76],[-57,-20],[-61,-49],[-87,-26],[-208,-116],[-91,-26],[-38,31],[-57,0],[-11,-59],[15,-68],[72,-88],[41,-20],[241,36],[94,70],[196,57],[134,7],[68,42],[252,40],[39,15],[84,3],[137,33],[115,-5],[126,-80],[115,-111],[57,-43],[9,-50],[-53,-20],[-52,-94],[-32,-27]],[[20632,61095],[-43,114],[25,38],[-18,47],[54,114],[45,10],[97,-15],[62,-58],[83,7],[20,-49],[78,-30],[39,18],[-7,-197]],[[18339,62637],[37,6],[22,49],[67,80],[33,-17],[85,95],[161,73],[9,55],[37,3],[41,102],[110,-6],[-48,-61],[-50,-104],[-7,-90],[16,-40],[65,-83],[85,15],[153,-91],[48,21],[28,-23],[87,-26],[125,-72],[260,-64],[68,-47],[81,21],[54,-114],[60,-79],[115,-132],[71,-33],[118,-22],[20,15],[24,82],[88,77],[22,65],[-12,58],[22,77],[104,-49],[98,-73],[57,-22],[26,-74],[73,-118],[31,-232],[34,-93],[50,-62],[175,-160],[-11,-35],[-94,47],[-30,-33],[-68,3],[-12,89],[-50,-23],[-46,-55],[35,-24],[-86,-69],[-91,-21],[-32,-57],[-17,-71],[7,-51],[-30,-112],[-10,-115],[-59,8],[-103,-29],[-78,-73],[-21,-53],[-45,-18],[-43,-43],[-77,-11],[-55,-31],[-72,-112],[-53,-42],[-54,-7],[-46,-37],[-108,48],[-15,-66],[20,-54],[-73,-52],[-28,-66],[-53,-69],[-16,-81],[-77,-14],[-34,-85],[-42,-9],[-37,68],[-148,-21],[-42,-18],[-100,-10],[-40,-62],[-29,59],[31,32],[-27,50],[-111,-35],[-1,-52],[-42,-18],[-50,-52],[-151,-9],[-44,-22],[66,-56],[117,7],[94,39],[144,37],[165,-37],[56,-92]],[[16425,63059],[114,3],[97,-26],[156,-63],[51,-34],[45,0],[178,-75],[23,-50],[-48,-72],[3,-35],[72,-177],[100,21],[72,-22],[229,-33],[64,-17],[64,90],[90,65],[52,141],[76,-1],[67,26],[35,-34],[25,-124]],[[23610,55141],[-47,-47],[-48,13],[-61,-42],[-2,-64],[-112,-21],[-68,-2],[-44,25],[-62,-23],[-88,-7],[78,-94],[-81,-90],[-80,-29],[-11,-36],[-60,-51],[-64,21],[-95,-32],[-14,-45],[-40,-19],[-75,39],[15,93],[-122,7],[-13,-45],[6,-88],[-40,14],[-120,-14],[-17,-72],[-56,4],[-11,-38],[-68,-27],[-9,-31],[-52,-21],[-32,-66],[12,-45],[55,-9],[-23,-90],[7,-41],[69,-44],[3,-90],[-104,-28],[-122,5],[-13,50],[-37,52],[-69,65],[-86,-89],[-142,-38],[-19,-60],[-68,-73],[71,-71],[-74,-99],[-53,-33],[-66,-14],[-13,78],[31,96],[-90,25],[-177,-24],[-40,-38],[-46,31],[-24,-97],[-75,-35],[23,-189],[72,-57],[84,-37],[22,-39],[53,-9]],[[21278,53406],[-17,-28]],[[21261,53378],[-47,-77],[56,0]],[[21270,53301],[-32,-92],[22,-53],[-95,-21],[-49,42],[-213,-4],[-42,-90],[0,-164],[-126,-17],[-102,34]],[[19652,54927],[66,116],[-38,98],[5,85],[80,-17],[36,92],[133,-24],[-5,40],[35,48],[-31,137],[-89,16],[-64,85],[11,46],[71,31],[53,-16],[80,-100],[1,-56],[23,-28],[45,38],[14,113],[-43,42],[54,62],[-16,51],[150,128]],[[18360,53407],[22,6]],[[17960,53818],[-42,57],[-89,267],[90,-186],[41,-138]],[[18469,53442],[-151,97],[-145,46],[-85,80],[-71,102],[-8,72],[-35,99],[-49,87],[2,63],[-28,60],[-25,101],[-26,45],[23,78],[-62,-12],[-39,49],[-126,68],[-103,142],[-166,115],[-126,55],[-48,-1],[-94,54],[-146,48],[-106,7]],[[21261,53378],[48,-17],[-39,-60]],[[22107,51638],[-52,-9],[-40,31],[27,51],[-27,23],[-40,99],[-53,-48],[-69,-11],[-111,59],[-15,49],[20,73],[-51,15],[-22,71],[9,45],[38,60],[-56,41],[-10,30],[26,97],[64,36],[155,20],[-21,91],[26,39],[-8,60],[-32,45],[64,59],[47,24],[55,88],[-59,24],[-56,-6],[-47,21],[45,67],[-16,71],[-41,13],[-23,59],[-32,-4],[-18,47],[-86,5],[-15,43],[-41,43],[74,91],[7,80],[-17,38],[83,64],[39,-29],[43,96],[-6,80],[-89,57],[-159,-97],[-115,-87],[-179,43],[-45,-89]],[[19545,52149],[9,-5]],[[19554,52144],[-10,1]],[[19764,52083],[1,7]],[[19765,52090],[2,22]],[[19767,52112],[-171,27]],[[19596,52139],[12,6],[183,-25],[-27,-37]],[[13110,55459],[-69,-27],[-41,-61],[-68,-13],[-13,42],[91,34],[-9,79],[33,5],[89,-42],[-13,-17]],[[13335,55218],[72,-44],[-11,-43],[-80,-42],[-61,13],[14,103],[46,43],[20,-30]],[[22467,51114],[-117,-72],[-113,-42],[-33,-28],[-61,-137],[-37,-32],[-65,-4],[-113,26],[-94,-16],[-87,24],[-60,56],[-72,120],[-34,23],[-82,7],[-58,41],[-47,104],[-89,100],[-69,29],[-65,55],[-42,-43],[-12,-60],[-44,-61],[-56,22],[-33,-39],[74,-57],[-39,-38],[-128,-37],[-17,-50],[-44,-39],[-106,99],[-72,30],[-36,-82],[-88,-12],[-41,-46],[-50,14],[50,76],[-12,42],[37,55],[-38,98],[-28,41],[-63,33],[-114,-124],[-60,-24],[-26,-38],[-100,132],[-186,155],[0,119],[13,78],[-48,6],[-54,-21],[11,71],[-79,43]],[[19740,51711],[-24,22],[38,124],[24,19],[-55,132],[34,19]],[[19757,52027],[32,-26],[147,-78],[45,-12],[39,39],[-72,58],[83,96],[-278,85],[-187,19]],[[23992,42082],[-43,-15],[3,-41],[37,-16],[61,34],[37,-88],[3,-45],[-36,-12],[-16,-65],[-22,-22],[45,-67],[86,-13],[15,-55]],[[24162,41677],[-23,3],[-2,-85],[-58,-34],[0,-33],[-64,-4],[-5,-55],[25,-27],[-31,-55],[4,-32],[-54,-41],[-46,-2],[37,-98],[1,-112],[-10,-27],[-124,-12],[3,-83],[16,-55],[-74,-17],[-52,30],[-35,-17],[-37,-84],[-48,-21],[-54,17],[-60,-55]],[[23471,40778],[-44,58],[-67,118],[-37,-29],[-190,-13],[-48,152]],[[23085,41064],[30,36],[-12,37],[-1,149],[59,5],[40,66],[-89,3],[-7,51],[-30,31],[-2,74],[52,6],[13,74],[-69,15],[-12,79],[-3,126],[-59,50],[20,60],[40,40]],[[23055,41966],[40,-49],[48,-24],[37,60],[183,-69],[-3,106],[-41,49],[-3,100],[103,-24],[38,14],[16,49],[72,14],[48,-66],[70,-4],[-73,-64],[-12,-112],[55,0],[48,31],[53,112],[45,22],[8,34],[106,0],[95,-28],[4,-35]],[[23471,40778],[-40,-49],[7,-45],[-79,-33],[-209,-277],[-45,-51],[-26,-168],[53,-57],[35,-67],[12,-58],[45,-107],[23,-27],[0,-50],[54,-74],[72,26],[-28,-130],[-62,-5]],[[23283,39606],[-46,61],[-47,22],[-67,4],[-1,-48],[-55,-14],[-88,-73],[13,-29],[-44,-33],[-92,-41],[-98,-32],[12,-54],[-87,23],[-79,-45],[-79,1],[63,59],[-108,84],[-83,-16],[-40,32]],[[22357,39507],[8,82],[32,57],[62,-1],[16,-47],[142,-15],[-12,32],[55,46],[-72,218],[-17,69],[-55,111],[-38,-13],[-33,67],[-88,-23],[-19,29],[-58,-27],[-26,51],[-62,-24],[-13,74],[-53,36],[-38,77],[79,85],[-50,59],[-41,191],[17,-2]],[[22093,40639],[80,53],[39,-19],[0,72]],[[22212,40745],[41,-34],[92,-33],[115,79],[-11,30],[69,12],[16,-28],[-8,-79],[141,-5],[10,45],[42,42],[47,2],[36,135],[88,5],[3,51],[44,0],[1,42],[50,38],[97,17]],[[25414,43043],[-23,-60],[9,-47],[-36,-105],[8,-111],[59,14],[-13,-68],[79,-7],[-34,-45],[-19,-93],[-60,7],[-47,-26],[-38,-67],[6,-53],[63,-37],[-38,-46],[-29,2],[-35,-56],[-41,-6],[111,-84],[29,-83],[-26,-61],[-40,-33],[-31,13],[-14,-74],[-39,-54],[-56,-9],[-21,83],[-105,10],[-45,16],[43,44],[-8,60],[-43,40],[-21,-68],[-131,0],[-26,48],[-139,92],[-91,-15],[-18,98],[-26,49],[-75,4],[-60,65],[-92,-7]],[[24301,42373],[-3,54],[29,33],[-27,53],[-45,-15],[-23,143],[-29,130],[1,103],[-21,36],[54,47],[34,-5],[47,110],[58,-26],[32,23],[46,-37],[0,-30],[184,-31],[46,35],[-22,32],[22,88],[67,93],[61,50],[50,74],[20,-7],[53,-91],[107,41],[28,-41],[68,-37],[88,-25],[57,-1],[57,-20],[33,-32],[-8,-33],[49,-44]],[[23055,41966],[-80,79],[8,38],[-41,62],[116,30],[-55,92],[57,24],[-1,78],[-205,-68],[-53,135],[20,30],[-46,173],[-50,104],[-33,-13],[-25,75],[-71,-17],[-54,60],[-37,65],[-119,29]],[[22386,42942],[-49,40],[68,58],[-30,112],[-41,13],[-48,66],[43,64],[42,131],[-64,12],[-13,24]],[[22294,43462],[-27,54],[73,-3],[-12,68],[15,26],[115,-47],[24,66],[-2,46],[77,46],[44,-21],[26,47],[35,9],[46,133],[118,-86],[-3,76],[71,-44],[42,29],[-24,45],[74,-1],[2,74],[-133,-37],[-18,89],[93,49],[13,94],[54,37],[2,76],[-159,154],[-11,33],[49,87],[29,13],[56,106],[-33,96],[-45,39],[-31,140],[-71,97],[14,80],[-52,83],[24,67],[67,40],[50,103],[64,95],[-39,28],[1,110],[20,2],[99,148],[2,53],[48,26],[76,106]],[[23157,45993],[69,-45],[105,49],[228,134],[36,-37],[28,23],[72,16],[29,-16],[117,-129],[71,-171],[42,9],[85,-77],[72,-81],[94,-62],[93,-34],[24,68],[41,-7],[56,51],[4,26],[144,13],[105,50],[27,62],[51,-8]],[[24750,45827],[-21,-83],[38,-90],[65,-104],[0,-55],[58,-21],[24,-42],[-15,-132],[23,-19],[16,-127],[39,-5],[103,33],[26,-16],[32,-65],[-15,-61],[66,-90],[67,-126],[93,-92],[26,-101],[53,-50],[44,-81],[14,-72],[42,-25],[10,-54],[77,-51],[68,30],[9,43],[94,47],[65,-15],[-7,-143],[-20,-29],[-61,-29],[-8,-33],[-92,-59],[38,-51],[-28,-24],[-2,-65],[-19,-37],[27,-57],[-3,-39],[86,-171],[121,-165],[129,-155]],[[26012,43346],[-131,2],[-41,37],[-158,-75],[-13,-130],[-33,-40]],[[25636,43140],[-61,-8],[-61,-34],[-24,-58],[-76,3]],[[24301,42373],[-109,-2],[-7,55],[-59,-18],[-63,17],[-77,-47],[-18,-51],[58,-7],[11,-58],[-49,-14],[3,-39],[50,-20],[-7,-92],[-42,-15]],[[23283,39606],[-10,-32],[43,-39],[5,-47],[44,-5],[-7,-53],[23,-65],[-18,-69],[-31,-28],[23,-117],[93,-53],[-6,-44],[163,-72],[-3,52],[21,61],[40,63],[59,31],[26,72]],[[23748,39261],[129,-178],[-5,-53],[53,-10],[51,19],[0,-72],[67,-15],[2,-76],[78,12],[32,29],[46,-54],[-16,-21],[-127,-50],[-45,-98],[23,-35],[-24,-83],[125,-46],[55,-73],[8,-70],[-10,-86],[-39,-50],[-40,-82],[-75,-24],[-63,-73],[-16,-52],[-96,-16],[-34,-75],[59,-64],[-54,-83],[-2,-87],[-16,-36],[50,-109],[5,-85],[-18,-63],[58,-102],[65,-44],[102,-28],[29,-80],[0,-82],[47,-59],[5,-58],[37,-56],[33,-3],[60,-64],[24,-112],[-48,-48],[22,-53],[16,-149],[63,-52],[44,-117],[49,-36]],[[24457,36259],[-13,-22],[-109,-9]],[[24335,36228],[-49,58],[-85,-22],[-7,42],[-42,30],[13,35],[-41,44],[-44,76],[-24,-52],[-59,-3],[-18,30],[3,70],[-71,36],[-54,-44],[-76,43],[-129,-66],[-23,-25],[-71,32],[-34,-63],[-60,-6],[-2,45],[-28,41],[-42,160],[-120,16],[92,64],[-29,44],[50,78],[-5,81],[28,3],[-12,70],[-38,36],[35,106],[30,20],[10,58],[-25,24],[-176,0],[-33,35],[-69,24],[-73,-10],[-23,46],[-108,49],[-16,41],[-85,2],[-72,-85],[-4,-58],[-35,-39],[-67,39],[-95,-34],[-84,-14],[-20,58],[-62,46],[-54,7],[-31,52],[12,55],[-62,26],[-7,91],[32,59],[-86,87],[-35,5],[-6,48],[-71,15],[-39,-20],[-42,-111],[-16,0],[-46,87],[-27,-31],[-1,-79],[-77,-39],[-56,26],[-30,-61],[-15,-78],[-42,-14]],[[21687,37514],[13,44],[-18,40],[-37,-12],[-35,29],[12,66],[-16,48],[28,76],[-63,44],[-101,7],[-21,72],[44,98],[14,142],[-28,48],[-68,7],[-2,82],[37,112],[-82,92],[-123,93],[0,23]],[[21241,38625],[45,16],[16,49],[-34,43],[18,76],[63,89],[74,7],[83,-34],[66,18],[86,-29],[78,-1],[17,21],[120,-22],[79,94],[-29,21],[-25,106],[19,102],[-28,53],[53,53]],[[21942,39287],[97,8],[29,-37],[65,46],[123,54],[45,61],[59,44],[-3,44]],[[25636,43140],[-4,-90],[72,-59],[5,-44],[38,-31],[21,-66],[60,-49],[86,-88],[21,-64],[61,-31],[66,-98],[1,-40],[78,-30],[63,-6],[39,-54],[53,-37],[23,-158],[-61,-63],[-68,-8],[-32,-32],[-155,2],[-67,-31],[-51,-2],[21,-56],[72,14],[14,-49],[34,-21],[79,-115],[45,-33],[16,-72],[-49,-36],[-39,-6],[-47,-44],[6,-39],[59,-84],[19,-53],[70,16],[47,-38],[-6,-38],[26,-34],[-19,-42],[37,-92],[95,-27],[39,-89],[-37,-33],[-9,-49],[-97,-11],[-66,-19],[-119,-84],[16,-32],[-51,-51],[-1,-108],[25,-32],[84,-53],[90,9],[30,-14],[7,-52],[-32,-38],[29,-54],[-78,-84],[7,-56],[-95,-62],[-51,-9],[-42,-70],[-146,-98],[-17,-19],[-57,11],[-119,-33],[2,-75],[86,-53],[56,-11],[11,-113],[-43,-134]],[[25787,39696],[-138,26],[-205,-11],[-101,5],[-109,-67],[-70,-5],[-63,-21],[-138,2]],[[24963,39625],[-10,109],[-27,109],[38,124],[71,-3],[58,101],[76,-22],[6,35],[-39,36],[0,86],[91,2],[29,43],[56,0],[-11,39],[41,156],[23,1],[43,139],[-26,83],[5,58],[-83,6],[-51,-59],[-19,41],[-45,-36],[-34,29],[4,41],[-58,70],[-56,29],[-20,96],[-57,-14],[-25,29],[-64,-17],[-25,96],[-73,58],[-21,-1],[-26,103],[-83,79],[-23,91],[-34,39],[30,56],[4,81],[-24,10],[11,111],[-86,83],[-102,-11],[-98,-23],[-8,-20],[-100,20],[-59,-31]],[[19128,35515],[-14,58],[-44,-4],[-34,53],[-23,69],[9,69],[36,21],[78,-39],[54,-59],[62,-36]],[[19252,35647],[-52,-83],[-72,-49]],[[21687,37514],[-3,-62],[34,-55],[-41,-19],[-8,-67],[-40,-89],[54,-93],[-28,-11],[-13,-50],[-67,-59],[-10,-48],[-66,2],[18,-60],[88,-85],[-13,-94],[18,-4],[27,-121],[42,-22],[11,-46],[-38,-13],[-27,-55],[77,-50],[-17,-91],[33,-8],[-22,-89],[-90,22],[-22,-37],[-4,-68],[-40,-82],[-55,-36],[-12,52],[-57,18],[-127,-63],[-22,-45],[-69,22],[-49,41],[-123,13],[-16,-26],[-96,-28],[-208,50],[-18,-17],[-24,-85],[-58,-29],[-54,17],[-72,-10],[1,39],[-91,-6],[-43,39],[-87,5],[-69,-35],[-73,11],[-62,28],[-30,-77],[-38,-34],[-57,-1],[-35,50],[-106,40],[-20,-21],[-116,30],[-44,28],[-74,-18],[-31,-90],[-85,-47],[-63,-53],[-40,-62]],[[19317,35760],[-27,50],[-38,-5],[-57,46],[-59,111],[-59,20],[-6,121],[-48,47],[23,43],[-28,22],[-83,-60],[-130,-31],[-95,-4],[-48,87],[-61,33],[-47,-70],[-50,-41],[-93,9],[-49,29],[-24,66],[35,103],[-25,50],[-126,-27],[-92,-52],[-51,20]],[[18079,36327],[-45,5],[-72,-30]],[[17962,36302],[101,61],[-6,69],[-39,-14],[-23,42],[-3,56],[83,37],[-13,34],[19,116],[131,83],[117,105],[67,78],[58,19],[31,31],[138,58],[48,-7],[35,128],[-16,61],[45,26],[17,53],[40,27],[-11,119],[71,59],[112,111],[73,53],[66,10],[16,73],[32,78],[38,-31],[115,60],[27,54],[-29,64],[23,52],[69,48],[49,56],[-25,40],[67,33],[49,-8],[93,-50],[61,-62],[90,-24],[60,18],[52,84],[22,63],[134,19],[47,41],[110,61],[38,-17],[137,80]],[[20378,38449],[85,53],[69,-76],[72,35],[27,44],[123,-133],[75,44],[124,49],[27,40],[-35,43],[-36,121],[-39,7],[13,47],[48,28],[102,-28],[46,71],[162,-169]],[[22212,40745],[33,45],[-25,77],[-53,61],[1,68],[-85,15],[-115,71],[-39,43],[-40,4],[-77,37],[-92,-70],[-62,22],[-23,61],[-159,-19],[-51,-24],[-42,3],[-100,-19],[-46,-51],[-113,79],[-43,-10],[-179,-1],[-17,57],[10,54],[31,39],[-18,78],[146,49],[10,95],[20,72]],[[21084,41581],[-2,64],[32,18],[106,10],[-2,54],[94,44],[0,112],[12,29],[-20,78],[29,50],[65,23],[7,-78],[106,-56],[69,22],[-36,78],[47,44],[29,53],[-22,68],[64,17],[7,27],[-30,60],[6,66],[-71,45],[-4,86],[47,23],[103,12],[33,-22],[66,3],[90,91],[0,50],[23,107],[28,29],[56,-1],[179,-65],[-11,126],[56,22],[93,75],[53,-3]],[[21942,39287],[-19,231],[-36,79],[38,52],[-27,79],[26,16],[-14,76],[8,72],[-14,27],[-57,20],[-31,43],[2,103],[-22,49],[37,17],[7,45],[51,-2],[30,27],[-27,45],[-10,111],[-59,27],[22,115],[28,91],[43,44],[-5,25],[68,39],[57,-26],[54,13],[1,-66]],[[24963,39625],[-71,18],[-64,-1],[-51,-17],[-99,7],[-48,-8],[-68,15],[-107,0],[-268,-66],[38,-141],[-67,-15],[-16,-63],[-129,-57],[-68,-10],[-43,34],[-85,-4],[-23,-39],[-46,-17]],[[24335,36228],[-22,-74],[-81,-42],[-84,-20],[-5,-53],[46,-62],[-76,-32],[5,-83],[22,-84],[100,-19],[40,-31],[-40,-95],[-8,-69],[-61,14],[-92,64],[7,36],[-81,59],[-64,-6],[-46,-80],[-30,-24],[-72,-22],[-50,-51],[-74,-12],[-58,31],[-76,-47],[-44,20],[-22,61],[-52,77],[-36,16]],[[23381,35700],[-109,72],[-81,5],[-34,47],[-94,20],[-99,-47],[-80,-3],[-66,22],[6,-216],[-59,-134],[0,-36],[-73,-59],[-45,-70],[-6,-59],[-123,-46],[-47,9],[-38,-62],[-8,-114],[-65,6],[-69,-26],[-2,-27],[-142,-37],[-58,-107],[-40,22],[-99,114],[-79,-54],[-61,-104],[39,-25],[-58,-156],[-34,-16],[-78,22],[-50,-20],[-6,-62],[68,-47],[-72,-15],[-43,48],[-54,-11],[-21,-33],[-132,46],[-60,-17],[3,-69],[-22,-49],[-55,6],[-31,125],[-62,5],[21,-54],[-40,-48],[-72,-36],[-86,13],[-27,-103],[-80,-54],[-12,-33],[-82,-11],[-75,-45],[-73,-105],[-69,-26]],[[20547,34046],[23,44],[-9,100],[-121,124],[29,8],[-35,104],[-38,-31],[-77,-20],[7,-40],[-37,-29],[-62,67],[-60,0],[-14,-111],[49,-64],[-22,-63],[18,-57],[46,-41],[-16,-22],[-61,5],[-67,95],[9,35],[-6,122],[-55,14],[-42,48],[-91,3],[-47,-27],[-7,-48],[44,-44],[0,-76],[-51,18],[-129,-25],[-47,-31],[-22,-63],[-69,-46],[-64,13],[-121,-51],[26,-69],[68,-64],[29,-90],[53,-72],[-5,-55],[48,-28],[49,62],[67,50],[35,-61],[-21,-58],[-14,-95],[-36,-9],[-146,-87]],[[19555,33381],[-119,72],[-151,60],[-19,39],[-55,7],[-10,-41],[-84,41],[-56,-41],[-31,2],[7,75],[18,41],[-82,17],[-53,-18],[-60,73],[-55,32],[-12,31],[-69,-18]],[[18724,33753],[-54,95]],[[18670,33848],[-45,63]],[[18625,33911],[9,24]],[[18634,33935],[94,1],[41,79],[-71,21],[-18,42],[24,65],[42,30],[35,93],[49,3],[46,-26],[61,72],[64,-13],[106,100],[-47,65],[-10,81],[-24,69],[21,130],[57,51],[-27,66],[-49,14],[-48,51],[-45,77],[-61,140],[-57,69],[13,50],[101,-1],[29,29],[35,79],[2,56],[-34,40],[165,47]],[[19252,35647],[59,-15],[35,81],[-29,47]],[[21084,41581],[-84,-33],[-109,32],[9,52],[-63,24],[-70,8],[-1,-68],[-82,0],[-21,-24],[-195,-17],[19,-71],[-54,-38],[-31,-49],[-118,9],[-21,64],[-79,-36],[-84,-4],[-169,-87],[-77,-32],[-4,-71],[-74,-28],[3,-35],[117,-2],[5,-41],[88,-13],[-21,-115],[-18,-48],[-33,-27],[-7,-132],[-34,16],[-71,-8],[-2,-66],[-21,-34],[36,-29],[-74,-37],[-54,53],[-51,8],[-24,75],[-38,25],[9,69],[-52,10],[-164,-13],[-51,-69],[67,-43],[22,-40],[69,-58],[51,-15],[-36,-111],[-108,-93],[-33,-10],[8,-74],[-110,-32],[-54,8],[-69,-15],[-57,14],[-37,-16]],[[19032,40314],[-77,33],[-177,156],[-73,91],[-40,22],[-54,-9],[-76,-48],[-97,16],[-36,-11],[-39,46],[-13,97],[58,87],[8,79],[-41,15],[88,99],[-47,11],[2,68],[-52,126],[-48,70],[-48,7],[-72,78],[33,60],[-10,20],[-78,44],[-24,31]],[[18119,41502],[-108,41],[-62,73],[-29,73],[9,117],[-62,186],[78,15],[37,48],[51,107],[-20,24],[7,60],[-24,63],[-42,165],[25,4],[-50,106],[-55,16],[-125,-94],[19,-30],[-128,-10],[-5,-55],[-59,2],[-41,30],[-40,-37],[-36,68],[9,99],[47,38],[14,39],[49,26],[39,54],[89,17],[-10,52],[21,67],[-76,7],[-38,38],[-143,-32],[-38,5],[-50,-28],[-80,8],[-61,134]],[[17231,42998],[22,47],[-89,45],[-32,-14],[-63,37],[8,60],[76,-25],[44,24],[-28,105],[14,39],[-26,178],[-51,28],[-51,92],[49,50],[30,8],[120,95],[143,30],[65,35],[70,-10],[73,37],[25,-26],[41,39],[44,8],[24,65],[-40,42],[-64,11],[-50,53],[-1,173],[41,-2],[29,44],[56,26],[108,18],[2,44],[106,-17],[68,15],[77,47],[16,76],[93,68],[115,-64],[38,-8],[133,-78],[15,32],[55,23],[20,31],[15,97],[-15,126]],[[18556,44702],[40,28],[-16,65],[243,47],[-11,-98],[22,-39],[66,-47],[-13,-64],[71,1],[33,-16],[5,-52],[69,-7],[29,-37],[-30,-66],[56,-143],[64,-55],[89,-18],[136,19],[30,117],[-14,38],[33,26],[12,88],[65,-6],[32,38]],[[19567,44521],[30,-59],[30,5],[110,-19],[34,-57],[51,-9],[86,-58],[-10,-39],[128,-78],[28,-39],[36,14],[48,88],[43,-39],[112,16],[19,-122],[73,45],[56,11],[24,-38],[122,-21],[154,1],[19,-43],[-18,-58],[36,-11],[83,14],[-53,-138],[-74,-67],[7,-30],[143,-48],[-15,-41],[35,-24],[116,7],[60,27],[37,-37],[114,13],[67,-4],[20,-96],[60,-29],[6,-46],[49,-53],[81,-6],[57,-44],[23,-46],[33,-6],[72,60],[47,-26],[32,17],[31,77],[108,-51],[102,-21],[-18,-33],[84,-37],[37,-3],[35,-40],[67,-17],[54,28],[-15,76],[31,75]],[[15425,47612],[60,-12],[-42,-55],[65,-43],[-15,-68],[-63,-75],[-33,26],[-33,-132],[11,-71],[31,-98],[22,-24],[95,-233],[7,-62],[79,-166],[68,74],[26,-43],[56,-34],[46,80],[14,113],[53,126],[144,-7],[149,-27],[46,-48],[43,-124],[37,27],[31,-43],[83,31],[33,-58]],[[16438,46666],[-68,-137],[36,-144],[-64,-13],[-17,-66],[-74,-35],[-39,15],[-65,-14],[-23,-63],[-77,15],[-22,-41],[70,-40],[-3,-27],[65,-53],[-13,-57],[-91,4],[29,-56],[47,-30],[56,-2],[7,-28],[-29,-57],[-79,-70],[25,-65],[37,-9],[20,-151],[-41,-9],[23,-50],[-16,-59],[12,-61],[-31,-49],[-1,-43],[-39,-59],[-59,-37],[-85,-7],[-41,-53],[41,-31],[73,-115],[-21,-46],[-40,-20],[-3,-102],[9,-50],[-43,-17],[-31,-100],[-93,52],[-44,-46],[14,-25],[-45,-46],[-19,53],[-67,-69],[-41,7],[-60,-70],[-43,-21],[-165,-21],[-50,11],[-53,-136],[4,-66],[52,-38],[88,-35],[-12,-39],[-9,-180],[16,-104],[-33,-48],[-60,24],[-47,-9],[-85,-51],[23,-43],[0,-57],[-40,-36],[-66,113],[-69,-29],[17,-54],[-70,12],[-8,-56],[-193,21],[-16,-78],[-20,-23],[-84,13],[-46,-35],[-47,-72],[-41,-5],[-112,-71]],[[14349,43377],[-22,70],[-74,46],[1,38],[-65,-13],[-96,116],[-465,-251],[-18,-17],[-204,85],[-40,45],[-107,-101],[-30,-46],[-46,15],[-62,-71],[-17,-180],[-13,-63],[-129,-107],[-18,30],[-62,-40],[-60,34],[-75,-26],[-2,-23],[-133,-9],[-49,63],[-79,21],[-42,-20],[-74,61],[-72,-21]],[[12296,43013],[0,66],[37,77],[14,77],[5,133]],[[12352,43366],[18,49],[-3,135],[12,117],[139,41],[40,72],[2,42],[-50,81],[23,91],[-56,22],[-51,-29],[-48,63],[-11,40],[-35,229],[-53,303],[52,120],[26,24],[-5,83],[11,77],[41,17],[86,-19],[15,45],[363,258],[179,-3],[87,86],[46,17],[-26,50],[13,94],[-59,83],[32,82],[-51,50],[-17,75],[44,110]],[[13116,45871],[98,-26],[66,14],[199,94],[30,60],[50,9],[-19,95],[426,166],[2,53],[80,37],[-31,79],[17,44],[-6,63],[36,21],[-24,94],[33,65],[-19,49],[43,49],[77,-2],[24,-38],[105,61],[-3,69],[-38,104],[-10,71],[4,90],[18,53],[-31,11],[-124,8],[-25,-35],[-48,103],[28,29],[-33,61],[64,98],[12,75]],[[14117,47595],[34,90],[75,-13],[28,146],[31,26],[65,-4],[41,51]],[[14391,47891],[95,-76],[64,43],[68,-16],[38,68],[-8,32],[43,22],[10,-69],[29,-45],[40,-10],[117,-63],[46,-70],[67,-12],[91,20],[86,-11],[-13,94],[113,-97],[24,-53],[32,-20],[92,-16]],[[19032,40314],[54,-36],[23,-86],[44,-33],[145,-45],[8,-56],[-42,-47],[-62,-39],[-17,-99],[-37,-29],[15,-67],[-5,-47],[-53,-51],[40,-34],[-3,-104],[52,-43],[-49,-106],[-40,-6],[15,-169],[-25,-60],[-38,-40],[62,-88],[9,-94]],[[19128,38935],[-46,51],[-58,107],[-101,97],[-129,251],[-24,97],[-46,55],[-72,-36],[-65,-17],[-36,-39],[27,-83],[-121,-44],[-41,25],[-69,-20],[-22,-97],[-44,-49],[-65,6],[-52,-46],[-10,-54],[-36,-2],[-20,-44],[-92,-22],[-25,16],[-74,-48],[-54,-9],[-57,14],[-104,-44],[-30,38],[-49,-19],[-35,-70],[8,-52],[92,-47],[-2,-62],[30,-32],[-66,-72],[-91,0],[-108,-33],[-33,4],[6,-67]],[[17414,38588],[-70,-25],[-49,33],[-68,69],[33,65],[-7,32],[-44,24],[52,119],[-22,103],[-64,27],[-97,-18],[-20,18],[-73,-33],[-37,6],[-52,-91],[-93,17],[-2,67],[-66,87],[42,21],[3,42],[67,50],[-89,48],[60,62],[32,13],[-37,73],[-6,48],[-61,61],[-24,114],[11,108],[35,62],[46,14],[-70,134],[-110,50],[4,50]],[[16638,40038],[50,39],[-5,54],[36,60],[66,25],[-12,101],[-59,19],[-27,98],[105,-68],[38,47],[-77,90],[-42,66],[23,48],[-58,34],[-39,84],[34,62],[104,-40],[82,42],[15,26],[102,42],[8,42],[58,-18],[60,10],[-22,43],[92,69],[102,-5],[3,39],[80,11],[77,-23],[61,-47],[53,33],[34,83],[55,26],[15,-50],[34,-34],[52,58],[-6,45],[41,3],[18,81],[52,63],[81,-6],[64,52],[95,40],[38,120]],[[20378,38449],[-69,70],[-97,27],[-65,79],[-60,10],[-67,56],[2,64],[-89,80],[-77,52],[-26,-6],[-59,42],[28,33],[-51,93],[-62,29],[-91,-26],[-95,7],[-49,-12],[-7,-90],[-83,-40],[-34,-62],[-69,48],[-56,63],[-74,-31]],[[17962,36302],[-68,6],[-89,-17],[-59,31],[22,130],[27,35],[57,31],[-3,58],[-42,69],[59,65],[10,74],[-65,110],[3,39],[34,55],[-18,33],[-48,23],[-32,56],[45,64],[0,55],[65,0],[51,47],[12,62],[136,151],[59,46],[-60,18],[23,54],[-50,12],[-15,78],[63,88],[6,46],[-42,85],[138,118],[-17,48],[-70,-10],[-30,-28],[-120,4],[-36,-9],[-70,40],[-70,7],[-81,30],[-50,-17],[-93,-76],[-58,12]],[[17486,38025],[64,8],[22,162],[21,38],[-18,231],[-44,75],[-69,11],[-48,38]],[[17231,42998],[-28,-28],[57,-92],[-81,1],[-47,-47],[-78,10],[-74,-16],[-27,-30],[-16,-62],[-30,-34],[-77,-41],[-123,-12],[-57,-35],[-165,32]],[[16485,42644],[-8,79],[-59,-6],[-31,36],[25,31],[-2,54],[-81,61],[43,117],[114,95],[2,64],[55,-4],[-24,70],[-99,15],[-24,41],[-63,61],[-48,-19],[-66,24],[-35,-21],[-59,33],[-65,-105],[14,-41],[-29,-22],[-44,9],[-36,-36],[-30,-77],[2,-59],[-25,-24],[-67,2],[-47,-48],[-45,-194],[-93,-28],[-21,-73],[-56,-1],[-15,-64],[-58,-60],[-149,29],[-56,-20],[-14,-52],[-84,-16],[-29,19],[-43,-22],[-17,-37],[-345,79],[-206,-90],[-107,108],[-42,-47],[-46,1],[17,106],[-31,76],[26,56],[36,9],[-10,68],[-43,37],[-16,41],[6,105],[29,41],[-7,142],[-53,76],[23,114]],[[16438,46666],[118,-1],[66,-28],[77,51],[42,-61],[7,-50],[84,-27],[17,-35],[55,-18],[15,-42],[-47,-67],[-87,-4],[-23,-37],[31,-32],[56,15],[23,-32],[87,-26],[-8,-44],[-68,-19],[-9,-72],[-27,-50],[-23,-92],[56,-18],[89,7],[20,46],[34,18],[36,-24],[-13,-69],[31,-43],[44,-24],[101,16],[17,57],[68,38],[17,-24],[80,-17],[-51,-87],[42,-21],[5,-146],[-9,-54],[100,-12],[7,-44]],[[17498,45594],[-13,-49],[95,-92],[-35,-93],[50,-8],[28,-105],[-89,-14],[-54,-27],[50,-49],[82,-2],[100,132],[51,27],[121,-4],[48,-59],[61,-15],[86,20],[148,12],[57,-11],[1,-183],[116,-12],[33,-22],[-34,-181],[35,-1],[35,-54],[37,-101],[49,-1]],[[16638,40038],[-97,16],[-3,50],[56,29],[45,42],[18,46],[-13,43],[-61,82],[-79,3],[-7,27],[-59,-1],[-46,-50],[-40,5],[-72,36],[-15,31],[-55,10],[3,50],[-92,-1],[-68,-80],[-18,13],[-94,-64],[-34,28],[33,99],[-1,70],[-24,52],[18,56],[-42,77],[-73,78],[2,33],[-41,23]],[[15779,40841],[36,14],[35,-46],[34,-10],[36,49],[38,-97],[97,8],[41,91],[-25,70],[12,55],[-59,57],[11,64],[53,-36],[58,9],[82,61],[10,36],[-97,32],[-123,98],[-134,28],[-12,39],[-128,33],[-31,33],[29,56],[-76,56],[77,28],[48,43],[-14,67],[32,95],[-3,64],[34,30],[2,64],[48,-4],[10,46],[47,-2],[32,50],[11,71],[62,-31],[92,-19],[6,61],[68,12],[25,48],[31,6],[27,95],[45,42],[14,77],[-26,50],[33,14],[78,72],[32,70],[8,54]],[[19567,44521],[56,108],[1,39],[-33,142],[-51,24],[23,53],[-3,127],[-38,72],[24,42],[70,-7],[84,39],[-47,140],[196,56],[12,40],[40,16],[32,-21],[46,8],[33,32],[44,-16],[-29,136],[17,146],[-65,14],[47,39],[-16,52],[17,81],[5,140],[26,2],[3,87],[76,26],[30,61],[26,3],[-29,155],[-66,50],[-5,56],[27,47],[60,15],[-12,32],[55,21],[-15,54],[33,78],[59,14],[46,-29],[11,-78],[132,-21],[141,26],[21,-23],[36,-115],[119,-41],[98,32],[92,97],[110,70],[97,32],[50,42],[78,42],[26,-53],[62,29],[63,-47],[33,5],[-13,103],[76,-8],[17,30],[68,-6],[38,18],[33,169],[147,-59],[-6,-59],[94,33],[67,10],[72,68]],[[22108,46991],[49,-33],[-12,-25],[29,-61],[107,-141],[60,-226],[128,-125],[50,-6],[-9,-63],[33,-65],[-46,-32],[36,-48],[41,39],[67,19],[113,-31],[74,-191],[114,-24],[59,-70],[156,85]],[[15945,54444],[33,-33]],[[15978,54411],[24,-43]],[[16002,54368],[53,-105],[129,-12],[-1,-50],[46,-5],[11,42],[39,3],[58,-26],[22,-51],[37,30],[82,-28],[0,-30],[91,26],[9,-103],[51,-16],[29,-39],[39,35],[96,-52],[15,-70],[68,-19],[97,-114],[202,107],[35,-81],[37,-130],[114,-108],[-98,-71],[-144,-121],[24,-26],[-176,-87],[-17,-53],[-48,-38],[60,-73],[136,-46],[12,69],[43,10],[94,-43],[14,-36],[-36,-113],[38,-43],[0,-37],[-37,-25],[-47,15],[-50,-25],[28,-88],[-101,-2],[-28,33],[-31,-79],[-43,-35],[-55,-15],[-36,49],[-64,-15],[16,-58],[-82,-8],[-44,-58],[-49,-38],[-37,-81]],[[16603,52434],[-26,6],[-109,-185],[4,-88],[-36,-42],[-54,12],[-180,129],[-85,-9],[-18,-52],[-56,-53],[-99,-30],[-115,28],[-83,-9],[-7,-56],[-25,-14],[26,-87],[-73,-69],[-139,25],[-17,29],[-112,-79],[-46,-59],[2,-37],[92,-12],[68,-42],[142,-16],[20,-47],[-9,-55],[-47,-21],[10,-161],[58,-1],[25,-25],[-36,-40],[3,-76],[-78,13],[-149,-85],[-72,-69],[99,-28],[52,-115],[86,-80],[-11,-34],[-143,-124],[-37,-58],[-53,32],[-20,-40],[44,-38]],[[15399,50672],[-215,131],[-73,-30],[-107,-5],[-68,-34],[-123,19],[-25,-79],[-52,-54],[-80,-26],[-19,-25],[-120,-49],[87,-64],[3,-77],[56,-42],[-28,-117],[-38,-60],[-154,-29],[10,-128],[-98,-7],[-47,9],[-101,-28],[31,-30],[-87,-15],[-48,-38],[-52,-3],[-86,-38],[-12,46],[-67,11],[-26,-14],[-104,61],[-110,34],[-36,-26],[-41,-74],[-24,-4],[-108,31],[-27,34],[-71,3],[43,100],[32,147],[-18,200],[-11,47],[-63,114]],[[13322,50563],[-11,96],[-7,199],[-20,138],[1,443]],[[13285,51439],[66,-10],[30,45],[35,-19],[52,47],[127,29],[79,34],[43,-19],[141,-10],[68,43],[60,102],[98,76],[7,43],[-62,77],[-5,81],[32,45],[-5,73],[-67,54],[-65,190],[47,31],[78,85],[22,60],[-35,38],[-85,7],[-54,-20],[-57,-61],[-53,-10],[-68,34],[-222,76],[-67,-12]],[[13425,52548],[-48,119],[-61,122],[-75,172],[-6,200],[3,122],[79,178],[-7,12],[64,169],[45,70],[-3,41],[53,141],[51,169],[-7,27],[21,125],[40,116],[82,206],[43,-21],[89,155],[63,74],[-18,27],[70,65],[62,0],[68,39],[145,40],[91,2],[-20,-51],[50,-76],[46,17],[146,-166],[113,-104],[108,-72],[98,-36],[147,-16],[52,19],[141,-29],[227,-9],[137,32],[80,30],[148,30],[183,-29],[20,-14]],[[14066,52580],[-5,-43],[59,-15],[16,34],[-70,24]],[[23283,50720],[9,-46],[-71,-97],[-67,-9],[-58,-57],[40,-45],[-88,3],[-59,37],[-38,2],[6,50],[-110,-11],[-54,23],[-7,-45],[-94,-33],[-147,11],[-13,-26],[15,-143],[-5,-46],[-62,7],[-13,-25],[-61,15],[-9,-45],[-69,23],[-47,-13],[-52,16],[16,-65],[-39,-69],[-22,25],[-83,1],[-80,-79],[-41,-122],[69,-50],[87,-27],[40,52],[47,-16],[-49,-53],[-49,-91],[30,-50],[58,-39],[-42,-49],[-115,-61],[-74,36],[-30,-109],[-27,-15],[12,-49],[56,-67],[17,-65],[43,-43],[53,-24],[-19,-39],[-3,-75],[-88,-56],[-47,-44],[-30,47],[-86,-63],[-74,85],[-21,-36],[-50,-18],[-100,-56],[-6,-30],[-108,-18],[-11,-110],[-51,-68],[-37,-74],[-84,-91]],[[21291,48591],[-21,58],[-50,20],[-64,102],[-60,-13],[-39,69],[-163,15],[21,118],[-103,53],[-124,8],[-108,-58],[-110,0],[-49,80],[-33,24],[-47,73],[-153,58],[-30,66],[-98,-39],[-31,-70],[-136,-83],[-70,56],[-144,30],[-56,35],[-11,49],[-84,55],[-224,44]],[[19304,49341],[-301,66],[-39,79],[-41,52],[-47,209],[-1,64],[-37,58],[-5,70],[76,-26],[-15,92],[-29,57],[-47,3],[-12,60],[-49,136],[-60,60]],[[18697,50321],[62,78],[45,92],[61,34],[32,55],[81,10],[-9,75],[16,58],[34,44],[82,10],[47,142],[122,-5],[63,47],[85,7],[69,63],[40,-5],[71,126],[127,-15],[89,37],[-16,131],[-50,15],[-16,108],[14,70],[-49,38],[-54,6],[-14,94],[93,-12],[18,87]],[[26837,48819],[36,-67],[28,-100],[64,-2],[89,68],[91,-21],[65,-45],[102,-119]],[[27312,48533],[14,-64],[5,-112],[92,-116],[112,-74],[108,-159],[39,-30],[72,-4],[126,64],[124,83],[127,20],[94,31],[49,-10],[55,-38],[135,-150],[43,-38],[94,-26],[98,39],[60,-2],[56,-76],[110,-58],[66,5]],[[28991,47818],[-7,-25],[-188,-164],[-36,-69],[22,-50],[-66,7],[-86,73],[-63,-15],[-38,-57],[-22,-132],[-49,-200],[64,-155]],[[28522,47031],[-67,5],[-110,-22],[-79,-46],[-105,-104],[-38,-8],[-86,-122],[-87,-29],[-87,-12],[-102,-81],[-89,-34],[-115,-68],[-95,-27],[-6,101],[-41,14],[-48,-10],[-48,-62],[-132,-9],[-27,80],[-84,34],[7,41],[-210,35],[-115,35],[-8,-35],[-98,-36],[-112,-15],[-101,31],[28,111],[-101,1],[-73,-30],[-128,33],[-136,-29],[-59,12],[-40,-40],[-20,-113],[7,-39],[-23,-51],[-89,-52],[-143,-186],[-121,-1],[-104,20],[-23,-80],[-70,15],[-40,63],[-71,-29],[-67,3]],[[25166,46295],[-48,17],[5,55],[-76,41],[-54,-2],[49,85],[43,3],[-9,73],[-73,51],[-24,52],[95,163],[62,62],[37,15],[0,47],[69,-36],[-24,102],[38,88],[5,45],[-35,37],[-33,101],[-29,57],[49,16],[65,48],[4,48],[81,-1],[62,44],[-23,44],[12,117],[-96,12],[-3,144],[-82,54],[-75,13],[7,104],[-24,67],[-17,98],[-87,58],[-61,63],[-77,35],[-106,13],[-28,46],[28,76],[-64,-7],[-23,83],[21,17]],[[24727,48543],[87,-9],[52,81],[19,50],[78,54],[89,1],[98,-23],[132,32],[48,40],[81,5],[44,-26],[46,10],[-7,128],[-29,40],[14,88],[-90,38],[48,78],[-146,13],[25,70],[33,23],[-73,152],[32,107],[-36,100],[161,-128],[103,-50],[141,-141],[233,-182],[119,-70],[83,-117],[213,-190],[68,-45],[52,-2],[63,38],[68,123],[60,71],[46,17],[46,-9],[69,-47],[40,-44]],[[23919,50539],[93,45],[88,12],[142,-24],[107,-3],[66,24],[62,-14],[100,-83],[32,-43],[34,-93],[127,-43],[-26,-32],[24,-36],[104,-80],[73,-37],[124,-23],[32,-43],[39,-2],[73,28],[33,54],[51,-4],[36,63],[30,-21],[37,55],[-36,57],[94,-4],[53,29],[49,89],[45,-15],[33,-64],[105,-44],[19,41],[145,-42],[-27,-49],[66,-53],[36,-78],[-3,-54],[33,-51],[-26,-36],[24,-30],[3,-75],[92,-23],[60,-134],[88,-139],[32,-94],[46,-40],[40,-78],[48,-51],[64,-30],[69,-54],[92,-18],[57,-38],[-42,-50],[133,-32],[86,-10],[59,-34],[18,-49],[-31,-92],[-49,-58],[-38,-17]],[[24727,48543],[-51,-2],[-86,125],[-64,57],[-76,15],[-120,47],[-37,28],[-37,-11],[-56,36],[-91,2],[-21,40],[4,80],[150,22],[16,56],[-18,54],[-64,-25],[-197,42],[-38,-42],[10,-33],[-48,-69],[-60,1],[-68,43],[-14,-42],[-131,-2],[4,78],[-21,43],[-66,44],[7,27],[-70,55],[-36,-67],[-46,-53],[-117,-29],[-39,-92],[-51,8],[-51,-49],[9,-62],[-120,-91],[-71,11],[-45,-20],[-43,-80],[55,-3],[-12,-75],[-42,-39],[27,-57],[-24,-51],[-216,18],[-12,-24],[-76,10],[-77,-211],[-81,7],[-110,53],[-83,-69],[-151,-25],[19,-37],[-67,-33],[-43,1],[0,-71]],[[21981,48082],[-50,2]],[[21931,48084],[-14,13]],[[21917,48097],[-3,77],[-112,-30],[-37,-26],[-22,-47],[-34,-24],[-23,-55]],[[21686,47992],[-39,-81]],[[21647,47911],[-277,-15],[-110,-19],[-76,63],[-59,13],[-2,64],[-31,19],[48,61],[74,-63],[36,27],[49,6],[-21,65],[145,129],[-36,57],[56,28],[61,50],[-61,78],[-45,17],[-107,100]],[[15399,50672],[-18,-48],[167,-66],[-11,-59],[46,-46],[-32,-95],[106,-75],[71,29],[110,-113],[12,-33],[-54,-93],[42,-33],[76,-27],[-101,-201],[-3,-53],[42,-27],[38,-77],[55,-22],[37,-62],[18,-405],[55,-103],[-24,-14],[127,-107],[55,-166]],[[16213,48776],[-38,-57],[-31,-89],[-109,-14],[2,-58],[-163,41],[-113,2],[10,-34]],[[15771,48567],[-20,43],[-48,23],[-71,109],[-101,33],[-71,-72],[-54,-83],[-41,47],[-25,-32],[-124,-5],[-57,-13],[-9,47],[-99,86],[-8,73],[-85,55],[-77,-23],[-133,23],[-56,-32],[-44,43],[-91,-6],[-34,72],[-44,60],[-73,23],[-24,-49],[-42,10],[-28,34],[-87,-39],[-99,-3],[-7,41],[-150,134],[-96,-53],[1,-26],[-80,-44],[-22,53],[-39,0],[2,86],[78,60],[10,41],[-104,40],[-31,-54],[-30,23],[-64,-48],[-66,63],[-53,6],[-48,56],[-18,47],[-64,3],[-97,-15]],[[13248,49404],[-20,65],[-4,95],[11,111],[49,309],[-2,109],[-11,70],[7,88],[44,120],[8,62],[-8,130]],[[16603,52434],[61,-156],[-9,-147],[35,-28],[29,-85],[49,-34],[21,-55],[93,5],[45,73],[66,-10],[110,0],[26,61],[103,0],[4,-35],[-66,-8],[6,-69],[42,-20],[64,-65],[-134,-106],[-116,-107],[-38,-5],[45,-97],[-15,-58],[54,-122],[38,24],[104,-55],[13,41],[64,55],[30,-81],[80,-70],[89,67],[32,-24],[33,-109],[44,-67],[-13,-87],[-31,-63],[17,-71],[55,-21],[93,11],[20,-58],[-46,-66],[-44,-39],[25,-40],[96,-61],[78,-93],[125,-97],[150,-77],[57,55],[73,-15],[16,71],[57,60],[2,30],[77,101],[44,7],[80,-78],[174,-4],[41,-25],[-20,-82],[5,-40],[-48,-12],[-29,-44],[5,-44],[33,-44]],[[19304,49341],[-4,-54],[72,-40],[-7,-73],[88,-20],[-23,-77],[61,-29],[-10,-43],[88,-59],[13,-39],[48,16],[57,-27],[-147,-48],[-34,-28],[-51,14],[-59,-19],[-51,4],[-93,38],[-16,-111],[22,-92],[-50,-14],[-18,48],[-72,28],[-17,-148],[-53,19],[-34,-111],[16,-60],[34,-64],[41,-20],[-15,-68],[14,-73],[-40,-95],[-51,-27],[-7,-32],[-80,-64],[40,-19],[13,-61],[-13,-42],[26,-25],[88,-23],[38,-43],[42,6],[102,-70],[9,-80],[-91,-55],[-8,-82],[50,-44],[70,2],[-9,-73],[-80,-90],[-84,-64],[-71,-21],[-40,-52],[-38,28],[-64,-16],[-1,-106],[-30,-23],[-13,-63],[-50,-58],[-38,10],[-85,-11],[2,103],[-51,36],[0,47],[-79,32],[-118,-20],[-18,-17],[-7,-82],[-74,-27],[-95,-13],[-75,-109],[-23,-12]],[[18151,46836],[11,107],[-40,54],[4,35],[-28,64],[80,61],[0,75],[20,34],[-45,53],[13,111],[-103,114],[-82,-41],[-87,-4],[-56,-27],[-63,-83],[-117,14],[-10,21],[-93,-10],[-12,15],[22,82],[54,37],[-31,32],[-15,63],[-52,-17],[-44,28],[-45,-30],[-84,61],[-19,61],[-165,46],[-32,-17],[-47,41],[-65,3],[-46,55],[-87,-31],[-86,77],[-27,77],[17,52],[-41,75],[-45,-5],[-67,121],[19,40],[-31,46],[-2,50],[83,-12],[-5,52],[69,68],[-1,47],[-43,42],[37,58],[-11,41],[78,72],[-45,102],[-64,12],[-28,58],[40,10],[42,-43],[65,46],[-51,71],[-87,14],[33,-53],[-109,-48],[-105,-2],[3,-61],[-42,-58],[-74,-55],[-5,-21],[-191,60]],[[17498,45594],[6,41],[76,-2],[37,55],[-4,84],[15,43],[-55,59],[91,-3],[2,32],[-70,18],[-4,52],[-56,-1],[53,108],[41,9],[73,-56],[112,105],[-4,63],[-62,75],[35,77],[80,65],[-9,39],[85,58],[20,45],[-19,117],[75,69],[43,6],[78,46],[14,38]],[[21647,47911],[25,-88],[75,46],[-8,53],[-53,70]],[[21917,48097],[14,-13]],[[21981,48082],[13,-79],[27,-50],[-24,-51],[-4,-61],[21,-120],[-26,-7],[-76,49],[-210,-16],[11,-112],[112,-16],[56,24],[26,-22],[44,18],[51,-55],[1,-165],[41,-77],[-7,-203],[46,-131],[25,-17]],[[19764,52083],[1,7]],[[15945,54444],[33,-33]],[[18516,53031],[-36,82]],[[18938,52365],[-82,28],[-20,67],[102,-95]],[[19390,52165],[84,-12]],[[19554,52144],[42,-5]],[[19767,52112],[-69,-20],[-85,15],[-67,25],[-206,32],[-67,-25],[-56,63],[132,-24]],[[18100,53485],[104,-48],[60,-67],[16,-60],[-56,15],[-47,70],[-82,71],[5,19]],[[16002,54368],[-3,70],[-47,66],[51,15],[114,70],[84,31],[100,51],[139,21],[269,17],[156,-8],[375,-68],[162,-156],[99,-106],[6,-45],[114,-206],[38,-79],[167,-277],[69,-129],[68,-100],[126,-120],[72,-58],[103,-108],[94,-133],[3,-39],[70,-146],[41,-131],[45,-59],[52,-117],[46,-46],[61,-24],[42,-45],[36,-67],[37,-15],[72,-64],[97,-23],[106,-79],[69,-29],[98,-111],[84,-57],[38,15],[29,-32],[61,0],[25,48],[58,-9],[24,-49],[47,28],[125,-9],[33,-29]],[[25166,46295],[-34,-39],[-53,-2],[-120,25],[-23,-55],[-149,-12],[26,-69],[-39,-31],[2,-54],[-38,-32],[24,-137],[-12,-62]],[[15425,47612],[31,32],[71,-10],[11,94],[39,-2],[6,53],[128,73],[40,56],[-53,84],[-42,235],[17,36],[100,35],[-26,46],[-45,19],[-38,-10],[-18,82],[-63,49],[188,83]],[[14117,47595],[-70,-29],[-80,111],[-79,-89],[51,-67],[-155,-113],[-61,137],[76,73],[11,61],[56,100],[-58,12],[-68,41],[-9,25],[49,94],[30,81],[54,0],[21,66],[44,30],[64,16],[-2,73],[-45,20],[62,107]],[[14008,48344],[30,57],[67,23]],[[14105,48424],[76,-49],[-25,-70],[47,-65],[70,-9],[65,-28],[42,-53],[5,-77],[-17,-121],[23,-61]],[[7289,50425],[-13,-2],[-13,-218]],[[7263,50205],[-149,9],[-75,41],[-88,17],[-271,25],[-262,5],[-377,-6],[-74,32],[-87,-18],[-44,22],[-36,48],[-68,126]],[[5732,50506],[73,151],[29,-68],[68,-73],[25,-73],[64,22],[35,-15],[111,81],[50,56],[35,117],[27,28],[83,18],[116,68],[73,-75],[149,-4],[32,41],[63,-26],[-18,69],[84,26],[50,-49],[68,-10],[143,119],[35,-19],[35,-79],[-17,-78],[56,-101],[44,3],[58,-67],[-31,-83],[17,-60]],[[12330,49089],[-8,-33],[-50,-41],[12,-50],[59,-151],[29,-24]],[[12372,48790],[-65,-68],[-15,-56],[-43,-70],[-19,-102],[-27,-85],[5,-74],[-210,-102],[-77,-30],[-20,30],[-58,7],[-64,77],[38,43],[-4,99],[-81,-8],[-81,-26],[-210,-10]],[[11441,48415],[10,167],[40,-2],[38,35],[5,146],[37,4],[6,107],[58,53],[-36,40],[57,78],[36,-13],[72,62],[43,120],[115,-17],[28,-26],[66,15],[64,-60],[58,-7],[58,-30],[98,25],[36,-23]],[[10573,41487],[-123,129],[-10,46],[19,75],[79,27],[190,-19],[17,49],[-58,21],[-56,65],[-17,42]],[[10614,41922],[98,58],[131,57],[47,-106],[4,-56],[45,-12],[134,5],[34,-20],[60,-2],[122,39],[10,-54],[-13,-56],[44,-35],[15,-58],[52,-46],[55,34],[64,9],[54,-18],[51,14],[37,-51],[48,-34],[-11,-28],[-58,-45],[-33,-56],[-70,-59],[-60,16],[-37,-51],[-21,-101],[44,-38],[9,-65],[-102,-27],[0,-60],[-25,-20],[-78,102],[-4,28],[-54,31],[-71,-15],[-29,-29],[-102,-14],[-37,-73],[-40,16],[-102,83],[-88,8],[-159,120],[2,31],[50,57],[-9,67],[-48,19]],[[11108,51715],[-49,34],[-47,120],[-67,119],[19,51],[39,32],[0,34],[-96,32],[21,80],[65,2],[11,36],[-74,16],[3,44],[-47,13],[-18,34],[-18,126],[-87,19],[70,91],[74,37],[99,107],[43,-37],[206,108]],[[11255,52813],[123,-195],[43,-134],[125,28],[34,-133],[-6,-24],[-61,-26],[21,-66],[57,-107],[20,-75],[35,-43],[-62,-108],[50,-40],[-23,-58],[-42,-53],[-91,-20],[-169,-63],[-121,-14],[-80,33]],[[11441,48415],[-131,-46],[-163,-103],[0,-67],[-95,-151],[-2,-33]],[[11050,48015],[-179,116],[-90,-18],[-41,27],[-120,9],[-10,77],[-115,17],[40,71],[-175,115],[8,33],[-92,49],[-64,-81],[-126,168],[-105,95],[58,49],[-36,58],[57,39],[-7,39],[-99,23],[-21,35],[-63,33],[-24,-19],[-51,36],[-66,16],[-79,-56],[-27,23],[-89,-14],[-79,35],[-35,-25],[-49,39]],[[9371,49004],[-100,245],[15,120],[159,86],[4,30],[133,40],[253,245],[69,53],[2,28],[129,108],[179,481]],[[10214,50440],[223,-133],[59,-42],[23,-42],[71,33],[21,-22],[-14,-76],[47,-110],[302,47],[10,90],[46,61],[112,111],[20,-19],[55,23],[28,-69],[33,-17],[97,13],[83,-30],[128,66],[33,89],[81,44]],[[11672,50457],[29,-56],[-78,-51],[55,-93],[-16,-61],[33,-20],[59,8],[8,-43],[92,-91],[31,-19],[143,47],[39,-14],[-5,-39],[84,-143],[31,-193],[16,-48],[80,-99],[41,-96],[56,-215],[14,-83],[-54,-59]],[[5263,52907],[-71,-49],[23,-57],[-35,-93],[-70,37],[-56,87],[4,39],[97,30],[108,6]],[[7919,53551],[-27,-56],[-184,-1],[-132,28],[-18,37],[103,53],[66,14],[185,-33],[7,-42]],[[6253,53170],[-196,-19],[-61,2],[-169,-27],[-7,-15],[-137,4],[-64,-33],[-33,14],[-264,-53],[-33,8],[-210,-40],[-51,-20],[-34,39],[49,38],[227,35],[95,23],[256,46],[413,61],[58,5],[119,-11],[48,-22],[-6,-35]],[[7474,53538],[24,-57],[-48,-7],[-70,-43],[-104,-16],[-175,-58],[-276,-1],[-67,13],[-18,-43],[-37,-6],[-111,16],[-31,-29],[-54,-6],[-54,30],[-24,53],[31,35],[118,59],[120,40],[157,2],[45,-8],[182,11],[245,26],[147,-11]],[[5732,50506],[-7,97],[51,54],[15,59],[-14,46],[21,170],[-11,106],[8,83],[69,354],[-5,58],[105,165],[15,47],[-50,88],[-24,83],[17,64],[44,-10],[75,-61],[42,-19],[70,22],[53,-64],[55,48],[94,19],[52,39],[-3,39],[-77,77],[-17,45],[-47,22],[2,34],[-46,31],[-44,59],[16,68],[112,125],[125,87],[56,70],[42,73],[9,57],[60,-4],[63,99],[199,134],[49,58],[58,37],[118,40],[74,8],[44,37],[108,29],[250,38],[81,-36],[185,5],[70,8],[183,-4],[119,-12],[113,-53],[37,-30],[43,0],[114,31],[15,-7]],[[8518,53119],[-23,-30],[-182,-57],[25,-55],[-43,-45],[-25,18],[-48,-59],[36,-56],[47,-41],[27,-67],[-36,-38],[-116,0],[-90,29],[-62,-48],[-105,17],[-58,-44],[4,-96],[-22,-46],[7,-41],[-57,-97],[38,-19],[28,-255],[-44,-72],[87,-77],[63,68],[35,-48],[168,99],[418,63],[294,57],[140,-8],[58,-178],[-49,-55],[-12,-81],[144,-169],[5,-231],[-10,-97],[85,2],[25,37],[69,31],[121,9],[39,-79],[1,-55],[-64,-16],[0,-52],[39,-57],[80,-46],[32,53],[48,38],[56,-29],[-39,-29],[33,-39],[-38,-35],[3,-35],[55,7],[-4,-58],[-84,-59],[22,-36],[44,4],[16,-45],[104,38],[50,1],[2,-55],[-53,-17],[58,-203]],[[9860,50635],[-297,-90],[-137,-49],[-35,-24],[-136,-43],[-95,-59],[-71,-29],[-64,58],[-46,-40],[-55,-14],[-41,-61],[-91,8],[-38,-15],[-12,54],[-30,24],[-83,29],[-41,0],[-81,94],[-85,-4],[-63,-28],[-34,15],[-59,88],[-71,44],[-75,5],[-72,-39],[-130,-33],[-2,-38],[-50,-16],[-56,-59],[-52,34],[-71,-1],[-58,-21],[-18,62],[-105,-29],[-45,74],[-66,-40],[-39,16],[0,-85],[-67,2]],[[11050,48015],[9,-41],[50,-12],[39,-57],[26,-70],[35,-10],[181,-285],[30,-39],[-32,-96],[11,-101],[-26,-55],[48,-113],[-2,-179],[-11,-33],[72,-24],[89,4],[26,-65],[-12,-105],[117,-92],[55,-15],[83,-114],[82,-57],[59,-19],[32,34],[91,6]],[[12102,46477],[-25,-66],[8,-80],[-88,-127],[-12,-80],[31,-99],[14,-89],[-36,-17],[11,-65],[-82,-87],[-98,0],[-43,-136],[15,-29],[-13,-58],[-145,46],[-27,41],[-48,-40],[-40,1],[-170,34],[-47,-105],[9,-55],[-214,33],[-76,-340],[36,-34],[109,0],[-6,-58],[-83,-3],[-26,-15],[-129,8],[-42,-158]],[[10885,44899],[-137,46],[-73,58],[-100,-55],[-61,28],[-5,-35],[-131,-75],[-57,36],[-2,38],[-70,48],[-17,34],[-52,15],[-120,73],[-262,-75],[-35,-29],[-7,-75],[-76,-9],[-24,-38],[-58,-39],[-355,16],[-20,-3]],[[9223,44858],[-32,74],[-43,70],[-49,54],[-38,70],[-113,122],[11,46],[79,62],[64,28],[70,51],[31,7],[11,55],[86,30],[51,60],[-102,161],[-66,90],[13,50],[45,47],[-6,36],[22,71],[36,35],[21,52],[-4,61],[31,92],[116,61],[205,96],[66,58],[20,47],[56,63],[34,66],[71,97],[35,91],[-42,59],[-188,58],[-223,102],[-9,83],[-47,-7],[-78,101],[36,32],[-25,140],[-9,96],[-27,20],[10,101],[-193,137],[-319,216]],[[8830,47999],[77,470],[50,-2],[18,157],[-1,82],[20,46],[7,205],[10,79],[48,7],[58,-34],[63,20],[101,-14],[64,6],[26,-17]],[[9223,44858],[25,-131],[-45,-36],[-126,-76],[-150,-131],[-99,-93],[-22,-111],[58,-132],[15,-87],[-28,-34],[-5,-53],[1,-229],[19,-63],[-22,-123],[-15,-143],[26,-31],[-65,-37],[33,-36],[-8,-154]],[[8815,43158],[-24,9],[-63,-84],[-72,-149],[-33,-122],[12,-16],[148,-77],[-7,-59],[-94,-85],[-6,-79],[-56,-129],[-82,-81],[-56,-7],[-67,16],[-93,-72],[-32,-1],[-131,-112],[-210,-118],[-56,-126],[2,-35],[-135,-20],[-17,-45],[-53,26],[-80,-75],[-46,-99],[-81,-46],[-142,-20]],[[7341,41552],[-50,76],[-31,75],[-59,97],[-43,90],[-128,159],[-26,174],[-63,254],[-35,86],[14,11],[-110,357],[40,5],[170,109],[107,74],[-56,102],[53,52],[15,50],[-96,73],[36,42],[66,25],[30,58],[-54,41],[-82,163],[-84,-14],[-243,-25],[24,41],[-12,59],[-73,16],[-96,45],[-14,136],[-65,-7],[-21,127],[-107,40],[-13,39],[-42,15],[-7,-83],[-60,20],[-73,46],[-52,59],[-119,18],[-79,99],[-192,-101],[36,248],[19,22]],[[5766,44525],[33,-17],[147,-34],[65,97],[41,550],[35,638],[12,193],[104,227],[-27,97],[88,118],[263,440],[126,200],[140,488],[41,57],[-23,33],[-68,580],[17,268]],[[6760,48460],[215,35],[178,-35],[55,14],[128,-48],[54,24],[9,-56],[42,-35],[48,6],[81,33],[53,-57],[50,-33],[10,92],[118,-56],[-29,-64],[31,-13],[314,-23],[62,-8],[183,-248],[26,-107],[104,-81],[40,8],[269,196],[29,-5]],[[10213,54111],[97,-5],[263,-61],[81,-36],[-22,-52],[-93,47],[-53,-13],[-111,0],[-220,67],[-26,-91],[-24,-11],[-69,74],[2,44],[70,31],[105,6]],[[11108,51715],[-12,-86],[12,-107],[45,-125],[36,-63],[98,-113],[60,4],[50,40],[84,10],[55,-21],[136,-150],[102,-134],[8,-56]],[[11782,50914],[-1,-52],[60,-57],[-1,-49],[-32,-17],[-4,-88],[26,-36],[-14,-58],[-76,-90],[-68,-10]],[[10214,50440],[-71,198]],[[10143,50638],[-65,189],[232,160],[41,37],[166,120],[18,28],[92,30],[-23,48],[35,121],[-64,73],[-73,-5],[19,87],[-79,-27],[-10,67],[23,34],[26,156],[-102,28],[-52,-9],[-104,29],[-154,-29],[-181,-101],[-28,155],[80,154],[-3,110],[30,41],[-3,112],[60,58],[7,35],[45,44],[-70,48],[57,63],[1,54],[23,39],[-8,53],[-35,41],[-41,14],[-60,-9],[1,46],[-37,39],[65,47],[19,63],[-24,43],[-12,146],[-82,195],[-42,125]],[[9831,53390],[9,32],[101,-4],[245,41],[168,15],[88,-10],[168,-4],[244,-37],[101,-53],[-2,-48],[-39,-56],[-9,-82],[24,-33],[29,-184],[61,-127],[36,-4],[100,42],[57,-12],[43,-53]],[[7341,41552],[-100,-136],[-309,0],[-130,4],[-293,17],[-161,-45],[-17,-39],[-41,-29],[-4,-47],[-50,-34]],[[6236,41243],[-168,-15]],[[6068,41228],[-119,123],[-75,178],[10,30],[-14,91],[108,231],[-5,32],[43,69],[4,49],[80,118],[0,175],[-68,215],[-116,26],[-70,168],[-56,53],[-27,124],[-59,178],[-31,33],[-52,-33],[-78,-174],[-71,-64],[-32,-11],[-177,53],[-92,39],[-135,40],[-47,-13],[9,81],[-114,4],[-290,-4],[-108,35],[-148,109],[-17,1],[-116,76],[39,282],[-124,274],[179,-39],[51,121],[77,-12],[48,-21],[79,35],[-242,209],[42,217],[-65,99],[5,29],[56,25],[80,100],[85,29],[46,-16],[48,39],[126,3],[33,-24],[67,-11],[52,33],[89,-24],[77,10],[41,26],[33,-22],[93,5],[80,-37],[28,-57],[76,-12],[93,5],[72,23],[43,38],[82,-40],[52,3],[20,-25]],[[4646,52601],[167,-79],[-8,-25],[-157,-25],[-140,-4],[-75,-36],[-15,-29],[-71,-18],[8,-43],[57,-49],[33,-47],[64,-18],[5,-38],[-59,-3],[-82,61],[-70,8],[-44,-13],[0,-39],[-55,6],[-89,68],[-77,36],[-41,59],[-45,163],[45,26],[70,-2],[87,20],[110,11],[135,23],[75,24],[88,0],[84,-37]],[[9860,50635],[67,-35],[26,-70],[85,36],[105,72]],[[6760,48460],[-100,70],[-21,136],[55,82],[4,115],[67,122],[118,28],[-96,71],[48,87],[-3,129],[-25,83],[-16,154],[48,41],[48,82],[42,141],[0,121],[-17,43],[49,66],[30,147],[56,6],[129,-31],[111,0],[-24,52]],[[13116,45871],[50,21],[22,91],[-12,70],[-107,-24],[-73,49],[-62,-17],[-110,17],[-25,49],[53,72],[-4,66],[-89,8],[-53,50],[-112,-26],[-52,77],[-8,46],[-61,141],[-64,-47],[-148,-18],[-38,16],[-82,-9],[-39,-26]],[[12372,48790],[51,73],[86,-4],[60,34],[110,-1],[44,54],[83,-250],[-4,-32],[23,-141],[235,94],[67,68],[55,-18],[81,-93],[86,-56],[0,40],[41,38],[253,-92],[37,-40],[40,76],[77,-32],[-15,-29],[53,-28],[9,-29],[68,-26],[96,-52]],[[12296,43013],[46,-110],[-11,-74],[47,-21],[44,-46],[-43,-168],[51,-45],[98,-20],[83,-60],[170,-52],[40,-60],[194,-122],[57,-193],[15,-73],[29,-48],[14,-64],[37,-31],[-53,-157],[37,-223]],[[13151,41446],[-37,-78],[47,-92],[-42,-35],[6,-114],[-43,-35],[-13,-62],[-37,-21],[30,-38],[39,-101],[111,-51],[150,-30],[48,-28],[-60,-46],[-66,-107],[-28,1],[-28,-56],[-60,-34],[-81,-3],[-54,-48],[-43,-16],[-97,-69],[-51,-69],[0,-71],[28,-61]],[[12870,40182],[-79,-53],[-110,9],[-49,71],[-73,10],[-32,34],[-96,18],[-49,-30],[-15,-33],[-95,57],[-36,3],[4,55],[-96,-15],[-23,-83],[-84,9],[-83,-106],[-105,-98],[-37,-72],[-32,-117],[-13,-12],[-103,-6],[-18,22],[-93,4],[-89,-24],[-18,-28],[-130,-63],[-36,-34]],[[11280,39700],[-20,53],[-130,39],[-52,-5],[-34,-36],[-70,6],[-25,33],[-55,-43],[-5,-34],[-74,-32],[-54,-43],[-39,-88],[-31,-21],[-238,85],[-81,41],[20,53],[-30,18],[-132,193],[-18,-1]],[[10212,39918],[62,59],[94,47],[117,39],[35,1],[61,35],[69,90],[182,-6],[-17,240],[-33,50],[26,36],[-5,45],[94,-8],[23,37],[-50,42],[9,29],[-48,33],[-119,-17],[-49,-24],[-85,48],[-95,-7],[-52,44],[-48,17],[-55,54],[-7,95],[-35,45],[136,163],[10,122],[-26,56],[7,113],[27,32],[71,-3],[62,62]],[[10614,41922],[-81,84],[13,50],[-17,75],[-56,123],[-76,5],[-152,124],[-7,-16],[-100,-9],[-139,-71],[-182,20],[-413,237],[-59,9],[-34,124],[-24,153],[-70,160],[-25,24],[-146,35],[-117,60],[-114,49]],[[10885,44899],[74,-69],[75,-171],[68,-76],[58,-7],[28,-159],[46,-16],[-34,-58],[-48,-166],[-71,-23],[-18,-30],[-61,-8],[-26,-99],[45,-102],[-7,-111],[-50,-54],[15,-107],[-61,15],[-54,-13],[18,-54],[86,-91],[66,-34],[81,-67],[-58,-60],[46,-65],[-19,-30],[24,-63],[2,-139],[-46,-10],[37,-124],[32,13],[129,11],[134,-31],[62,12],[50,-52],[90,-44],[119,187],[19,55],[83,148],[61,-25],[120,14],[303,167],[49,3]],[[13248,49404],[-14,-29],[46,-60],[66,-129],[53,-23],[82,-82],[127,-53],[127,-68],[133,-22],[44,-16],[35,-48],[22,-167],[33,-71],[118,-133],[-15,-79]],[[11782,50914],[20,-34],[57,-29],[165,-26],[37,2],[85,53],[56,65],[96,147],[-14,32],[14,70],[55,43],[31,70],[11,127],[-3,114],[4,241],[-38,68],[-51,22],[-112,-46],[-63,-12],[-172,19],[21,143],[6,121],[35,247],[43,84],[56,63],[144,106],[104,28],[63,-10],[70,-29],[56,-45],[100,-161],[77,-98],[76,-48],[186,-58],[133,-77],[73,9],[134,-28],[42,13],[77,-66],[59,-35],[51,-9],[36,-100],[-37,-57],[23,-31]],[[13588,51802],[-103,-58],[-89,-65],[-66,-86],[-45,-154]],[[9399,54006],[170,2],[112,-9],[167,-1],[31,-33],[-122,-64],[-141,-46],[-161,-26],[-186,12],[-71,-65],[-72,-5],[-24,55],[18,56],[65,73],[92,43],[122,8]],[[8594,53817],[171,-1],[202,-25],[-55,-71],[-87,-11],[-212,16],[-153,-40],[-138,0],[-88,-140],[-57,-5],[-64,-35],[-44,22],[39,182],[33,53],[77,34],[183,7],[193,14]],[[8518,53119],[63,6],[128,37],[90,53],[125,18],[36,19],[137,34],[102,47],[116,17],[25,-21],[125,-6],[138,18],[116,63],[108,12],[4,-26]],[[13648,52081],[-26,21],[-182,325]],[[13440,52427],[71,48],[53,-113],[78,-20],[31,11],[40,-35],[-36,-123],[-29,-31],[24,-70],[-24,-13]],[[13588,51802],[47,-22],[28,45],[45,165],[-60,91]],[[13440,52427],[-71,96],[56,25]],[[4749,33826],[0,-89],[-13,-80],[39,-54],[36,-8],[-39,-114],[-27,0],[-18,-56],[7,-182],[55,5],[59,-28],[57,6],[74,30],[4,-34],[98,-36],[34,-28],[61,9],[24,-38],[48,3],[69,75],[114,-11],[-62,-64],[12,-66],[-16,-33],[34,-40],[-11,-33],[-63,-33],[-54,14],[-26,-40],[-97,11],[-53,17],[-7,-156],[27,-53],[67,-24],[100,-13],[-34,-65],[29,-66],[64,-10],[-34,-59],[-15,-73],[-86,-36],[23,-52],[-9,-62],[-32,-13],[41,-56],[107,-75],[20,-51],[-34,-52],[-99,-48],[-32,51],[-51,-24],[-68,13],[-66,-25]],[[5006,31980],[-35,67],[7,90],[35,77],[-11,46],[-55,24],[-40,-16],[-91,-127],[-72,-21],[-46,37],[-11,68],[22,77],[1,77],[-17,46],[-46,41],[-38,5],[-93,-31],[-85,0],[-46,34],[-16,49],[8,58],[-7,82],[-39,108],[-22,22],[-129,6],[-15,55],[38,50],[58,20],[39,44],[54,93],[-86,52],[-26,32],[-12,66],[32,64],[106,156],[22,73],[-12,99],[-86,94]],[[4292,33697],[58,69],[58,31],[19,39],[47,12],[152,-73],[48,4],[20,59],[55,-12]],[[4292,33697],[-44,29]],[[4248,33726],[-237,105],[-21,37],[0,54],[41,50],[59,28],[-30,37],[4,100],[-45,12],[-23,-55],[-97,39],[-7,60]],[[3892,34193],[23,45],[-54,48],[-20,57],[19,69],[76,-30],[38,-48],[56,-14],[21,127],[0,122],[54,96],[-8,64],[-30,12],[-18,128],[-55,-1],[43,62],[-67,48],[-37,-51],[-26,102],[-38,78],[33,51],[168,18],[73,60],[52,14],[21,32],[-106,84],[-13,45],[16,80],[36,88],[27,-6],[78,-72],[63,5],[113,-84],[22,-38],[75,-31],[58,20],[57,-18]],[[4642,35355],[-22,-77],[47,-59],[156,-82],[16,-83],[-7,-91],[-57,-18],[-3,-77],[43,-54],[-12,-60],[-30,-45]],[[4773,34709],[-25,-66],[62,-37],[8,-29],[-8,-242],[-24,-69],[31,-44],[-15,-29],[3,-201],[34,-3],[38,-134]],[[4877,33855],[-63,4],[-35,-44],[-30,11]],[[5786,35351],[53,-121],[62,-16],[47,-39],[41,-1],[10,-48],[42,-69],[27,8],[37,-36],[-11,-73],[168,-31]],[[6262,34925],[49,-80],[0,-49],[-26,-28],[37,-61],[25,0],[62,-110],[-53,-60],[5,-30],[61,-41]],[[6422,34466],[-8,-74],[-75,-71],[-26,3],[-12,-68],[32,-53],[-3,-116]],[[6330,34087],[-64,-28],[-30,-52],[-46,-14],[-42,12],[-8,35],[-128,-94],[-53,43],[-43,-54],[-75,30],[-48,-26],[-20,-39],[-99,6],[-54,-21],[-67,-68],[-75,27],[-52,-1],[-60,-29],[-15,79],[-56,33],[-48,54]],[[5247,33980],[65,61],[-32,27],[157,86],[16,45],[-3,173],[52,74],[24,137],[-49,75],[-37,-10],[-52,28],[-60,-10],[-12,103],[-22,37],[-66,36]],[[5228,34842],[-27,49],[28,83],[62,7],[46,30],[-11,40],[46,12]],[[5372,35063],[65,2],[70,30],[118,27],[50,30],[-9,39],[39,69],[0,73],[23,27]],[[5728,35360],[58,-9]],[[4248,33726],[-34,-81],[-81,-50],[-37,0],[-117,-95],[-87,7],[-67,-14],[-4,-146],[-109,-30],[-74,-5]],[[3638,33312],[-258,29],[-91,-18],[-8,19],[-75,-14],[-8,53],[-50,67],[70,17],[48,41],[13,45],[-9,64],[9,96],[-28,45],[-112,55],[16,60],[-16,38],[26,29],[-35,82],[8,93],[-44,26],[18,94],[52,33],[102,-31],[73,6],[54,62]],[[3393,34303],[57,-111],[54,-25],[111,35],[10,-16],[168,30],[99,-23]],[[3317,32805],[-24,-36],[-42,-4],[-9,49],[-92,7],[-6,-153],[26,-78],[1,-67],[-67,-128],[57,-46],[32,34],[56,22],[38,42],[52,-92],[10,-90],[22,-58],[-29,-89],[-63,-24],[-9,60],[-102,25],[-69,-42],[-63,-123],[44,-77],[22,-69],[-46,-8],[-34,47],[-52,-43],[-40,-3],[-42,-56],[3,-71],[31,-56]],[[2922,31678],[-62,-27],[-59,-3],[-9,27],[-69,-11],[-69,45],[-22,34],[-59,2],[-74,-20],[-47,78],[16,47],[-29,76],[30,57],[-38,37],[-57,23],[-18,70],[-34,15],[-32,50],[-87,20],[21,105],[-60,20],[-15,67]],[[2149,32390],[44,36],[76,-7],[-6,47],[11,109],[74,68],[0,152],[71,5],[77,32],[56,-95],[200,10],[51,19],[50,62],[66,54],[52,92],[22,14],[102,-99],[21,12],[99,-19],[14,-25],[78,-13],[10,-39]],[[4773,34709],[47,8],[40,-61],[80,19],[16,58],[116,-4],[97,77],[59,36]],[[5247,33980],[-59,33],[-36,-48],[-176,-42],[-26,-41],[-73,-27]],[[4642,35355],[-11,93],[27,52],[90,80],[85,42],[-37,73],[95,45]],[[4891,35740],[118,-95],[46,-2],[8,-34],[-38,-52],[45,-42],[45,-70],[11,-51],[28,-14],[6,-76],[35,-27],[3,-61],[42,-36],[37,-74],[85,5],[10,-48]],[[7231,32637],[22,-136],[44,-58],[-32,-89],[-42,-75],[15,-93],[-49,-59],[-98,15]],[[7091,32142],[-32,10],[-35,82],[-23,15],[-86,-7],[-78,21],[-31,-33],[-72,-39],[-68,34],[-65,-25],[-25,10]],[[6576,32210],[-40,-1],[-69,-87],[-32,15],[-15,44],[15,104],[-12,28]],[[6423,32313],[39,48],[43,23],[-13,57],[-35,55],[47,44],[48,77],[20,66],[47,23],[33,-8],[65,28],[47,-35],[67,64],[85,48],[59,-4],[39,-23],[64,-109],[122,7],[31,-37]],[[6576,32210],[-18,-44],[35,-79],[-52,-47],[62,-66],[-139,-53],[-68,-8],[-58,38],[-11,84],[-33,34],[-137,10],[-38,-16],[7,-67],[-96,-33],[-67,61],[-51,2],[-61,-18],[-54,-48],[-43,-8],[-31,-40]],[[5723,31912],[-14,45],[18,113],[-12,59],[-63,3],[-63,39],[-50,-23],[-52,4],[50,141],[26,23],[83,-11],[12,51],[83,61],[63,24],[113,109],[33,84],[22,20]],[[5972,32654],[60,34],[40,47],[83,26],[47,-1],[44,-31],[31,-48],[-6,-117],[40,-106],[58,-10],[-18,-40],[72,-95]],[[5972,32654],[-56,66],[6,49],[40,41],[-40,46],[5,31],[-71,66],[-12,44],[66,-10],[61,73],[71,10],[78,103],[30,82],[76,30],[-9,38],[17,68],[27,39],[61,30],[26,-29],[64,54],[54,-9],[115,52]],[[6581,33528],[50,-35],[-13,-63],[79,-49],[48,5],[36,50],[130,59],[120,66],[41,-70],[-52,-154],[3,-37],[59,-5],[45,-60],[-7,-53],[-33,-81],[42,-24],[28,-58],[80,-37],[49,-67]],[[7286,32915],[21,-65],[-56,-42],[-22,-44],[25,-88],[-23,-39]],[[2739,37801],[31,-63],[38,-37],[8,-86],[51,-24],[164,18],[109,61],[16,-7]],[[3156,37663],[13,-74],[19,-16],[43,-124],[44,-68],[51,-28],[25,-50],[-44,-62],[-25,11],[-70,-25],[-94,-51],[34,-63],[-26,-91],[24,-114],[-66,-26],[-61,-112],[-231,67],[-51,70],[9,49],[48,73],[14,57],[-26,72],[-42,32],[-29,-70],[42,-39],[-78,-77],[-26,-63],[-69,-49],[26,-45],[-79,-44],[-59,-67],[17,-40],[70,-17],[29,-32],[8,-62],[-21,-29],[-50,-143],[-57,-3],[0,-124],[-133,-52],[-35,-5],[-109,29],[-33,-35],[45,-105],[-5,-30],[127,-47],[42,-38],[-63,-64],[57,-48],[72,53],[136,-124],[-8,-36],[32,-63],[-49,-35],[41,-58],[81,-36],[70,-4],[57,50],[17,61],[139,-52],[7,26],[109,-33],[134,-3],[-174,-133],[115,-105],[-91,-135],[-70,62],[-32,-86],[34,-36],[-7,-44],[45,-37],[34,-71],[34,-110],[36,-35],[79,-20],[-4,-43],[44,-29],[-26,-81],[2,-98],[35,-7],[61,-42],[-33,-85],[8,-44]],[[3289,34458],[-39,-47],[-48,-1],[-66,-26],[-21,33],[-60,-9],[-43,-110],[-98,19],[-53,-3],[-28,24],[-143,21],[-27,-89],[-57,-23],[31,-43],[-104,-64],[-20,1],[-27,-82],[-53,-11],[-73,16],[-13,-41],[-51,-70],[-84,-39],[-74,3],[-117,-40],[-47,60],[-146,30],[-17,-7]],[[1811,33960],[-50,204],[60,84],[-77,10],[-30,-11],[49,289],[-5,99],[34,5],[-3,69],[17,163],[-53,144],[7,91],[-11,84],[-65,121],[-112,89],[-102,232],[-55,37],[-78,83],[-47,97],[-22,8],[-130,100],[16,82],[28,69],[48,189],[39,33],[5,44],[-83,34],[-70,-4],[-258,108],[-36,45],[14,48],[-4,69],[-28,136],[31,37],[49,1],[15,31],[-81,72],[-127,65],[-49,39],[-104,9],[-74,-9],[-33,34],[27,76],[165,122],[5,25],[-46,37],[27,77],[-76,54],[28,64],[-64,70],[-49,37],[10,59],[-65,54],[91,108],[40,-29],[115,-20],[88,38],[30,45],[61,35],[18,-23],[115,83],[41,109],[152,-121],[106,-26],[148,-13],[115,-44],[-14,110],[14,60],[-111,71],[-5,50],[-31,80],[-85,47],[-75,3],[32,62],[30,22],[38,-29],[160,58],[42,-53],[21,20],[82,-71],[28,-44],[-48,-12],[71,-94],[99,-57],[94,20],[141,-17],[34,44],[55,6],[82,-48],[24,-47],[31,-112],[62,18],[129,-4],[76,-36],[18,-86],[36,-21],[46,11],[52,-14],[63,-49],[30,6]],[[6330,34087],[23,-17],[78,9],[14,-35],[43,-1],[53,-82],[-12,-40],[-49,-73],[8,-68],[-18,-29],[61,-83],[46,-39],[15,-63],[-11,-38]],[[5723,31912],[-37,-120],[1,-99]],[[5687,31693],[-6,-138],[-77,-55],[-49,3],[-20,30],[-47,-20],[-62,20],[-64,80],[-36,-4],[-77,-111],[-30,-27]],[[5219,31471],[-53,29],[-140,48],[-29,36],[-3,48]],[[4994,31632],[20,38],[93,60],[39,75],[-31,79],[-109,96]],[[4994,31632],[-36,3],[-40,-56],[-79,-33],[25,-51],[16,-77],[-72,-39],[-18,-63],[-43,19],[-20,92],[-68,77],[-70,-37]],[[4589,31467],[-103,14],[22,-71],[21,-124],[-51,-24],[-41,31],[-45,-86],[-18,-1],[-79,-148],[-59,23],[-110,7],[-43,-23],[-183,90],[-77,-15],[-86,-34],[-68,8],[-47,-32],[-19,49],[-38,-17],[-113,37],[63,74],[-17,31],[-1,78],[-22,62],[-79,-31],[-15,62],[-80,-9],[-137,-92],[-38,-41],[-13,-48]],[[3113,31237],[-45,6],[-69,48]],[[2999,31291],[91,107],[-89,44],[-62,10],[0,49],[26,49],[-9,131],[-34,-3]],[[3317,32805],[42,-26],[41,82],[118,-20],[50,55],[-20,34],[171,14],[20,44],[63,-1],[-37,131],[-71,-15],[-53,147],[-3,62]],[[2149,32390],[-46,-2],[-78,59],[-20,30],[-61,31],[-48,-19],[-34,-57],[-80,-92],[-45,-31],[-177,154]],[[1560,32463],[30,16],[-79,66],[-160,-78],[-86,-54],[-28,-38],[-107,-28],[-37,9],[-46,95],[-27,311],[90,17],[-66,166],[62,40],[200,226],[27,99],[74,91],[49,82],[26,100],[51,84],[-4,27],[99,18],[8,35],[184,176],[-9,37]],[[3289,34458],[45,-6],[12,-82],[47,-67]],[[3156,37663],[106,17],[27,29],[127,-131],[53,-26],[84,-68],[11,42],[80,4],[25,55],[83,-17],[1,-46],[121,40],[34,-10],[97,-73],[53,-101],[159,3],[43,30],[28,-10],[-29,-66],[72,-29],[122,14],[34,45],[49,-18],[31,-60],[-1,-51],[20,-115],[91,13],[28,-37],[112,-4],[3,-37],[40,-70],[110,57],[33,-9],[13,-56],[91,55],[74,28],[103,60]],[[5284,37121],[75,-115],[-25,-29],[39,-67],[47,-15],[-3,-121],[-82,-19],[-29,-29],[2,-83],[-19,-86],[-56,-25],[6,-64],[-39,-97],[27,-19],[-12,-55],[24,-27],[1,-64]],[[5240,36206],[-175,-39],[20,-73],[-50,-73],[-55,-35],[4,-24],[56,-46],[18,-34],[-36,-56],[-131,-86]],[[6800,28029],[-61,-14],[-17,-45]],[[6722,27970],[-46,62],[-114,18],[-36,19],[-144,-61],[-37,78],[-73,19],[-149,-134],[-9,-46],[-31,-35],[-65,-10],[20,58],[-47,6],[-120,128],[-14,58],[53,1],[49,101],[-66,29],[22,73],[-42,133],[-20,17],[28,70],[57,50],[-53,58],[30,102],[-5,62],[29,60],[-19,37],[61,55],[39,0],[48,57],[49,-30],[38,-1],[50,-39],[70,7],[41,68],[62,14],[41,-19],[87,-92],[18,-44],[35,14],[107,-64],[98,-34],[28,-64],[-86,-89],[23,-108],[-109,-45],[-35,-35],[43,-136],[75,-140],[97,-169]],[[5219,31471],[83,-70],[250,-198],[36,-48],[15,-68],[-9,-36],[66,-22],[60,3],[-4,39],[62,48],[37,-42],[135,17],[128,-6]],[[6078,31088],[-30,-44],[73,-96],[-50,-63],[5,-35],[142,-40],[11,-92],[18,-51],[-70,-71],[43,-62],[36,-16],[42,-60],[45,15],[126,2],[-43,-141],[16,-41],[-9,-134],[-19,-12],[30,-148],[-13,-36],[80,-72],[35,-3],[4,-55]],[[6550,29833],[-119,-78],[-238,-204],[-35,-17],[-108,-14],[-5,121],[-18,41],[-34,9],[-94,-12],[-27,-15],[-20,-64],[-58,5],[-84,-30],[-72,39]],[[5638,29614],[-35,25],[-34,-40],[-57,-33],[-47,86],[-44,-13],[15,-41],[-49,-13],[-13,54],[-36,36],[-29,106],[27,43],[-2,42],[-40,96],[30,75],[-199,146],[-60,-43],[-54,-1],[-64,49],[-32,59],[-4,72],[-74,15],[-22,47],[-31,123],[14,38],[46,41],[-26,59],[53,52],[-10,28],[58,58],[32,58],[-29,20],[-21,73],[28,31],[-29,127],[32,49],[-8,35],[-98,75],[-59,-27],[-53,19],[-72,132],[-51,43],[-2,52]],[[5687,31693],[62,-52],[52,-27],[92,68],[38,48],[174,6],[-1,-47],[-78,-113],[57,-81],[132,-22],[53,13],[42,-27],[10,-43],[-53,-32],[-38,-98],[22,-24],[-46,-48],[6,-59],[-88,-12],[-45,-55]],[[1714,26969],[-66,-8],[-24,50],[40,32],[50,-74]],[[1651,28135],[9,-42],[-56,-46],[-83,75],[130,13]],[[1598,27990],[30,-48],[134,-1],[41,7],[40,67],[62,-64],[90,10],[21,-14],[32,-79],[-23,-27],[-157,-11],[-95,53],[-30,-10],[-96,16],[-16,-46],[-35,-30],[-29,17],[36,54],[-84,94],[79,12]],[[1880,27432],[-22,-97],[-39,-34],[-13,-51],[-45,10],[-29,-24],[-13,-58],[-28,-23],[-25,-68],[-57,44],[-32,0],[2,103],[-21,29],[75,58],[71,40],[25,59],[56,41],[30,76],[73,-25],[-8,-80]],[[2785,27693],[4,-62],[-42,-36],[-93,-12],[-3,-44],[23,-39],[-32,-76],[-51,-63],[-68,-61],[-14,-83],[13,-80],[-34,-63],[81,18],[30,-38],[-21,-26],[-32,-89],[-67,-68],[-49,-30],[-87,-10],[-70,-70]],[[2273,26761],[-33,37],[-59,-32],[-63,12],[-18,35],[-58,11],[-39,-46],[-39,3],[-15,34],[-52,-37],[-54,-12],[-41,33],[-62,96],[-16,93],[-51,55],[26,101],[30,23],[22,70],[62,-2],[17,56],[44,45],[34,208],[31,57],[-6,53],[58,43],[46,78],[2,52],[23,42],[-42,101],[-87,-11],[-78,71],[-33,-10],[-14,-49],[-66,-19],[-123,12],[-12,42],[66,80],[-11,58],[-22,12],[-128,-19],[-20,75],[-89,82],[-22,98],[-82,112],[9,33],[-29,71],[-43,27],[-96,0],[-93,-16],[-120,43],[-41,-62],[-25,12],[-16,59],[5,51],[28,35],[3,65],[-96,63],[-16,84],[48,87],[-89,54],[-73,64],[-39,51],[-67,33],[5,36],[49,68],[91,-77],[109,107],[-1,115],[-31,10],[-14,79],[15,62],[117,42],[77,36],[24,-41],[61,-32],[16,115],[32,34],[23,63],[-10,60],[-36,29],[-19,85],[29,127],[30,36]],[[1116,30212],[28,-38],[102,-16],[28,-37],[99,-32],[63,82],[0,90],[13,59],[37,87],[84,82],[51,-19],[39,49]],[[1660,30519],[41,-51],[67,1],[38,-19],[32,-56],[-38,-42],[25,-23],[-20,-81],[-34,-55],[-83,-71],[-2,-36],[43,-63],[55,-35],[42,-97],[-20,-29],[46,-29],[50,45],[55,-87],[43,41],[31,-33],[38,39],[-18,25],[143,108],[39,-15],[7,-76],[55,-116],[-20,-48],[105,-77],[-36,-42],[16,-31],[15,-126],[24,-23],[-76,-73],[-15,-70],[-54,-48],[-34,24],[-34,-42],[37,-46],[43,-121],[41,32],[50,-4],[53,36],[6,41],[61,1],[-22,-50],[21,-90],[-2,-46],[52,-29],[-28,-27],[-52,17],[-38,-18],[8,-39],[-83,-110],[-16,-90],[-43,-81],[-38,-117],[31,-19],[-8,-82],[-135,-34],[-9,-73],[19,-38],[44,-26],[108,-23],[33,-40],[-1,-58],[95,0],[74,55],[28,6],[63,54],[-6,-67],[17,-63],[42,-26],[16,-57],[81,15],[22,-90],[-21,-55],[-46,4],[-25,-38],[21,-71],[-45,-60],[103,-14],[48,26]],[[3113,31237],[-59,-78],[-52,-34],[34,-95],[-42,-30],[24,-88],[46,-48],[8,-64],[95,-1],[15,-65],[-20,-45],[-41,-29],[27,-77],[-14,-51],[43,-15],[12,-68],[31,-89],[109,7],[-22,-57],[-11,-171],[8,-70],[23,-16],[135,-26],[54,-106],[-22,-30],[16,-52],[-36,-22],[36,-61],[-62,-43],[17,-20],[77,28],[27,-58],[91,19],[40,-9],[70,-79],[7,-85],[48,3],[8,-55],[148,114],[119,-37],[26,46],[41,-20],[83,7],[23,-201],[36,-54],[-57,-16],[29,-123],[-88,-26],[11,-40],[-33,-28],[-63,-19],[24,-78],[24,-18],[30,-73]],[[4186,28891],[32,-108],[-36,-45],[39,-32],[-109,-135],[-27,1],[-72,51],[-68,31],[-83,57],[-52,-62],[15,-18],[-95,-96],[-68,-19],[-13,-58],[45,-73],[-22,-34],[45,-118],[-36,-33],[-47,-9],[-11,-48],[-80,-60],[19,-63],[28,-33],[-7,-44],[-77,-110],[35,-38],[-56,-86],[28,-58],[-55,-8],[-46,26],[-88,-68],[-70,18],[-25,23],[-68,-24],[-105,91],[-53,24],[-197,44],[-21,-84]],[[1660,30519],[41,24],[-46,71],[6,50],[68,43],[86,73],[25,46],[59,-1],[25,44],[54,47],[15,-27],[60,38],[-12,38],[90,107],[-12,55],[66,11],[8,-73],[114,-26],[74,6],[125,26],[-5,60],[60,19],[-5,65],[104,8],[35,-23],[62,20],[99,4],[2,30],[64,8],[42,48],[35,-19]],[[5638,29614],[-4,-67],[34,-45],[40,-19],[91,-14],[62,-43],[24,-69],[2,-77],[-37,-1],[-63,-31],[-20,8],[-84,-45],[-35,70],[-37,-20],[-47,9],[-42,40],[-33,-12],[-89,20],[-104,-51],[-23,20],[-132,-68],[-63,-22],[-32,-49]],[[5046,29148],[-41,41],[-91,-78],[2,-109],[-36,-22],[-66,9],[-73,-152],[-83,-119],[-57,-125],[-48,39],[-93,55],[-103,7],[-91,44],[73,88],[-41,63],[-61,-11],[-51,13]],[[5046,29148],[34,-36],[-23,-40],[2,-56],[-34,-36],[38,-25],[27,-68],[48,-60],[102,35],[16,-58],[53,-76],[-106,-100],[21,-34],[-83,-56],[-100,-32],[1,-34],[-40,-54],[-4,-40],[84,-22],[0,-74],[23,-48],[-44,-40],[-6,-73],[-44,-57],[78,-55],[4,-73],[29,-17],[99,-7],[86,-53],[-37,-139],[16,-49],[-13,-36],[-52,15],[-69,-32],[0,-55],[33,-52],[-2,-107],[39,-14],[54,48],[23,-60],[59,35],[39,-44],[-60,-41],[33,-56]],[[5370,27272],[-30,-35],[20,-86],[28,-69],[-11,-21],[-103,-63],[-73,35],[-43,-4],[-8,-78],[61,-27],[-38,-69],[92,-47],[-47,-86],[39,-60],[-32,-58],[20,-23],[-45,-68],[-89,-19],[-51,-70],[-59,-18],[-93,94],[-56,14],[-68,42],[-23,57],[-7,75],[-27,26],[-106,-39],[-23,-34],[-39,-1],[-43,-64],[-73,-17],[-7,-41],[75,27],[-9,-50],[52,-52],[-10,-65],[-106,-82],[9,-41],[75,-38],[46,-3],[13,-55],[67,-31],[-30,-58],[0,-72],[-44,-60],[17,-68],[58,-116],[55,-47],[33,-5],[-11,-62]],[[4726,25640],[-25,-19],[-38,25],[-87,-11],[-88,-59],[-107,-13],[-27,-27],[-107,-53],[-34,-56],[-14,85],[-41,62],[-8,38],[-98,113],[-57,-38],[7,-87],[-38,-73],[-70,-23],[-74,89],[24,94],[-4,62],[-46,17],[-62,-16],[14,49],[-19,60],[-91,-47],[-16,-42],[-65,-7],[-51,-60],[-80,-26],[-5,40],[-59,-15],[-87,-97],[-46,0],[3,-43],[-66,-45],[-46,-71],[-55,8],[-66,38],[-8,65],[20,60],[-52,32],[-12,70],[-66,-8],[-28,-59],[-46,83],[4,61],[-44,74],[-141,-44],[35,-37],[-13,-59],[27,-44],[12,-78],[36,-58],[-5,-37],[59,-114],[37,-18],[16,-63]],[[2828,25318],[-52,13],[-51,-10]],[[2725,25321],[15,98],[-39,28],[-14,64],[-53,46],[-54,28],[-80,136],[-93,70],[22,43],[53,49],[3,39],[39,47],[24,69],[-17,78],[47,104],[8,64],[-13,98],[-16,36],[-45,-14],[-65,25],[-48,44],[16,55],[-31,50],[17,63],[31,55],[-62,-1],[-18,31],[-79,35]],[[1116,30212],[28,39],[-105,44],[-18,-20],[-72,14],[11,40],[-192,60],[-15,111],[8,39],[-58,36],[52,49],[57,157],[-48,15],[-166,-11],[-83,-22],[-55,46],[-10,28],[-110,-26],[-75,-63],[-71,-26],[-38,2],[-22,46],[56,60],[8,121],[-49,19],[0,54],[-58,20],[-26,35],[-23,97],[17,68],[-55,76],[-4,38],[104,7],[133,121],[30,-24],[37,-131],[42,-57],[17,-50],[42,16],[58,-12],[0,45],[47,28],[20,112],[52,94],[83,125],[61,56],[132,43],[104,111],[19,52],[79,28],[20,45],[45,32],[37,52],[127,51],[27,35],[42,1],[131,33],[10,29],[65,48],[-186,122],[182,93]],[[7286,32915],[36,50],[35,-10],[31,43],[42,7],[19,-85],[160,49],[78,-29],[19,38],[65,-73],[-36,-47],[5,-42],[39,-23],[49,32],[53,-5],[31,-29],[14,-80]],[[7926,32711],[-14,-44],[-58,-68],[15,-73],[-9,-29],[35,-53],[49,-17],[19,-72],[-12,-25],[58,-48],[56,-18],[67,33],[-21,-77],[22,-88],[51,-63],[-16,-39],[69,-41],[48,5],[1,-85],[-34,-28],[-13,-56],[40,-38],[70,-19],[170,20],[62,18],[100,1],[67,-28],[55,-43],[-37,-77],[7,-51],[49,-12],[81,-95],[120,43],[186,79],[25,28],[47,-58],[72,-56]],[[9353,31537],[-48,-27],[-7,-63],[30,-71],[104,-119],[15,-48],[-31,-32],[39,-46],[-17,-20],[-40,-116],[17,-20],[-10,-58],[64,-63],[16,-63],[38,-42],[56,2],[35,20],[67,-4],[29,-113],[-8,-40],[39,-84],[-31,-95]],[[9710,30435],[-49,-91],[-96,-73],[-75,-3],[-34,-34],[57,-27],[18,-56],[50,-44],[-38,-99],[30,-72],[-31,-38],[-22,-66],[60,-46],[2,-64],[-13,-87],[-57,28],[-50,3],[-38,27],[-39,-60],[-37,-24],[-4,-56],[-72,-71],[-152,-53],[-42,15]],[[9078,29444],[-5,27],[-51,65],[-122,-51],[-80,50],[-53,3],[0,-34],[-87,52],[-45,71],[-44,-51],[-47,-6],[-36,-41],[-74,10],[-23,85],[-55,81],[-72,21],[11,44],[-62,81],[-15,39],[-88,33],[-58,4],[36,91],[-7,61],[18,55],[38,58],[-41,117],[-43,39],[-24,59],[-70,52],[-22,31],[-57,10],[-84,-8],[-66,25]],[[7750,30517],[-57,75],[-56,-25],[-24,10],[-81,-50],[-38,38],[-84,177],[-103,1],[-53,12],[-63,-14],[-33,-38],[-74,69],[-72,50],[109,91],[44,72],[-31,36],[35,37],[8,44],[-22,54],[54,44],[65,-47],[27,2],[56,112],[62,90],[-45,41],[36,46],[-12,89],[-61,60],[-31,-25],[-5,-53],[-49,-9],[-31,86],[-68,-3],[-29,30],[43,64],[48,46],[23,83],[-88,27],[-25,49],[-1,107],[-33,147]],[[7750,30517],[-19,-54],[-51,-76],[-76,12],[-34,-24],[-17,-75],[-69,-95],[-45,-11],[-65,51],[-48,-47],[-65,-37],[-135,34],[-35,62],[-97,81],[-57,-77],[-17,-96],[-31,-59],[-70,-67],[-26,0],[-55,-140],[-64,-7],[-124,-59]],[[6722,27970],[-23,-56],[-4,-100],[-80,-42],[-5,-52],[-93,18],[-28,-44],[-6,-76],[-85,28],[-60,72],[-38,-25],[1,-62],[-37,-78],[-57,-53],[-123,55],[-14,66],[-88,21],[-69,-73],[-17,-36],[-81,-108],[-90,-100],[-73,6],[-32,-19],[-6,-46],[-99,-7],[-26,53],[-62,-9],[-57,-31]],[[9078,29444],[16,-42],[78,-45],[-23,-29],[34,-80],[-20,-125],[-40,32],[-50,0],[-7,-42],[19,-53],[-35,-52],[-55,13],[-78,-5],[-55,11],[-87,-32],[-13,-49],[-35,-45],[19,-40],[-8,-69],[-53,-33],[-126,43],[-33,27],[-152,-85],[-28,-58],[-73,8],[-45,-52],[-41,-11],[-26,-34],[-117,-2],[-59,-16],[-29,-42]],[[7956,28537],[-80,-9],[-82,68],[-50,-32],[-133,7],[-54,-150],[24,-79],[36,-45],[-34,-76],[-49,-65],[0,-81],[16,-49],[-106,-60],[-23,-32],[-55,29],[-40,-37],[-48,2],[-40,-49],[-206,-59],[-23,26],[-131,-6],[-52,7],[-15,-36]],[[6811,27811],[-11,218]],[[5240,36206],[145,73],[86,-83],[48,19],[48,-22],[18,-44],[67,-26],[-21,-39],[4,-120],[-24,-30],[-78,-35],[-55,-71],[-65,-18],[-35,-28],[14,-60],[-25,-66],[-38,-45],[61,-12],[33,-54],[89,-42],[18,-25],[105,-18],[84,-52],[9,-48]],[[5786,35351],[17,54],[77,49],[-1,45],[-44,18],[-2,74],[-42,113],[32,23],[-22,74],[-102,89],[20,40],[-16,162],[71,31],[56,1],[14,47],[54,-6],[1,-48],[64,-10],[5,-33],[107,-39],[51,-82],[-12,-136],[113,39],[43,4],[84,-71],[39,-85],[43,-26],[2,-70],[30,-95]],[[6468,35513],[-73,2],[-36,-46],[35,-57],[11,-66],[30,-68],[5,-152]],[[6440,35126],[-16,-53],[6,-71],[-154,-62],[-14,-15]],[[9296,39512],[79,-13],[-4,-32],[88,-139],[-20,-48],[41,-61],[41,-18],[-47,-88],[-34,21],[-16,-52],[22,-21],[3,-97],[53,-24],[-1,-71],[20,-21],[-18,-52],[68,-51],[38,-48],[16,-74],[-6,-60],[-49,-184],[-80,1],[-97,27],[-23,33],[-87,16],[-59,-48],[5,-75],[81,-91],[6,-50],[-43,-51],[-97,66],[-113,12],[-47,-16],[-58,-75],[52,-26],[-3,-30],[-82,-56],[-66,24],[-23,-135]],[[8836,37905],[-63,25],[6,30],[-81,-11],[-40,7],[-27,63],[-62,0],[23,44],[-46,71],[-44,24],[-28,112],[-34,41],[2,96],[-28,-1],[-77,-45],[-30,12],[21,74],[-7,50],[-28,13],[22,185],[-83,33],[-35,-8],[-40,37],[-6,97],[49,30],[52,78],[58,16],[61,67],[-45,179]],[[8326,39224],[35,7],[-30,70],[110,96],[3,60],[-19,40],[85,50],[104,77],[21,-15],[70,26],[-15,54],[73,37],[90,-47],[7,-29],[60,-60],[90,38],[29,27],[75,-32],[67,-68],[37,-58],[78,15]],[[6236,41243],[-7,-51],[-6,-236],[-10,-44],[58,-103],[54,-33],[38,-54],[43,-29],[90,-90],[-77,-92],[81,-152],[228,-122],[100,-48],[44,19],[133,11],[19,-85],[49,-48],[26,-104],[-40,-9],[-8,-65],[35,-11],[0,-57],[37,-23],[-2,-44],[-35,-21],[3,-41]],[[7089,39711],[-32,-36],[-59,-23],[-23,-66],[-30,-7],[-77,30],[-49,-14],[-142,32],[-89,-14],[-86,-106],[-42,8],[-79,-143],[-76,-21],[-76,-72],[-83,7],[-60,38],[-61,2],[-21,-83],[13,-102],[27,-27],[77,-28],[5,-25],[64,-48],[-19,-176],[-45,-60],[15,-169],[-61,-168],[-44,-33],[-15,-53],[14,-89],[74,-92],[2,-44],[42,-103],[74,-60],[42,-49],[98,-85],[88,-23],[10,-19],[142,-44]],[[6607,37746],[-56,-47],[-140,-98],[-105,-136],[-86,-35],[-99,-27],[-4,-22],[-76,-4],[-114,47],[-71,58],[-20,86],[-127,-10],[-28,19],[-85,-38],[-58,-164],[-28,-41],[-98,16],[-97,32],[-10,-87],[-27,-99],[6,-75]],[[2739,37801],[-25,72],[-2,54],[34,75],[-43,27],[-71,73],[28,80],[54,-39],[49,12],[81,-47],[19,-47],[95,49],[45,-67],[64,-29],[27,26],[97,33],[19,51],[68,50],[51,10],[68,47],[25,33],[48,19],[19,-36],[149,100],[202,66],[45,-7],[16,28],[55,22],[132,73],[90,-10],[26,-39],[123,-114],[55,21],[23,49],[71,21],[15,45],[80,30],[96,112],[26,45],[23,196],[76,39],[75,5],[20,52],[-14,73],[4,58],[-20,61],[-95,12],[19,26],[-198,164],[-100,89],[-192,94],[-136,0],[1,104],[45,123],[-3,24],[91,23],[108,14],[79,90],[-34,63],[66,52],[16,160],[307,-4],[172,18],[88,98],[47,197],[120,117],[12,50],[131,20],[87,21],[55,84],[1,26],[60,91],[35,128],[41,52],[72,13],[73,-22],[107,15],[111,59],[25,54]],[[8836,37905],[5,-27],[86,-38],[53,-68],[66,13],[41,-13],[46,-51],[2,-34],[38,-76],[38,-8],[1,-76],[-18,-82],[50,10],[21,-63],[80,-142],[-6,-97],[22,-21],[57,31],[38,-114]],[[9456,37049],[0,-57],[-61,-23],[-29,-45],[6,-31],[-87,-51]],[[9285,36842],[-48,41],[-26,95],[-97,-49],[6,-48],[-36,-31],[-38,-2],[-8,-56],[-55,58],[-40,-7],[-108,26],[4,-35],[-41,-40],[-56,-15],[-32,-37],[-103,-17],[-64,-46],[-17,-41],[-49,-26],[-45,66],[-25,67],[16,30],[-68,25],[-3,116],[-86,7],[-82,-32],[-26,14],[-32,126],[-39,-2],[-50,-35],[-37,-50],[-57,-14],[-65,-70],[-13,-42],[33,-40],[51,-6],[20,-58],[50,-60],[-26,-126],[-34,2],[-26,-54],[-118,23],[-9,-54]],[[7806,36445],[-91,40],[-58,72],[-102,18],[-79,52],[13,74],[-12,34],[-48,-6],[-80,35],[-54,3],[-48,26],[15,82],[42,45],[55,126],[-55,77],[-152,24],[-28,89],[-32,18],[-48,93],[65,58],[-48,22],[9,78],[-14,53],[-40,9],[-36,38],[-133,65],[-29,37],[-124,43],[-87,-4]],[[7089,39711],[24,-13],[80,41],[34,-51],[-22,-41],[50,-20],[131,-82],[23,16],[124,-21],[73,-87],[58,-1],[58,82],[20,7],[62,-47],[3,54],[63,-29],[62,-123],[-35,-91],[31,-66],[73,37],[54,-9],[36,-65],[54,-18],[59,19],[122,21]],[[7806,36445],[38,-21],[76,3],[58,-22],[23,-40],[-31,-32],[13,-37],[65,-47],[40,-89],[-36,-49],[11,-66],[-21,-37],[-76,-49],[-118,-54]],[[7848,35905],[-35,-32],[-55,-21],[-19,-48],[-99,17],[-34,-59],[-82,10],[-71,-62],[62,-75],[11,-127],[-27,-61],[44,-88],[32,-32],[-50,-50],[-64,-3],[-28,-22],[-44,18],[-63,-5]],[[7326,35265],[-52,26],[-52,54]],[[7222,35345],[11,82],[-52,64],[-14,63],[-49,-6],[-51,51],[3,50],[-72,-32],[-41,72],[-33,-18],[-54,-62],[-227,-92],[-81,-16],[-94,12]],[[10212,39918],[-102,30],[-76,64],[-169,-7],[-107,85],[-175,-59],[-39,-40],[-72,-128],[-35,-26],[-48,-117],[20,-69],[-71,-63],[-42,-76]],[[11280,39700],[-105,-383],[79,-113],[100,33],[-18,-70],[35,-174],[-42,-39],[34,-30],[18,-62],[70,-46],[100,-103],[63,-43],[57,-109],[-32,-105],[-63,-45],[29,-74],[76,-83],[-7,-35],[42,-47],[-7,-51],[88,-34],[100,-132],[8,-29],[-22,-68],[-52,3],[-26,-54],[39,-46],[42,-9],[75,11],[18,-15],[39,-111],[77,-45],[10,-101],[-32,-25],[11,-92],[102,-45],[15,-35],[51,-30],[24,-86],[43,9],[37,-101],[7,-64],[49,-70]],[[12412,36952],[-44,-51],[-54,-168],[-23,-32],[7,-94],[-11,-60],[-35,-17],[-106,-91],[-97,-31],[-114,16],[-33,-33],[-124,28],[50,76],[-26,105],[60,50],[2,61],[-28,5],[-112,-29],[-96,114],[-82,48],[-66,18],[-45,-4],[-35,25],[-40,-8],[-59,-115],[-41,29],[-100,12],[-105,73],[-73,-15],[-44,16],[-110,-57],[-13,51],[-84,12],[-76,39],[-45,-15],[-31,-40],[17,-62],[-18,-40],[-66,-24]],[[10512,36744],[-132,42],[-34,-10],[-112,3],[-6,107],[-42,26],[-31,71],[-43,-42],[-147,47],[-14,93],[-39,29],[-27,-45],[-93,-41],[-66,-10],[-48,-45],[-67,-8],[-56,55],[-16,42],[-83,-9]],[[14102,39725],[47,-53],[-18,-120],[-25,-38],[-36,-4],[-32,-72],[35,-43],[41,-15],[27,-47],[-58,-112],[-7,-75],[25,-102],[-15,-39],[-42,-23],[-6,-59],[33,-26],[-31,-55],[-59,-65],[-25,-79],[-96,-73]],[[13860,38625],[-63,-19],[-71,-38],[-95,29],[-15,-39],[-54,-13],[-76,68],[-89,-41],[-51,5],[-45,78],[-28,95],[-106,54],[-210,-24],[-56,107],[-100,-20],[-18,51],[-75,66],[9,36],[66,-6],[32,-42],[66,34],[71,9],[34,38],[17,61],[70,22],[-15,45],[44,52],[-23,28],[23,39],[3,99],[-82,34],[-35,32],[-40,95],[-29,29],[71,46],[75,-5],[-16,120],[16,53],[49,65],[-6,77],[74,33],[-4,84]],[[13178,40062],[52,24],[18,36],[80,-4],[77,60],[7,-28],[151,-46],[32,-33],[23,52],[61,-36],[9,-52],[-45,-51],[36,-123],[46,-7],[33,51],[76,63],[39,-63],[56,-36],[-16,-79],[149,-73],[40,8]],[[12870,40182],[48,-65],[35,-23],[152,35],[19,-38],[54,-29]],[[13860,38625],[44,23],[69,-15],[74,-60],[159,-19],[36,-11],[195,-221],[66,-153],[75,-114]],[[14578,38055],[-153,-34],[-138,12],[-144,-32],[-48,115],[-79,92],[-48,-122],[-94,-43],[-98,-58],[-53,-43],[-132,-46],[-98,-67],[-21,-112],[-42,-69],[-80,-53],[-35,-39],[-153,-56],[-42,-61],[-36,-18],[-99,-98],[-79,-90],[-42,-95],[-7,-145],[-22,-27],[-3,-66]],[[12832,36900],[-89,-16],[-96,7],[-82,42],[-40,-7],[-34,50],[-33,-41],[-46,17]],[[13151,41446],[32,-60],[84,40],[169,-7],[159,-33],[31,-28],[91,-14],[93,12],[112,2],[60,27],[39,-7],[52,-72],[97,-32],[22,-57],[35,-2],[25,-62],[71,137],[69,9],[139,-77],[-9,-36],[74,-28],[21,-63],[8,-85],[67,-54],[66,-10],[-9,-37],[35,-48],[-44,-121],[16,-32],[-73,-76],[65,-57],[113,49],[68,9],[54,49],[58,-9],[36,48],[-14,51],[47,21],[33,-20],[16,60],[55,21],[21,-31],[114,31],[33,-45],[100,-53]],[[15482,40756],[-92,-115],[3,-41],[-73,-112],[41,-61],[-48,-55],[-6,-40],[43,-43],[-47,-134],[-128,-75],[-62,13],[-64,-9],[-90,82],[-68,35],[-9,77],[-104,-78],[-45,31],[-32,-45],[-54,-4],[-61,49],[-78,-50],[10,-37],[-66,-27],[26,-45],[-63,-96],[-80,36],[-123,-58],[-45,-6],[3,-64],[-43,-52],[-29,-75],[4,-32]],[[18079,36327],[22,-51],[-92,-111],[-140,-37],[-104,3],[-33,-9],[-3,-53],[-67,9],[-106,-47],[16,-44],[48,-42],[33,-55],[74,-39],[-28,-66],[-56,-27],[-34,-50],[-7,-45],[-40,-39],[-14,-47],[-53,-54],[-40,-8],[15,-45],[-45,-81],[-6,-53],[30,-65],[-73,-71],[-97,-1],[-65,-60],[-37,-70],[-101,-8],[-41,-56],[-47,-11],[-41,-70],[12,-70],[-13,-109],[-159,56],[-54,-29],[-59,-107],[-6,-48],[-31,-12]],[[16637,34605],[-31,-6],[-69,68],[-33,-31],[-134,-27],[-42,12],[-40,37],[3,100],[-49,31],[75,186],[1,59],[-80,75],[-80,-40],[-16,32],[-92,-5],[-26,17],[-84,118],[-81,-46],[-156,-49]],[[15703,35136],[-5,35],[-118,-28],[-34,47],[-173,106],[0,45]],[[15373,35341],[153,74],[-23,32],[59,47],[81,21],[-3,68],[43,30],[110,24],[66,27],[-13,60],[92,-21],[-20,99],[0,78],[-16,19],[-62,-16],[-42,44],[-11,54],[-26,32],[-21,65],[44,47],[-17,71],[25,112],[-41,130],[-30,50],[-7,56],[31,55],[22,73],[-41,46],[52,43],[66,16],[-52,148],[3,56],[-26,59],[20,104],[41,19],[20,62],[-44,37],[-33,-6],[-72,79],[-6,57],[-50,91]],[[15645,37483],[-23,72],[-24,169],[14,42],[1,106],[104,0],[81,35],[35,29],[52,98],[55,64],[-34,75],[3,35],[70,24],[17,-29],[67,-34],[83,15],[41,50],[52,16],[59,57],[67,33],[9,23],[104,121],[53,-21],[-35,-86],[21,-40],[-1,-158],[29,-32],[55,41],[33,-1],[31,-94],[41,11],[55,-53],[118,-8],[33,-39],[61,5],[-11,83],[119,30],[154,-16],[47,-67],[79,-55],[64,7],[62,34]],[[15645,37483],[-34,61],[-62,-28],[-49,12],[-59,45],[50,59],[-41,37],[-58,-2],[-91,-68],[-152,-37],[-149,1],[-210,-11],[-110,153],[-38,273],[-64,77]],[[15482,40756],[43,8],[120,-33],[65,32],[55,-37],[30,54],[-33,16],[17,45]],[[15373,35341],[-42,-8],[-57,148],[-40,-16],[-128,13],[-43,-12],[5,-80],[-87,26],[-68,-4],[11,-68],[-48,-39],[26,-62],[45,-12],[21,-66],[43,-37],[15,-39],[-12,-49],[-66,-41],[-70,-88],[-96,-187],[-106,-76],[-47,47],[-35,68],[-50,32],[-105,-50],[-54,37],[-54,0],[-19,27],[-78,42],[-83,14],[-27,47],[-33,16],[-73,-6],[-51,-18],[-43,21],[-125,12],[-86,-69],[-17,-46],[-63,-18],[-69,13]],[[13564,34813],[-71,104],[-68,83],[-15,117],[-25,82],[11,30],[-25,55],[13,48],[-42,27],[-59,-29],[-18,59],[-56,88],[-21,142],[44,9],[-40,62],[84,69],[5,54],[79,-14],[18,61],[53,39],[81,15],[54,37],[72,71],[77,43],[42,-28],[-37,177],[-28,198],[-25,-18],[-60,77],[-38,18],[-95,-4],[-41,17],[-66,73],[-150,28],[28,30],[-8,64],[-41,32],[5,130],[-37,1],[-3,54],[-28,16],[-107,-49],[-58,21],[-98,-11],[-38,9]],[[6440,35126],[75,2],[32,25],[44,-37],[117,41],[25,94],[50,-18],[59,20],[44,-29],[52,6],[19,27],[69,-10],[8,63],[85,-31],[63,18],[40,48]],[[7326,35265],[-57,-66],[1,-87],[70,16],[23,-134],[46,50],[51,2],[14,-34],[-18,-47],[40,-28]],[[7496,34937],[4,-139],[-36,-85],[-134,3],[-53,-15],[-42,22],[-48,-22],[13,-86],[-61,-67],[-49,-94],[-46,-21],[-32,-72],[-35,-17],[-122,7],[-79,51],[-127,15],[-36,-42],[-40,13],[-56,-19],[-51,74],[-44,23]],[[7848,35905],[39,-42],[-25,-64],[131,-45],[220,95],[39,-5],[24,-95],[64,-5],[10,-28],[58,0],[123,58],[95,15],[54,-35],[41,16],[35,-56],[-33,-35],[13,-29],[65,-2],[-12,-123],[21,-42],[86,27],[44,-53],[-12,-49],[33,-99],[-4,-37],[-92,-41],[-113,-75],[7,-99],[53,-149],[-70,-83],[-55,-4],[-63,52],[-41,-33],[-51,-12],[-53,-57],[41,-58],[-74,-62],[-18,-83],[-105,-49],[-35,-45],[19,-75]],[[8307,34399],[-69,-19],[-39,17],[-111,-13]],[[8088,34384],[-9,107],[24,42],[-45,27],[-88,-22],[-99,28],[-38,103],[-133,108],[2,87],[-41,40],[-46,-19],[-2,51],[-44,-18],[-43,29],[-30,-10]],[[8307,34399],[78,-79],[61,-13],[-25,-61],[13,-34],[78,28],[135,-17],[61,-52]],[[8708,34171],[16,-56],[-31,-48],[5,-66],[40,-155],[26,-34],[-30,-67],[-50,-27],[-32,-47],[19,-79],[-5,-72],[29,-44],[-10,-89],[-73,-42],[-17,-79],[-76,-44],[-8,-53],[-104,-5],[-56,-34]],[[8351,33130],[6,74],[-50,-14],[-95,29],[-42,39],[11,104],[60,1],[60,106],[-18,84],[-47,11],[-28,-33],[-51,33],[-84,12],[-70,-29],[-47,-1],[-18,-64],[-39,-54],[9,-51],[-56,-3],[-74,30],[27,32],[-19,52],[67,24],[-16,35],[42,39],[-2,73],[-115,18],[-52,79],[-35,-22],[-37,47],[12,55],[85,86],[-20,44],[24,62],[30,16],[28,60],[-24,98],[47,55],[45,-7],[71,-79],[82,79],[30,97],[40,37]],[[10512,36744],[107,-70],[38,-6],[77,-106],[44,-26],[-53,-37],[-79,32],[-49,0],[-39,-21],[4,-95],[-42,-116],[13,-45],[-70,-68],[-119,-163],[23,-97],[-12,-38],[-39,-13],[-172,-15],[-60,-21],[-33,-32],[-132,-75]],[[9919,35732],[-29,61],[-35,28],[6,54],[-25,58],[29,45],[-28,106],[-120,-38],[-30,40],[-79,-12],[-32,37],[-85,10],[-106,-25],[-12,-63],[-63,-25],[-56,23],[-39,-8],[-27,161],[-6,140],[-20,99],[74,10],[27,34],[67,33],[52,-4],[31,58],[-99,86],[-34,58],[-9,101],[14,43]],[[8351,33130],[-24,-9],[-49,-92],[-6,-63],[-100,-99],[-66,-11],[-26,-37],[-64,22],[-53,-43],[18,-25],[-55,-62]],[[15703,35136],[-148,-58],[-71,-52],[-71,-16],[-83,-47],[-33,-33],[18,-89],[64,-48],[34,-51],[3,-55],[39,-54],[-18,-78],[3,-53],[78,8],[71,-25],[-14,-78],[31,-44],[-54,-27],[11,-111],[-18,-61],[-119,27],[-133,-1],[-126,-100],[-54,-29],[-81,51],[-99,45],[-73,17],[-64,-28],[-106,-21],[-51,-54],[-165,-51],[-88,17],[-50,26],[-59,-13],[-61,-44],[34,-69],[-85,-54],[-35,-60],[-28,-14],[-3,-58],[-80,32],[-85,-59],[-3,-46],[-78,-60],[-6,-66],[-90,-146],[-106,-95],[-44,-76],[58,-60],[52,-23],[35,-107],[43,-59],[91,-3],[70,51],[15,60],[66,23],[57,2],[77,36],[49,-2],[40,51],[109,9],[76,-10],[19,-68],[52,-42],[-43,-86],[16,-82],[38,-66],[-4,-34],[22,-80],[41,-36],[93,-43],[-17,-42],[-73,-39],[-10,-40],[7,-107],[42,-35],[-49,-39],[-1,-32],[-58,-39],[-10,-30],[-87,-73],[-118,-126],[-12,-60],[80,-106],[56,-5],[4,-45],[-70,-20],[-77,11],[-161,-117],[-106,11],[-87,31],[-97,15],[-117,5],[-69,-7],[-32,15],[-47,-14]],[[13570,31778],[-17,99],[-87,14],[-33,57],[-87,52],[1,40],[-34,16],[-48,61],[-14,56],[-99,-61],[-47,-14],[-15,-54],[-48,19],[-35,52],[-54,-10],[-17,-27],[-91,-43],[-50,-42],[-27,-60],[-51,-35],[-2,-42],[-57,-59],[-33,-1],[-42,-63],[-69,-33],[-84,34],[-53,-5],[-41,40],[-53,-5],[-69,23],[-102,-27],[-111,38]],[[12001,31798],[14,65],[-84,26],[8,42],[-32,21],[-107,21],[-11,51],[-43,106],[-75,30],[-47,-87],[-63,39],[-42,-20],[-64,26],[24,81],[60,52],[14,54],[-15,102],[-108,109],[-65,26],[-8,66],[-43,46],[-16,56],[31,65],[75,59],[-34,97],[-41,-29],[-69,33],[-64,-9],[-88,66],[-50,-7],[-9,-41],[-54,-41],[-63,3],[10,43],[-55,29],[-58,-36],[1,-35],[-59,-29],[-43,28],[-90,28],[-80,-19],[-66,6],[-4,-47]],[[10488,32874],[-45,60],[-64,33],[2,63],[19,58],[-83,114],[48,71],[-10,84],[23,37],[-13,56],[-65,4],[14,40],[79,36],[12,37],[55,19],[-19,43],[5,74],[-36,57],[-54,47],[-36,7],[29,66],[-29,65],[6,82],[-55,111],[-31,32],[35,38],[-43,70],[33,88],[-24,33],[-4,94],[-35,1],[-2,78],[-35,100],[-61,66]],[[10104,34738],[47,63],[34,0],[-12,66],[43,31],[10,44],[44,6],[16,34],[42,17],[42,-41],[12,-70],[152,-73],[57,0],[11,30],[149,-20],[22,43],[35,2],[75,-118],[72,-22],[69,-46],[25,-39],[50,-14],[37,20],[64,-11],[197,18],[17,-63],[89,-29],[87,33],[44,-69],[55,-50],[79,-16],[57,-40],[50,-105],[81,-14],[31,-30],[124,1],[78,31],[75,-85],[39,-67],[61,33],[28,-18],[90,18],[91,40],[70,-9],[133,100],[29,-28],[104,10],[14,35],[111,85],[53,15],[38,40],[34,101],[46,32],[72,16],[130,77],[-3,15],[100,45],[60,51]],[[8708,34171],[47,47],[53,-18],[11,-42],[57,30],[-2,25],[48,73],[3,33],[-68,97],[60,25],[-47,153],[-30,47],[37,32],[80,22],[30,57],[54,2],[16,44],[114,23],[100,44],[148,-19],[32,-40],[88,42],[63,-33],[123,25],[45,-25],[55,54],[63,-17],[83,50]],[[9971,34902],[25,-9],[75,-151],[33,-4]],[[10488,32874],[51,-40],[-15,-80],[-59,-63],[-36,-19],[18,-72],[49,-108],[-8,-80],[-19,-36],[-40,8],[-71,64],[-40,-13],[-12,-62],[-42,-66],[-153,7],[-29,-52],[-59,-3],[-87,28],[-59,-67],[-71,-29],[-21,-44],[60,-12],[9,-48],[53,-72],[59,-14],[-34,-52],[-55,-112],[33,-13],[-26,-104],[-6,-74],[27,-38],[-24,-51],[-46,-28],[-50,32],[-76,27],[-78,-40],[-106,-17],[-139,18],[-33,-12]],[[12001,31798],[-56,-37],[-35,-77],[24,-13],[32,-163],[71,-24],[-5,-90],[-28,-39],[-53,-30],[-41,-80],[6,-75],[-43,-59],[-35,-11],[-65,17],[-114,-54],[1,-67],[-42,4],[-18,37],[-58,4],[-76,35],[-16,50],[-62,5],[-32,-39],[-41,45],[-113,-11],[-29,-49],[-7,-52],[-47,-36],[-49,10],[-67,-24],[-34,66],[12,24],[-81,66],[7,155],[-103,-83],[-69,-16],[-53,28],[-58,-36],[-49,2],[-115,-216],[13,-51],[-19,-55],[46,-44],[1,-88],[-19,-68],[-47,-22],[-34,-48],[26,-76],[-36,-97],[24,-32],[-66,-67],[-84,7],[-37,-16],[-130,12],[-56,-2]],[[10042,30318],[-35,38],[-83,-12],[-98,82],[-81,29],[-35,-20]],[[13570,31778],[-43,-49],[-63,9],[-28,-54],[-25,5],[-80,-96],[24,-60],[43,-6],[45,-31],[19,-41],[-26,-76],[-34,-21],[-54,-81],[23,-32],[35,46],[51,-111],[23,-4],[38,-82],[-41,-10],[1,-36],[-149,-127],[-21,-74],[-50,-34],[-71,-87],[23,-50]],[[13210,30676],[-92,-19],[0,-119],[13,-22],[-66,-71],[7,-68],[41,-98],[-12,-38],[-84,-4],[-32,18],[-34,-48],[-105,-86],[-47,-63],[-44,-21],[0,-101],[-12,-33],[-69,-12],[-27,-48],[13,-33],[-69,-21]],[[12591,29789],[-14,28],[-81,2],[-86,-35],[-72,-3],[-2,28],[-48,63],[-18,83],[-113,-1],[-87,-115],[-98,-106],[-9,-39],[-215,-177],[-71,-108],[-46,-106],[-117,-73],[-21,-36],[-65,-16],[31,-94],[36,-35],[-16,-47],[82,-60],[4,-45],[59,-83],[13,-73],[-32,-89],[-49,-97],[-2,-63],[-40,-85],[-57,12],[-26,-35],[-2,-57]],[[11429,28327],[-81,101],[-53,47],[-85,-6],[-37,16],[-20,-38],[-35,-7],[-23,-36],[-101,19]],[[10994,28423],[16,119],[-13,116],[-80,74],[-57,69],[-66,101],[-82,49],[-77,107],[-23,82],[24,15],[-9,105],[29,34],[9,71],[-14,31],[23,85],[-15,70],[-28,22],[-5,66],[-47,41],[-24,-24],[-74,20],[-100,-32],[-64,29],[-44,78],[-17,58],[-34,8],[-24,79],[-69,22],[-119,7],[-77,36],[-17,67],[45,103],[-12,33],[93,154]],[[9971,34902],[60,17],[-32,108],[-25,16],[-40,82],[33,34],[-15,62],[33,97],[-39,45],[36,156],[-63,213]],[[14205,22237],[79,-27],[80,12],[100,38]],[[14464,22260],[30,-12],[20,-71],[-30,-93],[54,-46],[2,-63],[32,-68],[9,-92],[-39,-36],[-15,-54],[-56,-48],[9,-75],[-11,-41],[21,-38],[-71,-34],[-58,-81],[-158,-127],[2,-77],[-12,-38],[39,-34],[-28,-39],[17,-41],[-88,-47],[-29,-53],[-44,10],[-16,41],[-66,17],[-37,49],[-55,199],[-81,28],[-96,-33],[-57,-1],[-27,118],[73,7],[-9,31],[88,30],[30,59],[17,155],[28,5],[125,110],[-13,56],[21,62],[-62,47],[32,21],[11,58],[-17,59],[46,24],[-30,56],[115,27],[82,5],[43,45]],[[14788,24099],[52,-54],[-84,-92],[-15,-180]],[[14741,23773],[-51,-37],[1,-51],[46,-69],[7,-39],[-48,-40],[-42,13],[-67,48],[-35,-7],[-85,-51],[5,-28],[74,-10],[36,-41],[-1,-39],[-72,-68],[-11,-46],[-74,-151]],[[14424,23157],[-92,-27],[-96,-4],[-83,-26],[-54,1],[-58,-19],[-92,9],[-80,-91],[-55,-9],[-27,-89],[-3,-116]],[[13784,22786],[-77,-17],[-33,82],[-144,-10],[-47,-25],[-66,-6],[-15,101],[128,94],[92,40],[-31,62],[-1,85],[-58,42],[-13,66],[-67,34],[-15,-62],[19,-78],[-29,-43]],[[13427,23151],[-99,116],[3,48],[-101,83],[-42,58],[38,56],[-8,43],[84,-37],[89,132],[85,-49],[184,129],[53,20],[70,56],[49,138],[-54,18]],[[13778,23962],[9,65],[24,49],[28,-14],[33,36],[-25,43],[59,26],[23,34],[122,114],[46,55],[39,1],[40,68],[66,-36],[45,27],[54,10],[48,43],[2,33]],[[14391,24516],[100,-71],[3,-93],[-13,-34],[-54,-51],[-65,-36],[28,-27],[-17,-42],[7,-63],[68,-101],[81,-10],[63,54],[60,30],[0,53],[80,9],[56,-35]],[[14741,23773],[47,2],[68,-21],[74,-7]],[[14930,23747],[1,-84],[-49,-29],[32,-43],[-4,-68],[45,-58],[-19,-26],[21,-40],[101,-39],[-37,-133],[-71,-10],[-160,-1],[5,-49],[-46,-7],[-14,-83],[-80,-48],[-28,3],[-33,53],[54,14],[-7,31],[-58,33],[-159,-6]],[[12448,23848],[-52,-51],[101,-94],[67,3],[-30,-76],[57,-127],[36,-49],[65,36],[30,-78],[-7,-39],[30,-52],[-9,-42],[-47,-80],[-49,33],[-53,-43],[-3,-29],[61,-106],[35,13],[36,-43],[-77,-50],[-24,-47],[-41,-3],[-100,-66],[20,-29],[-24,-49],[5,-93],[-10,-43]],[[12465,22644],[-77,10],[-90,-59],[-47,4]],[[12251,22599],[-80,126],[-141,143],[-50,25],[-226,39]],[[11754,22932],[-76,-8]],[[11678,22924],[-27,75],[-50,81],[-85,74],[-53,73],[-54,33],[-52,-13],[-5,88],[74,-1],[36,-19],[29,52],[-39,38],[-76,-24],[-15,36],[99,80],[54,84],[44,21],[44,69],[110,12],[18,-39],[88,52],[35,38],[147,76],[17,59],[62,4],[111,24],[36,-36],[58,7],[47,28],[34,-18],[56,15],[27,-45]],[[15342,18364],[60,5],[78,-63],[27,-57]],[[15507,18249],[19,-43],[56,-48],[18,-39],[-43,-34],[-63,-9],[-22,-67],[-63,-34],[-59,48],[-30,-148],[-48,-73],[-59,-30],[-56,-91],[-41,-46],[-57,13],[-24,57],[-34,26],[-48,-104],[-93,69],[21,71],[-8,55],[50,34],[71,0],[30,58],[-20,54],[10,113],[-32,90],[-22,11],[17,66],[70,42],[55,67],[41,-24],[32,-51],[-17,-66],[68,0],[68,73],[0,32],[48,43]],[[14826,20469],[1,-58],[-57,-52],[22,-72],[51,-61],[-15,-115],[-68,-14],[57,-40],[2,-42],[75,-17],[40,-45],[65,-24],[17,-81],[51,-30],[49,7],[38,-43],[113,33],[11,-41],[-21,-31],[-44,1],[-44,-36],[-5,-37],[62,-41],[42,-126],[-43,-63],[62,-43],[-49,-40],[21,-49],[-3,-78],[25,-98],[-32,-62],[17,-61],[-8,-46],[31,-36],[-5,-71],[24,-38],[5,-80],[87,-55],[-39,-90],[-18,-71]],[[15343,18523],[-69,18],[-189,-30],[-74,-96],[-80,114],[15,79],[-12,60],[-37,47],[-99,-104],[-100,31],[-28,-28],[-79,59],[-133,34],[-10,43],[-63,10],[-25,59],[-7,88],[-27,-8],[-36,64],[1,59],[-37,53],[-4,162],[65,19],[8,64],[-45,48],[-35,-17],[-38,34],[-8,47],[60,8],[38,52],[-66,43],[-128,-60],[-18,20],[-286,-83],[-23,-53],[24,-97],[46,4],[29,-146],[11,-102],[27,-57],[24,-95],[-40,-33],[-32,-63],[-52,-22],[-27,-79],[-50,-12]],[[13734,18657],[-42,14],[-32,-20],[-53,21],[-75,58],[-46,64],[-31,97],[-129,159],[-29,48],[-77,12],[0,34],[-35,54],[-44,37],[-79,8],[-41,-9],[-11,-46],[-81,-4]],[[12929,19184],[-38,97]],[[12891,19281],[-43,103],[-52,47],[-51,74],[-26,60],[-57,248],[-33,59],[-33,97],[2,107],[43,73],[116,79],[188,63],[64,45],[42,71]],[[13051,20407],[10,24]],[[13061,20431],[48,-62],[68,24],[119,-52],[155,17],[54,-10],[26,-55],[31,46],[60,51]],[[13622,20390],[9,-31],[143,25],[35,53],[31,-41],[29,36],[143,-74],[27,18],[50,-22],[51,36],[60,-30],[64,44],[-33,112],[58,55],[52,-3],[39,-59],[72,-23],[44,-70],[10,-53],[75,-25],[39,32],[73,21],[25,-30],[73,89],[35,19]],[[14464,22260],[15,20],[66,10],[68,-72],[78,23],[52,60],[126,-51],[27,-48],[30,23],[72,1],[85,49],[31,38],[115,44],[115,2],[28,49],[58,37],[64,85],[45,26],[31,65],[193,-25],[89,9],[80,-38]],[[15932,22567],[24,-63],[-3,-75],[32,-162],[-38,-66],[33,-13],[2,-57],[32,-116],[-45,-121],[31,-9],[41,-153],[-2,-94],[65,-107]],[[16104,21531],[-59,-6],[-23,-43],[50,-41],[-3,-43],[-35,-32]],[[16034,21366],[0,38],[-38,39],[-54,-25],[-71,29],[9,-77],[35,-99],[-110,-123],[-86,-5],[-34,-48],[-8,-64],[21,-67],[-57,-35],[-46,44],[-116,2],[-35,-32],[-10,-68],[-55,-2],[-62,39],[-64,-29],[-37,1],[5,59],[-105,-45],[-3,-43],[-34,-36],[-29,-94],[6,-40],[-81,-82],[-67,-113],[-82,-21]],[[13622,20390],[-14,88],[-9,174],[34,39],[-4,39],[-69,-24],[-19,32],[29,54],[-64,12],[1,141],[58,43],[-15,70],[5,69],[17,38],[-68,134],[-49,167],[-33,60],[7,49],[220,90],[-25,143],[-45,50],[-3,124],[34,15],[71,0],[-6,96],[-19,73],[92,15],[-8,91],[74,10],[27,67],[88,4]],[[13929,22353],[70,-32],[126,-79],[80,-5]],[[13784,22786],[29,2],[32,-39],[22,-140],[104,-169],[10,-66],[-52,-21]],[[13061,20431],[29,60],[118,135],[12,38],[-28,54],[-54,4],[-104,-26],[-70,6],[-43,28],[-33,61],[-11,79],[-60,141]],[[12817,21011],[-89,127],[-21,48],[0,71],[35,146],[-27,67],[-49,32],[-65,17],[-56,82],[-20,106],[9,62],[41,90],[12,61],[-7,56],[-52,170]],[[12528,22146],[-4,70],[-39,97],[-47,86],[-89,109],[-98,91]],[[12465,22644],[79,-10],[90,25],[51,-5],[124,-41],[69,11],[77,89],[178,120],[35,59],[7,45],[52,60],[126,71],[74,83]],[[13778,23962],[-31,8],[-64,-41],[-55,92],[-35,-4],[-24,45],[-41,5],[-84,-70],[-47,41],[-24,-72],[-37,-2],[-137,109],[-56,-15],[-62,-61],[-46,47],[-9,53],[-95,102],[-92,-57],[-42,27],[-65,4],[-79,46],[-5,98],[-65,-6]],[[12583,24311],[-8,19],[40,92],[154,31],[84,35],[-12,55],[-119,129],[127,49],[22,66],[-12,79],[-75,38],[-79,124],[-46,5],[13,60],[-86,-14]],[[12586,25079],[-67,40],[-26,37],[32,25],[59,-4],[40,22],[-7,64],[-35,-4],[-61,106],[-78,5],[-56,93],[82,39],[38,40],[-18,57],[46,-5],[50,39],[-41,40],[25,52],[52,64],[136,49],[12,37],[-11,60],[18,60],[67,-56],[57,45],[103,41],[107,56],[46,0]],[[13156,26081],[35,-66],[70,-26],[40,-67],[62,8],[30,22]],[[13393,25952],[107,-61],[13,-89],[32,-9],[5,-89],[83,52],[51,-67],[25,37],[53,-21],[115,-21],[-8,-39],[-40,-25],[36,-54],[63,-17],[35,-86],[22,-1],[23,-75],[31,19],[42,-77],[-55,-6],[-30,-108],[-59,-58],[-28,-58],[-74,-37],[28,-31],[223,-56],[6,36],[41,35],[41,-20],[-29,-36],[-20,-90],[10,-40],[84,-40],[-9,-23],[56,-34],[17,-32],[-29,-116],[89,-73],[48,-26]],[[14788,24099],[17,68],[-16,47],[4,58],[44,16],[72,-21],[56,44],[-41,117],[-27,103],[-35,10],[29,67],[65,2],[29,-22],[45,31],[34,68],[57,33],[-26,77],[26,40],[-44,25],[-2,56],[107,53],[75,-64],[111,30],[35,-4],[49,-41],[28,-68],[48,-10],[36,32],[50,-33],[0,-30],[48,-44],[-28,-48],[86,-30],[68,19],[-2,43],[42,20],[83,-107],[58,-23],[-40,-31],[45,-36],[11,52],[43,22],[24,77],[77,-9],[58,-32],[82,28],[50,-15],[85,37],[21,-28],[39,43],[113,-8],[33,-19],[70,61],[-21,78],[74,105],[44,45],[31,-25],[64,18],[35,40],[-13,40],[52,143],[-17,119],[63,78],[27,12],[49,-32],[88,27],[58,-3],[-7,54],[-61,19],[14,120],[-8,39],[50,16],[29,74],[-107,27],[38,80],[33,32],[-43,27],[42,115],[4,44],[37,47],[44,5],[41,39],[-25,68],[6,60]],[[17301,26266],[21,106],[-29,27],[19,70],[44,14],[28,-38],[69,-39],[98,-19],[23,-54],[67,-77],[16,-75],[-19,-101],[-24,-66],[-43,-50],[60,-69],[-13,-58],[77,5],[2,66],[60,7],[22,-28],[82,-14],[18,52],[57,68],[32,-5],[80,28],[7,51],[45,125],[46,29],[101,89],[27,-16]],[[18274,26294],[30,-42],[-4,-60],[16,-119],[56,-32],[111,-103],[65,-28],[44,-58],[70,-48],[54,34],[40,-2],[119,34],[76,35],[47,-27],[50,-66],[97,-52],[45,-2],[75,-33],[36,7],[44,-100],[161,-6],[52,-33]],[[19558,25593],[74,-124],[-16,-106],[23,-26],[-23,-63],[16,-34],[-42,-91],[-46,-53],[-96,-51],[-39,-77],[-66,-26],[-37,8],[-102,-64],[-36,7],[-38,-54],[-47,-139],[53,-19],[95,-56],[-23,-47],[-50,-12],[-35,22],[-56,2],[-64,-51]],[[19003,24539],[-8,-49],[-60,7],[-27,-17],[-121,14],[-21,73],[-130,-35],[-43,-32],[-43,84],[-77,-8],[-42,22],[-37,58],[-40,-136],[32,-36],[21,-66],[-16,-18],[68,-141],[-71,-19],[-2,-89],[-15,-56],[35,-51],[60,-15],[57,5],[15,-61],[-48,-90],[-71,-36],[12,-116],[47,-146],[-1,-67],[-33,-54],[-1,-42],[-75,8],[-98,-4],[-94,-41],[-74,1],[-46,-42],[-62,5],[-53,-12],[-41,30]],[[17900,23367],[-53,81],[-60,180],[-46,98],[-162,2],[-27,47],[-45,35],[-100,-64],[-110,69],[-60,8],[-69,-35],[-39,8],[-84,57],[-124,2],[-5,-29],[-82,-36],[-56,-7],[43,-79],[-75,-71],[-21,-53],[-71,-110],[-29,-62],[-49,36],[66,124],[-14,49],[-44,-31],[-118,99],[-118,3],[-45,-80],[-61,-7],[-30,29],[-31,-20],[-94,-9],[-143,-36],[-71,-121],[-35,-45],[10,-184],[-44,-19]],[[15804,23196],[0,45],[-27,31],[-65,26],[-110,-1],[-81,57],[-107,-5],[19,-43],[-43,-42],[-121,39],[-17,110],[-37,16],[23,52],[27,102],[12,92],[-125,9],[-222,63]],[[12448,23848],[59,60],[-1,35],[42,29],[89,-25],[-19,97],[-48,3],[-34,55],[38,49],[9,160]],[[15342,18364],[2,82],[-15,27],[14,50]],[[16034,21366],[26,-53],[92,57],[-17,-102],[40,-24],[104,131],[28,-54],[-46,-23],[29,-98],[-49,-68],[49,-107],[21,-121],[87,60],[105,-18],[1,-67],[27,-37],[-37,-56],[-69,-23],[-33,-125],[88,-22],[104,-70],[21,-37],[-59,-145],[-11,-66],[-64,-47],[28,-75],[-46,-41],[-125,-18],[-31,-52],[4,-171],[73,-71],[-20,-61],[8,-99],[-48,-49],[-28,7],[-30,-54],[-72,-82],[13,-73],[-12,-57],[39,-26],[47,10],[43,-112],[58,-92]],[[16372,19135],[-21,-140]],[[16351,18995],[-82,10],[-23,108],[-25,1],[-5,-81],[52,-72],[29,-65]],[[16297,18896],[2,-55],[29,-2],[105,-65],[13,-50],[45,-52],[-13,-46],[-83,-51],[-40,135],[-80,1]],[[16275,18711],[-25,-12],[-70,39],[-79,-94],[1,-39],[-36,-54],[-9,-66],[-121,-12],[-23,42],[-125,25],[-42,29],[-9,-48],[-71,-16],[-62,10],[33,-60],[-36,-64],[-36,-16],[-45,-76],[-13,-50]],[[15804,23196],[-75,-152],[23,-45],[58,-11],[70,29],[100,-21],[34,-56],[-6,-134],[44,-80],[-21,-72],[39,-29],[28,-49],[-36,-23],[-58,8],[-37,54],[-35,-48]],[[11678,22924],[-152,-66],[-68,-14],[-102,-48],[-92,-68],[-104,-40],[-114,-8],[-68,-21],[-156,-102],[-174,-94],[-176,-41],[-79,5],[-170,-21],[-77,32],[-39,58],[-29,184],[-52,84],[-104,65],[-111,136],[-69,41],[-64,57],[-31,48],[3,80]],[[9650,23191],[41,1],[33,54],[38,29],[37,66],[67,-32],[75,9],[38,47],[-39,43],[-1,57],[37,87],[23,14],[9,98],[46,40],[31,-6],[27,-56],[50,-12],[48,-42],[81,66],[43,-33],[53,-78],[3,-44],[36,-5],[-16,82],[17,54],[-23,54],[-1,75],[35,85],[-37,10],[-73,82],[-79,45],[-43,65],[13,28],[-19,69],[109,77],[41,41],[-24,44],[66,60],[92,17],[64,35],[8,50],[92,18],[67,36],[40,45],[66,-41],[53,-84],[74,-16],[12,40],[117,114],[1,19],[-90,83],[-66,129],[52,24],[0,55],[67,22],[116,-6],[14,-49],[87,-17],[56,-45],[19,9],[32,88],[44,47]],[[11409,24938],[24,22],[84,6],[113,-23],[79,29],[88,61],[115,25],[52,-138],[34,28],[49,-104],[41,-18],[102,104],[69,19],[56,-16],[3,-46],[72,8],[41,33],[23,66],[86,1],[14,65],[32,19]],[[13393,25952],[38,56],[88,87],[84,6],[111,-20]],[[13714,26081],[51,26],[49,-2],[-1,49],[26,64],[-57,28],[-83,87],[53,16],[20,48],[67,38],[-11,28],[63,40],[72,-9],[28,99],[85,55],[101,16],[83,-18],[135,-70],[58,30],[81,2],[81,-64],[64,-2],[71,67],[57,5],[3,-83],[43,-19],[16,-72],[-54,-48],[20,-83],[62,-53],[146,-37],[63,4],[39,68],[10,52],[58,-39],[-2,-54],[69,-63],[67,-5],[34,91],[202,-44],[34,5],[49,58],[-33,33],[35,45],[51,2],[70,32],[6,85],[-47,8],[3,47],[37,72],[-22,78],[43,43],[86,11],[29,-37],[75,51],[67,8]],[[16066,26770],[77,16],[99,-38],[-3,-16],[-79,-76],[5,-48],[-17,-61],[16,-53],[43,-70],[53,26],[69,-17],[-17,-64],[24,-32],[-43,-62],[103,-30],[77,18],[43,-12],[114,31],[94,48],[90,-10],[73,64],[116,64],[161,35],[-5,-54],[35,-68],[0,-33],[107,-62]],[[13714,26081],[-63,32],[-14,52],[-52,-46],[-31,-6],[-5,126],[-32,75],[-46,196],[56,3],[63,49],[54,103],[50,60],[78,39],[36,41],[93,-20],[88,0],[7,88],[86,20],[-14,62],[-143,39],[-148,17],[-83,56],[-76,-9],[20,62],[47,23],[25,-26],[76,43],[45,40],[76,99],[2,69],[-52,10],[10,83],[-55,125],[-110,120],[8,58],[-59,-13],[-55,89],[-33,-5],[-3,-54],[-58,6],[-83,80],[27,31],[-5,60],[19,77],[56,37],[49,76],[25,112],[-3,52],[88,88],[17,39]],[[13692,28439],[26,-16],[75,-125],[-9,-50],[162,-8],[15,88],[47,-5],[23,92],[43,23],[8,35],[101,-34],[20,-59],[56,-8],[14,-36],[51,-31],[42,7],[28,34],[77,-59],[75,7],[28,47],[94,75],[58,-74],[53,43],[37,9],[45,-18],[0,76],[183,58],[81,-33],[73,-66],[62,-31],[34,16],[50,-42],[78,59],[16,79]],[[15438,28492],[20,29],[86,-28],[49,-55],[45,-117],[67,-61],[-9,-71],[11,-68],[-29,-96],[-45,42],[-82,-9],[16,-40],[73,-60],[19,-75],[132,-55],[33,30],[57,-42],[-8,-27],[28,-78],[-37,-79],[45,-39],[43,26],[53,-10],[49,20],[50,-14],[46,-46],[17,-100],[61,-81],[15,-52],[76,17],[90,-12],[44,-17],[9,-33],[50,-31],[-15,-134],[-70,-10],[-28,-24],[5,-44],[-79,-121],[-96,2],[-12,-39],[-56,-39],[-47,-2],[-48,-79]],[[12591,29789],[1,-62],[54,21],[91,-27],[21,-32],[54,-20],[20,-35],[-2,-50],[-37,-47],[12,-92],[-20,-95],[21,-46],[12,-85],[27,-29],[50,35],[49,1],[32,-21],[103,25],[37,-78],[-50,-84],[-78,-113],[28,-33],[3,-95],[38,-25],[-22,-33],[3,-61],[56,-80],[87,24],[39,47],[57,24],[37,37],[38,1],[75,-27],[47,-41],[42,25],[11,54],[36,-22],[-37,-104],[48,-79],[9,-59],[93,-29],[16,-40]],[[13156,26081],[-6,43],[-115,62],[-53,57],[-48,147],[83,145],[-20,34],[-51,-17],[-40,-53],[-16,-74],[-64,26],[-45,-22],[-40,48],[-14,57],[-53,46],[-2,55],[-49,27],[-22,75],[9,39],[-10,87],[-63,15],[-54,-5],[-19,28],[-83,24],[-28,79],[-94,32],[-38,42],[-15,93],[-38,16],[-14,55],[-36,46],[-2,70],[-18,44],[-64,40],[-36,-6],[-54,61],[-71,-79],[-36,-103],[-39,6],[-61,74],[-113,29],[-44,110],[-20,77]],[[11560,27611],[-21,22],[-99,47],[-10,19],[59,68],[19,70],[-6,42],[-69,81],[-83,131],[0,113],[12,39],[36,12],[31,72]],[[11409,24938],[-10,49],[4,107],[-26,57],[-66,58],[24,98],[-49,41],[-125,64],[22,51],[-20,113],[-30,31],[-7,78],[-42,51],[-45,19],[-31,87],[-23,-30],[-104,2],[14,28],[4,104],[-153,7],[-42,71],[-55,-16]],[[10649,26008],[-27,75],[44,-8],[32,31],[33,82],[-25,68],[39,65],[53,12],[49,61],[-1,66],[-43,12],[-72,88],[-11,82],[-32,17],[10,75],[44,41],[-36,107],[70,47],[-19,41],[59,70],[23,-9],[97,124],[0,51],[74,27],[119,-41],[20,-91],[85,5],[18,-26],[74,-11],[48,14],[-19,66],[40,40],[95,19],[-30,51],[77,208],[26,96],[-3,48]],[[13210,30676],[112,-54],[85,-65],[34,12],[59,-18],[62,16],[74,3],[34,-49],[61,-14],[30,16],[53,-10],[47,43],[150,57],[14,36],[41,0],[3,53],[44,-4],[-16,84],[36,15],[65,109],[82,-56],[77,-1],[11,-55],[43,-46],[95,-25],[-32,-29],[38,-48],[95,59],[60,51],[26,-46],[26,-89],[49,-49],[34,15],[88,-9],[103,8],[97,51],[44,-51],[98,-1],[20,-28],[59,0],[62,-27],[59,73],[-41,75],[41,15],[19,-29],[95,-18],[-4,-49],[47,-64],[97,-51],[37,-61]],[[15723,30421],[-8,-53],[59,-28],[75,9],[54,-30],[8,-128],[65,-40],[12,-24],[58,34],[-13,66],[50,48],[96,-36],[49,-46],[22,56],[58,-37],[8,63],[44,-29],[47,15],[60,-78],[44,-83],[-6,-29],[-101,-78],[67,-52],[39,-101],[58,-52],[-1,-81],[51,-40],[-14,-89]],[[16604,29578],[-45,-53],[-94,13],[-90,-31],[-46,-82],[-2,-90],[-80,12],[-42,-17],[-64,-72],[-99,-28],[-72,-2],[-40,-70],[-2,-123],[-66,-27],[-37,-44],[-50,18],[-107,-68],[-77,-85],[-13,-53],[-116,-117],[-60,-7],[-34,-44],[16,-55],[54,-61]],[[16604,29578],[29,-22],[64,7],[84,-27],[19,-34],[71,-43],[155,35],[41,-25],[7,-54],[92,8],[21,-40],[-16,-44],[39,-60],[35,26],[56,-11],[60,33],[42,-14],[45,12],[8,-45],[68,-37],[92,35],[75,-4],[8,-79],[44,-13],[21,-99],[39,6],[26,-40],[51,43],[3,59],[47,46],[58,-17],[71,30],[23,28]],[[18082,29238],[9,-85],[31,-30],[-68,-38],[-6,-33],[80,-31],[10,37],[45,-3],[-17,-63],[14,-20],[59,18],[63,-68],[49,-30],[-11,-35],[17,-72],[55,-53],[79,38],[72,71],[42,75],[138,77],[58,-4],[12,-33],[91,-27],[19,-131],[-11,-44],[32,-15]],[[18944,28739],[-24,-66],[1,-56],[29,-116],[45,-91],[5,-62],[20,-30],[60,-38],[59,7],[-10,-40],[-48,-40],[-11,-41],[-42,-47],[-40,-84],[15,-78],[94,-111],[-34,-46],[-61,-23],[-54,-39],[-22,-63],[-89,0],[-55,27],[-45,55],[-28,1],[-70,57],[22,36],[-57,38],[-24,63],[-43,-25],[-86,3],[-40,-12],[-59,48],[-2,58],[-55,71],[-19,47],[-46,-30],[54,-50],[0,-76],[-42,-91],[14,-65],[65,-35],[46,-48],[18,-70],[-32,-19],[-66,-117],[7,-51],[-22,-90],[76,-26],[22,-22],[-18,-70],[-73,-41],[-17,-25],[-66,-17],[-6,-67],[-41,-93],[5,-35],[-41,-39],[8,-136],[-18,-36],[-44,-20],[-39,-122],[3,-63],[71,-12],[83,20],[4,-43],[-31,-75],[33,-89],[43,6],[48,-101]],[[18625,33911],[-81,41],[25,37],[65,-54]],[[18724,33753],[6,-76],[-17,-23],[-91,2],[-36,-49],[-51,-35],[40,-32],[88,-28],[22,-106],[-23,-42],[-70,-65],[-23,24],[-69,-40],[29,-47],[-56,-45],[-101,31],[2,54],[-42,10],[3,-107],[-22,-9],[-20,-65],[-116,19],[-174,53],[-127,92],[-113,7],[-78,86],[2,53],[-27,32],[-10,81],[57,31],[54,7],[16,91],[-30,50],[-19,128],[188,17],[72,19],[48,-28],[138,-58],[135,22],[47,48],[23,-7],[21,-72],[136,-19],[43,-26],[29,98],[25,32],[37,-13]],[[18944,28739],[42,43],[36,-26],[46,-75],[63,12],[26,-76],[48,-24],[31,9],[52,79],[5,88],[28,33],[33,-70],[85,36],[63,60],[30,57],[-23,59],[-52,29],[-21,38],[111,179],[71,41],[78,16],[-10,32],[17,53],[53,22],[22,-85],[69,37],[84,-61],[182,-50],[82,37],[112,9],[36,-43],[-6,-104],[50,4],[56,-27],[57,-60],[36,-7]],[[20536,29004],[-31,-65],[33,-25],[66,-5],[9,-140],[-28,-42],[-3,-82],[-24,-15],[-95,-113],[-5,-66],[48,-24],[-38,-79],[-33,-34],[-58,-4],[-56,-82],[-21,-61],[26,-94],[-4,-47],[-35,-64],[8,-58],[38,-7],[69,26],[32,28],[51,-32],[55,-56],[96,-25],[75,22],[1,56],[40,42],[-97,121],[-11,53],[24,33],[86,11],[22,-14],[80,72],[63,17],[91,-29],[56,19],[91,-12],[37,-49]],[[21194,28180],[5,-15]],[[21199,28165],[51,-75]],[[21250,28090],[46,-154],[33,-41],[-10,-113],[-44,-4],[-26,38],[-49,16],[-103,-109],[16,-70],[36,-31],[12,-133],[-22,-93],[26,-86],[57,-53],[-25,-17],[-49,-76],[4,-51],[-42,-56],[8,-134]],[[21118,26923],[4,-59],[-16,-65],[12,-53],[-47,-72],[8,-44],[-58,-47],[-19,-75],[-67,-19],[-38,-26],[-20,-80],[-41,-66],[-35,-11],[-60,-63],[-45,-94],[-73,1],[-39,-31]],[[20584,26119],[-66,-58],[-109,-73],[-54,-7],[-37,-33],[-66,86],[-51,-98],[-63,25],[-46,42],[-64,10],[-90,47],[17,39],[-44,57],[-67,9],[-31,-46],[-28,-2],[-41,53],[-38,2],[-55,-120],[41,-75],[-26,-91],[2,-38],[-52,-126],[-5,-79],[-53,-50]],[[18082,29238],[75,21],[58,59],[35,9],[37,46],[50,27],[59,-1],[26,31],[11,82],[-9,36],[52,57],[-50,17],[9,43],[-50,137],[-22,116],[25,25],[-26,41],[-50,42],[-22,50],[17,78],[81,55],[43,62],[-28,38],[3,63],[141,101],[125,-7],[34,16],[9,70],[-102,139],[48,36],[0,49],[116,183],[3,68],[-30,21],[26,78],[111,4],[71,47],[57,22],[35,50],[38,23],[-11,83],[16,48],[88,42],[58,-13],[133,151],[102,11],[33,-35],[48,-5],[59,-44],[87,24],[83,89]],[[19784,31623],[104,-20],[69,17],[51,-4],[25,-83],[107,-31],[85,-88],[6,-77],[28,8],[78,-29],[28,15],[129,-28],[28,57],[56,7],[99,-42],[63,-73],[60,-20],[41,-44],[60,-28],[-21,-79],[-35,-57],[14,-113],[74,-43],[53,26],[33,-20]],[[21019,30874],[9,-70],[-22,-23],[26,-45],[45,-23],[39,-49],[-44,-66],[50,-20],[30,-92],[67,16],[14,-22],[-53,-46],[-122,-14],[-26,25],[-39,-13],[-26,-40],[-40,49],[-63,24],[-45,-37],[-36,36],[-126,-9],[33,-72],[-17,-49],[19,-43],[77,77],[91,28],[-42,-127],[-45,-28],[-24,-42],[50,-51],[75,89],[54,46],[60,-8],[3,-26],[91,-60],[22,-57],[46,-28],[11,-74],[44,-7],[-12,-87],[-86,-49],[-30,-37],[-45,-18],[-28,-72],[41,-63],[60,18],[-21,-86],[-39,-12],[8,-46],[-27,-34],[-67,29],[-35,-10],[-25,-62],[-52,15],[-55,42],[-74,-74],[-50,-25],[21,-44],[1,-54],[-61,-78],[-2,-50],[55,-71],[-40,-84],[-110,-6],[4,-61]],[[19555,33381],[-55,16],[-56,37],[-112,20],[-70,44],[-13,-29],[-72,-5],[-40,-25],[19,-38],[-41,-58],[0,-97],[103,-37],[72,-56],[32,0],[43,-53],[104,13],[47,-15],[80,16],[74,-3],[-5,-102],[-42,-15],[-31,-47],[-88,-27],[-25,32],[-151,9],[-73,-173],[17,-35],[-42,-20],[-41,17],[-49,-78],[-44,9],[-64,-66],[25,-54],[-45,-29],[56,-80]],[[19068,32452],[-63,-8],[-61,-37],[-36,-53],[-136,77],[-3,47],[-98,95],[29,39],[0,50],[-55,12],[-30,46],[-78,-30],[-64,91],[-49,-60],[-131,-25],[-18,60],[-39,-7],[-33,66],[-69,-36],[4,48],[-57,4],[-65,-26],[-49,15],[-41,-61],[-32,30],[-24,72],[-96,11],[-21,-10],[-90,29],[2,50],[-24,78],[-38,28],[-76,20],[-11,-36],[-91,-10],[-20,-36],[-64,17],[-50,39],[-42,-52],[19,-40],[-36,-28],[3,-139],[17,-70],[-42,6],[-16,-144],[-102,-13],[-51,36],[-67,-35],[34,-147],[-44,-8],[-73,-45],[-45,13],[-36,-29]],[[16810,32346],[-65,34],[-21,84],[8,44],[-110,146],[-46,27],[-25,49],[-36,7],[-21,39],[11,182],[-88,1],[-63,53],[-27,68],[1,78],[164,71],[-55,36],[-24,118],[-31,68],[28,13],[-11,59],[22,71],[-34,9],[-20,85],[117,49],[20,55],[-78,24],[-25,23],[-2,53],[-34,63],[71,-2],[139,67],[3,-64],[53,-64],[36,49],[-1,56],[67,16],[-7,47],[-37,48],[18,91],[-29,48],[-87,62],[-29,47],[48,49],[58,12],[-31,188]],[[15723,30421],[11,-22],[80,34],[31,-21],[45,24],[92,-24],[32,13],[-7,45],[15,86],[-73,62],[-3,45],[-48,39],[65,107],[66,26],[112,108],[79,32],[75,134],[41,19],[0,39],[37,24],[-32,122],[90,42],[38,-8],[34,33],[73,14],[41,58],[21,99],[60,26],[-6,40],[20,75],[56,41],[69,21],[98,194],[36,48],[-86,54],[-70,121],[22,57],[-27,118]],[[19068,32452],[87,-5],[48,21],[33,-16],[81,16],[48,-71],[-16,-64],[192,-180],[110,-20],[40,46],[72,-32],[20,-73],[-5,-44],[18,-76],[-2,-113],[-23,-42],[0,-93],[13,-83]],[[20547,34046],[-26,-61],[11,-117],[37,-65],[-14,-50],[60,-36],[29,-77],[3,-84],[-40,-80],[31,-29],[72,14],[47,-37],[3,-47],[30,-34],[-22,-47],[67,-12],[30,26],[66,3],[48,-36],[51,-5],[31,-34],[58,21],[93,-38],[-12,-68],[-55,-26],[15,-76],[69,-27],[49,-97],[-29,-105],[70,-32],[35,24],[42,-51],[44,11],[42,-56],[81,32],[64,-3],[40,-104],[55,18],[17,30],[68,-19],[52,-45],[47,-64],[0,-37],[50,-12]],[[21956,32514],[67,-41],[52,20],[28,-27],[-31,-82],[-114,-83],[2,-84],[-32,-56],[44,-33]],[[21972,32128],[-29,-61],[9,-121],[16,-33],[-47,-43],[-53,32],[0,43],[-45,37],[23,50],[-39,76],[-6,47],[-41,47],[-109,-70],[-95,11],[-48,-52],[79,-55],[7,-26],[93,-94],[84,3],[21,-16],[5,-83],[-76,10],[26,-72],[-106,-122],[17,-9],[18,-118],[-37,-28],[11,-91],[70,-14],[55,-35],[53,-10],[87,-65],[33,-77],[50,-37],[-34,-61],[-66,16],[-8,-41],[37,-18],[9,-48],[-30,-12],[-32,-62],[-60,-24],[-49,47],[-27,-40],[-71,-26],[-75,14],[-36,35],[24,44],[-60,54],[-70,-26],[-17,-33],[-97,43],[-66,13],[-28,-16],[-44,28],[-90,1],[-35,-16],[-54,-150]],[[9094,25803],[13,-20],[100,-46],[-9,-37],[42,-26],[-21,-48]],[[9219,25626],[-33,-1],[-4,-56],[-73,-65],[-3,-49],[-38,-84],[-34,-39],[-61,21],[-51,-32],[-59,17],[-141,3],[-8,-44],[11,-80],[72,-141]],[[8797,25076],[-39,-23],[-56,54],[-63,-23],[-5,-30],[-88,-67],[-46,53],[-43,-34],[-84,71],[-25,61],[-5,65],[73,94],[10,103],[-52,32],[-66,-56],[-30,4],[-47,83],[19,37],[-51,79],[22,15],[-26,59],[109,112],[21,40],[72,-2],[47,21],[24,86],[46,19],[112,116],[37,-55],[122,-101],[58,-92],[-9,-46],[94,-4],[125,61],[41,-5]],[[6811,27811],[-7,-53],[14,-114],[-21,-72],[12,-38],[64,-61],[162,-45],[57,-44],[36,-55],[30,-130],[88,-271],[31,-61],[85,-128],[115,-147]],[[7477,26592],[-59,-78],[-75,-32],[-37,17],[-63,-44],[7,-38],[-48,-45],[8,-54],[-26,-129],[-104,-6],[-50,-18],[31,-44],[26,27],[49,-11],[40,-37],[7,-48],[-44,-65],[-11,-43],[-84,-38],[-72,50],[-23,45],[-85,32],[-111,-11],[-43,32],[-67,-3],[-25,-40],[-69,-34],[-97,-98],[-46,-13],[-6,57],[-46,53],[8,28],[-112,-21],[-11,-73],[-32,4],[-52,45],[-35,1],[-126,-73],[-71,-58],[-59,-13],[-52,14],[-42,-10],[-15,-42],[26,-29],[-69,-130],[-73,-54],[16,-32]],[[5655,25533],[-2,-53],[-37,-36],[-46,-12],[-4,-37],[-72,-22],[-47,-112],[-35,-60],[-82,-19],[-101,70],[-40,4],[-1,44],[-59,7],[-44,-20],[-36,37],[-56,17],[-87,-63],[-88,48],[-20,43],[-108,-22],[5,52],[34,2],[30,53],[-44,45],[-1,57],[29,59],[-17,25]],[[10994,28423],[-58,-3],[-68,-53],[-49,-19],[-12,-50],[-50,-52],[-84,-2],[-63,19],[25,117],[-13,27],[-100,114],[-78,11],[-75,52],[-69,17],[-59,-25],[-26,-60],[-19,-80],[-38,-89],[58,-19],[35,-34],[-47,-22],[-130,36],[-24,79],[35,32],[-57,71],[-63,53],[-111,-37],[-47,29],[-24,46],[38,76],[-42,35],[-64,12],[-66,52],[-28,-41],[-108,62],[15,-57],[-31,-26],[-92,23],[-28,-14],[-13,-58],[69,-12],[-18,-44],[-63,-11],[-93,-77],[-5,-34],[23,-73],[82,-6],[46,-36],[3,-92],[-28,-42],[-94,13],[-30,-10],[-26,-86],[66,-66],[-16,-116],[-1,-147]],[[9279,27806],[-56,50],[-4,29],[-51,97],[-66,27],[-46,-18],[-19,50],[-74,-19],[-21,40],[-48,-17],[-54,-70],[-19,32],[-93,44],[-25,-52],[-30,-18],[-47,10],[1,-57],[22,-67],[-14,-24],[29,-64],[-39,-41],[-52,73],[-94,37],[8,-108],[-9,-41],[26,-49],[56,-29],[-79,-150],[-28,-20],[7,-47],[-25,-28],[-7,-61],[-85,65],[-103,3],[-33,34],[0,35],[-71,19],[-15,109],[-29,97],[-31,43],[-36,-5],[-14,46],[65,47],[95,19],[-38,81],[42,43],[13,50],[-26,51],[-4,48],[28,94],[-75,22],[-30,87],[-59,83],[-66,151]],[[9450,22629],[24,9],[97,-48],[18,-53],[28,7],[30,-127],[33,-32],[52,-18],[62,-65],[76,-18],[21,-73],[-85,-2],[-16,-84],[47,-35],[170,77],[103,-34],[20,-32],[38,10],[71,-51],[39,3],[-1,-80],[26,-50],[35,-21],[-8,-60],[26,-17],[29,-176],[143,-10],[23,-63],[84,-157],[-72,-66],[28,-41],[18,-67]],[[10609,21255],[-66,-64],[-32,-9],[-1,-51],[-83,-56],[-14,-65],[39,-41],[-2,-150],[12,-20],[-22,-65],[11,-34],[-60,-19],[-77,-96]],[[10314,20585],[-48,69],[-43,-22],[-87,-16],[-42,81],[-46,-28],[-45,-2],[-21,-37],[-59,-23],[-19,-26],[-102,48],[-33,-32],[-87,-21],[-41,109],[-73,-45],[45,-126],[-184,-179],[-39,-66],[27,-38],[25,-110],[-66,-109],[6,-95],[-43,-42],[-47,-118]],[[9292,19757],[-31,-12],[-100,-93],[-39,0],[-30,-32],[-44,20],[-12,59],[28,19],[2,74],[41,26],[-2,48],[38,33],[-46,33],[2,49],[43,52],[-56,77],[-49,31],[-52,-98],[-43,-20],[-76,16],[-59,-20],[-39,-35],[-43,43],[-70,31],[-63,-23],[-60,57],[-26,0],[-42,80],[9,32],[-55,30],[-39,-20]],[[8379,20214],[-86,3],[-61,-33],[-33,77],[47,33],[-29,46],[-51,126],[-40,30],[-27,-11],[-16,65],[-54,-29],[-66,-79],[-90,106],[-37,-1],[-5,74],[31,78],[43,13],[63,74],[10,85],[-140,129],[-56,37],[-20,45],[10,47],[-34,31],[-1,69],[-31,98],[45,119]],[[7751,21446],[68,16],[8,-32],[60,-28],[-30,-51],[24,-34],[71,68],[66,48],[6,22],[80,78],[58,-18],[44,-42],[69,40],[56,76],[56,55],[42,67],[70,59],[64,7],[73,35],[36,66],[79,84],[100,57],[73,83],[94,-43],[59,70],[-15,58],[4,67],[54,45],[-11,85],[76,65],[124,30],[-70,103],[-32,25],[4,41],[107,-28],[55,-5],[77,14]],[[8379,20214],[15,-19],[-33,-73],[11,-88],[25,-28],[-53,-42],[-83,6],[-44,-27],[-112,9],[-20,-30],[-55,14],[-47,-36],[3,-51],[-48,-54],[-50,-29],[7,-88],[36,-90],[11,-99],[36,-27],[-16,-78],[14,-76],[-33,-49],[-88,-13],[-51,6],[-129,70],[-104,-34],[-36,-61],[-28,-19],[-22,-60],[-27,-4],[-36,-53],[1,-59],[-39,6],[-35,-29],[27,-48],[-73,3],[-47,-28],[-109,-22],[-13,-18]],[[7134,18896],[-16,29],[7,70],[-29,13],[-35,104],[-101,-7],[-7,-40],[-83,-35],[-74,28],[21,52],[-20,22],[-100,0],[-88,90],[11,55],[-69,32],[-30,35],[-47,2],[-38,-46],[-103,-11],[-68,25],[-60,38],[-20,-35],[-105,202],[-47,56],[-43,13],[-114,61]],[[5876,19649],[70,66],[46,60],[6,40],[-41,101],[45,13],[44,63],[-87,71]],[[5959,20063],[68,101],[67,69],[61,102],[68,63],[45,66],[30,75],[63,33],[35,70],[-24,67],[9,84],[90,73],[77,94],[144,124],[127,147],[61,36],[189,175],[-23,50],[-34,20],[-39,55],[-39,-22],[-32,31],[24,32],[-46,35],[-20,43]],[[6860,21686],[85,64],[57,12],[19,-26],[134,70],[30,-67],[-31,-76],[67,-30],[86,44],[64,127],[38,10],[34,-40],[103,30],[145,-25],[38,-25],[-9,-60],[28,-48],[-25,-74],[16,-31],[-7,-78],[19,-17]],[[7666,23973],[-40,-31],[-49,-83],[59,-110],[-34,-41],[-57,33],[-59,-52],[-36,24],[-53,-35],[-57,66],[-68,-41],[-54,-77],[72,-98],[7,-30],[48,-37],[25,-45],[71,11],[58,-85],[-25,-26],[-16,-152],[-72,-6],[5,-32],[62,-163],[18,-76],[60,-123],[-34,-48],[-69,17],[-3,-60],[-26,-24],[-117,-66],[-104,4],[28,-102],[-36,-93],[-78,15],[-38,27],[-38,-55],[-1,-56],[-50,-20],[-140,65],[-65,-8]],[[6760,22360],[-67,93],[35,74],[-115,24],[-55,34],[-81,-24],[-7,74],[-47,4],[0,39],[-30,29],[4,42],[-29,109],[-111,81],[1,104],[-34,22],[19,85],[-110,38],[-32,-14],[-78,44],[-74,-35],[-100,10],[-5,54],[-35,42],[-60,21],[-1,41],[-100,-27],[-23,34],[3,93]],[[5628,23451],[12,57],[-19,69],[45,125],[35,72],[-85,16],[-33,80],[-38,32],[-11,49],[58,32],[-18,29],[20,84],[-38,35],[-7,63],[-54,176],[38,90],[-8,56],[62,27],[29,58],[38,-22],[54,23],[21,-44],[65,-72],[58,25],[57,3],[9,85],[23,24],[80,11],[-22,32],[27,34],[23,111],[42,125],[-8,24]],[[6083,24960],[43,-65],[118,11],[63,-23],[38,-32],[85,-14],[59,38],[7,44],[65,51],[69,-56],[40,40],[20,-79],[-20,-32],[32,-31],[32,18],[44,-37],[134,14],[73,-49],[73,-28],[50,-1],[29,-52],[56,-16],[61,-148],[28,-44],[40,-13],[25,-39],[-53,-64],[23,-65],[125,-1],[71,48],[-8,24],[34,58],[96,-42],[11,-47],[-33,-103],[-63,-73],[28,-38],[28,24],[60,-165]],[[8797,25076],[32,-40],[150,-148],[35,-44],[20,-87],[-25,-48],[-46,-27]],[[8963,24682],[-25,38],[-117,34],[16,47],[-136,-13],[-58,-39],[-48,37],[-75,-5],[-72,60],[-56,-38],[-50,-59],[-26,-88],[-10,-98],[-79,-43],[-31,-87],[-39,-29],[-51,-91],[-50,-20],[-34,25],[-23,59],[-100,-7],[-39,-61],[21,-46],[-50,-18],[32,-67],[37,-36],[8,-36],[-64,-41],[-40,-71],[-52,-22],[-31,36],[-55,-30]],[[6083,24960],[-25,26],[-109,53],[-128,36],[-12,-28],[-75,-2],[-12,42],[-51,17],[-69,77],[41,7],[38,47],[-1,49],[81,8],[31,23],[34,64],[43,11],[-4,50],[-79,39],[-5,60],[-126,-6]],[[7477,26592],[25,-57],[163,-171],[52,-36],[87,-13],[84,11],[61,-17],[30,-34],[58,-125],[104,-88],[67,-7],[107,21],[50,48],[77,14],[78,-26],[24,53],[-17,37],[13,63],[38,49],[49,19],[24,33],[-3,96],[26,23],[62,-18],[25,26]],[[8761,26493],[79,-28],[-5,-60],[62,-93],[53,102],[66,2],[-69,-82],[48,-89],[41,-15],[36,-60],[42,-7],[7,-95],[58,-65],[-34,-41],[-81,-14],[-41,8],[-28,-90],[51,-49],[48,-14]],[[9279,27614],[54,-21],[-12,-54],[-47,-8],[-51,53],[56,30]],[[9279,27806],[-62,-55],[-64,-17],[-54,-163],[76,-9],[39,-114],[-7,-51],[60,8],[-17,-48],[47,-59],[-57,-70],[43,-31],[7,-57],[-37,-121],[-89,-24],[-49,-53],[27,-45],[-27,-67],[51,-45],[1,-29],[-54,-50],[-32,24],[-37,-18],[-28,-47],[-27,16],[-65,-23],[-72,11],[-32,-38],[-34,6],[-42,-104],[17,-40]],[[9121,27293],[55,39],[-71,25],[16,-64]],[[6860,21686],[-54,125],[31,31],[30,83],[43,7],[66,118],[44,102],[-165,60],[-36,68],[-6,48],[-53,32]],[[8963,24682],[-52,-1],[-138,34],[-63,-12],[-50,-63],[31,-54],[106,-22],[57,-69],[28,-73],[92,-84],[23,-58],[7,-70],[-12,-54],[31,-52],[133,-52],[74,-7],[40,-21],[53,-92],[78,-68],[5,-74],[55,-33],[10,-44],[-77,-95],[7,-58],[97,-93],[105,-143]],[[9603,23324],[-31,-21],[-59,-3],[-43,-43],[-165,-93],[-54,-53],[-17,-37],[-99,-106],[-25,-50],[119,-70],[59,-114],[162,-105]],[[9650,23191],[-13,95],[-34,38]],[[9219,25626],[53,-17],[112,63],[53,-5],[24,30],[-7,109],[26,37],[21,83],[58,37],[10,-125],[51,75],[75,7],[33,-94],[-75,-95],[-25,-13],[26,-76],[104,6],[70,-29],[71,2],[18,-58],[82,-13],[50,27],[37,-55],[51,22],[-8,73],[33,1],[2,67],[25,82],[-119,29],[-31,57],[41,26],[34,-46],[53,5],[49,-16],[-22,118],[65,35],[20,-8],[73,78],[124,33],[44,-115],[45,-16],[54,21],[30,40]],[[4280,21173],[69,-24],[72,-53],[-85,-42],[-101,-34],[-15,-25],[10,-71],[59,22],[63,-36],[28,-62],[35,-6],[-5,-58],[-35,3],[-71,-38],[-23,37],[-81,-38],[-53,-56],[1,-45],[39,-20],[22,47],[84,-121],[75,-83],[64,4],[-46,-60],[-52,44],[-42,-26],[8,-48],[-16,-92],[-57,1],[-28,-59],[-61,4],[-26,-23],[-68,44],[-43,-12],[-26,-72],[-39,-29],[-62,33],[-47,-28],[-51,-5],[12,48],[-26,29],[20,51],[44,51],[-27,18],[-54,-43],[-160,-85],[-41,-47],[-24,36],[1,57],[-26,45],[-22,83],[26,51],[-19,41],[124,146],[84,-22],[58,49],[44,13],[-15,50],[-95,35],[-23,35],[65,23],[-22,48],[118,-17],[41,15],[49,159],[42,10],[51,39],[25,77],[-12,26],[63,181],[6,76],[72,22],[41,-15],[46,-80],[-9,-28],[41,-63],[-23,-53],[29,-34]],[[5959,20063],[-65,-75],[-40,9],[-98,-70],[-59,34],[-74,13],[35,36],[-44,60],[-58,32],[5,88],[44,75],[-35,64],[-79,32],[-26,84],[-129,69],[-5,35],[-58,11],[-7,76],[-90,141],[-72,34],[17,32],[87,41],[28,25],[-10,40],[17,51],[50,42],[56,-36],[128,47],[6,57],[-32,65],[-32,20],[-39,-17],[-87,30],[-59,36],[-38,94],[-38,34],[-8,101],[-37,29],[1,61],[-27,23],[-22,-65],[-82,-23],[-30,39],[-27,-28],[-69,-7],[-17,-32],[-45,26],[-80,-88],[-38,40],[34,36],[-66,140],[-90,18],[-19,35],[0,63],[-41,7],[-51,-33],[-65,-75],[-41,15],[5,69],[-13,46],[-54,87]],[[4276,21856],[13,108],[-48,102],[16,83],[-17,61],[-60,21],[-32,44],[-26,73],[71,58],[94,108],[73,-7],[-51,147],[-96,202],[26,32],[-24,87],[93,41],[-77,104],[-22,12],[-17,71],[1,61],[26,76]],[[4219,23340],[4,35],[86,23],[60,-6],[13,50],[92,96],[-13,44],[34,34],[37,0],[67,-34],[1,-46],[185,98],[49,34],[152,38],[24,24],[55,-89],[49,-20],[14,-29],[-12,-57],[127,-84],[-5,-85],[23,-102],[25,-9],[134,92],[24,28],[63,-42],[63,45],[0,75],[58,-2]],[[2828,25318],[-24,-77],[119,-79],[-18,-48],[39,-10],[50,72],[11,55],[50,-11],[36,-145],[8,-86],[77,24],[86,-3],[36,-95],[6,-74],[30,-66],[42,-59],[98,26],[21,-38],[51,-37],[-29,-64],[5,-57],[86,-46],[36,11],[2,-61],[36,-3],[-25,-73],[37,-19],[-31,-41],[-6,-51],[-63,-21],[-32,-58],[-50,25],[-50,-26],[42,-47],[25,-53],[-49,-67],[43,-69],[-52,-15],[-5,-68],[47,-42],[126,-63],[0,-42],[-54,-2],[78,-104],[-33,-11],[-6,-54],[92,-3],[76,-26],[103,87],[68,-41],[11,-58],[77,-89],[75,-19],[50,41],[0,-62],[43,-36]],[[4276,21856],[-75,75],[-34,-43],[-42,5],[-11,-58],[-36,-21],[-9,-50],[-27,-24],[-60,-13],[-86,-94],[-54,-2],[-33,40],[-46,-32],[-39,-2],[-10,59],[27,34],[-5,52],[-41,-18],[-68,-92],[8,-83],[-27,-49],[-93,-6],[-17,-19],[-77,-13],[-88,-80],[36,-42],[-24,-57],[-45,5],[-47,-31],[-27,8],[-100,-104],[-6,-39],[-41,-5]],[[3079,21157],[-59,-18],[-45,-63],[-114,-7],[-30,42],[-79,16],[-66,39],[-26,45],[-98,121],[-43,70],[-77,-2],[-45,-20],[-12,-62],[-45,-38],[-45,35],[11,102],[-43,73],[-1,52],[-33,16],[-44,-28],[-32,66],[-45,34],[-35,-12],[-71,34],[-81,122],[-63,39],[-12,89],[14,17],[-25,66],[-52,12],[37,57],[6,60],[-37,55],[20,55],[-62,2],[-29,42],[-42,-39],[-22,51],[-2,80],[-55,-13],[7,-92],[-31,9],[-6,54],[-31,19],[-26,84],[24,87],[-81,44],[-44,72],[23,68],[-47,35],[-9,46],[38,55],[-79,54],[21,84],[-66,125],[-45,50],[16,44],[68,60],[-65,11],[29,58],[-12,69],[78,196],[-35,24],[8,45],[34,19],[12,92],[36,3],[45,54],[-9,68],[-63,-17],[-30,30],[65,74],[-35,75],[32,68],[68,-50],[25,61],[113,-2],[-9,42],[23,30],[-29,51],[4,77],[-37,112],[-60,38],[49,38],[-10,49],[15,36],[93,9],[25,23],[33,79],[61,58],[95,44],[40,3],[67,48],[39,-24],[53,10],[77,106],[-35,45],[54,175],[25,42],[42,11],[-18,49],[37,35],[26,-23],[47,45],[30,-11],[13,-47],[64,-21],[14,-35],[52,32],[69,-7],[38,68],[34,-7],[79,18]],[[5876,19649],[-79,-92],[-47,25],[-72,-46],[-7,65],[-64,2],[-128,-65],[-4,75],[-39,-2],[-41,-32],[11,-124],[-37,19],[-108,-35],[-67,21],[-8,-27]],[[5186,19433],[-25,-2],[-33,-58],[-69,21],[-47,-29],[-56,-129],[-54,-56],[-111,76],[-77,-48],[-101,-133],[-69,-20],[-39,-53],[-45,-29],[-100,8],[-102,-51],[-41,-96],[-58,-41],[-22,99],[-102,-45],[-43,51],[-48,-81],[-51,23],[-96,-53],[7,-50],[-57,-17],[15,-58],[-33,-20],[-76,-4],[-44,39],[-2,54],[-54,74],[-70,-14],[-82,29],[-80,-93],[-40,8],[0,49],[-37,1],[-68,-39],[-35,19],[-53,73],[-67,20],[-58,-48],[-13,31],[-97,58],[-60,-42],[-73,39],[-51,-10],[-70,30]],[[2599,18916],[0,70],[-107,90],[3,42],[55,29],[40,-21],[16,42],[-31,38],[-5,42],[65,76],[64,20],[56,92],[44,35],[47,154],[60,161],[-27,39],[-47,26],[23,47],[84,73],[72,114],[95,40],[80,107],[52,55],[-57,69],[29,18],[50,-46],[31,27],[-49,34],[-28,50],[5,91],[-11,53],[61,45],[30,41],[-3,46],[-41,48],[36,75],[-53,43],[7,33],[67,42],[48,66],[-9,42],[-36,26],[-24,-58],[-34,-31],[-19,52],[-113,45],[-46,59]],[[12931,19108],[-41,-101],[6,-88],[37,-80]],[[12933,18839],[-70,23],[-82,46],[-42,-76],[-28,-16],[-19,-143],[34,-16],[-65,-95],[-1,-74],[-119,-76],[-183,-41]],[[12358,18371],[-4,172],[25,3],[-2,92],[-19,45],[6,51],[63,62],[-47,75],[28,44],[92,-4],[6,61],[90,27],[-10,58],[16,25],[59,-12],[38,-34],[46,-1],[-2,41],[34,40],[46,-3],[29,60],[32,-43],[47,-22]],[[10028,17350],[-42,-28]],[[9986,17322],[-51,-2],[-70,43],[-7,41],[-38,4],[-63,90],[-99,68],[-30,57],[-157,-28],[-105,28],[-72,-39],[-19,-43],[-43,17],[-7,53],[-51,38],[-17,91],[-25,28],[-50,114],[-42,-13],[-20,42],[-99,-39],[-14,67],[38,34],[3,77],[111,-2],[70,25],[137,-47],[11,78],[-35,5],[-56,50],[-28,76],[31,44],[-17,108],[113,64],[100,-70],[66,-75],[7,-32],[98,20],[-9,49],[19,55],[28,19],[50,-26],[27,24],[74,-53],[34,16],[36,-70],[-42,-58],[28,-39],[50,-33],[74,5],[77,23],[74,-115],[-12,-57],[40,-18],[-10,-37],[45,-138],[-8,-108],[-114,-57],[-12,-22],[-70,-24],[-77,-2],[27,-120],[34,-72],[100,-51],[9,-35]],[[10721,15843],[48,-22],[-38,-61],[-44,84],[34,-1]],[[10473,16908],[21,-137],[75,48],[42,-26],[4,-85],[-14,-106],[51,-66],[-42,-41],[-91,22],[-103,114],[55,59],[51,-20],[3,51],[-64,32],[-52,-7],[-4,-34],[-81,-50],[-14,25],[-77,-21],[-44,-35],[-34,21],[-9,42]],[[10146,16694],[-17,14],[-6,81],[20,74],[-38,51],[19,30]],[[10124,16944],[30,-16],[38,16],[60,-13],[82,38],[55,-8],[36,-45],[48,-8]],[[11330,16286],[31,-21],[51,6],[34,-37],[57,-5],[49,18],[29,-14],[23,-108],[-17,-65],[111,21],[-47,-54],[-5,-83],[46,2],[8,-78],[-23,-79],[16,-77],[-108,42],[-11,51],[-122,-47],[-99,28],[-34,-16],[-31,-89],[-35,-42],[-136,-2],[2,37],[-52,44],[10,41],[42,12],[0,48],[31,72],[-69,-1],[7,32],[-98,19],[-92,-3],[-12,30],[126,14],[-6,30],[118,21],[-25,43],[-17,82],[18,45],[97,38],[63,6],[70,39]],[[12933,18839],[112,-434],[60,-80],[29,-57],[-10,-66],[-69,-33],[-27,-42],[16,-67],[75,-38],[64,2]],[[13183,18024],[19,-28],[-52,-25],[-62,-8],[-37,24],[-101,-60],[-29,10],[-47,-52],[-26,32],[-60,-19],[-36,21],[-105,205],[-14,60],[-23,4],[-7,65],[-201,-100],[-33,9],[-30,105],[-38,33],[5,37],[52,34]],[[12528,22146],[-49,-20],[-36,61],[-77,-34],[-77,8],[-81,-12],[-1,-79],[-61,-52],[8,-50],[-51,-41],[-24,-99],[-28,-54],[-109,38],[18,125],[-5,67],[77,136],[-9,70],[-81,-2],[-51,76],[-86,-1],[-47,-37],[-25,85],[-34,39],[-155,-30],[-23,76],[-2,82],[52,41],[-14,53],[34,16],[-12,59],[76,1],[66,25],[38,38],[44,90],[0,66],[-49,45]],[[12383,16929],[15,-28]],[[12398,16901],[-59,-27],[-97,-14],[-83,-35],[-76,-14],[-30,34],[-132,-43],[-54,10],[-52,-9],[-15,94],[-64,16],[-8,28],[-58,-10],[-79,25],[-110,-28],[-62,29],[-92,4],[-117,69],[-37,-3],[-54,-39],[-51,35],[-86,10],[-36,-37],[-94,42],[56,72],[-15,18],[-98,38],[-4,31]],[[10791,17197],[46,7],[26,56],[64,44],[29,-27],[91,-4],[72,54],[59,28],[74,-22],[64,39],[17,38],[-48,24],[13,71],[-6,63],[86,-14],[37,-47],[71,62],[-26,63],[25,11],[57,-47],[107,5],[63,-21],[5,-59],[81,22],[50,-60],[75,13],[4,-56],[-32,-114],[-1,-98],[49,-5],[-3,-116],[144,-82],[109,-29],[82,-39],[32,12],[76,-40]],[[8706,16280],[70,1],[-5,-58],[65,0],[12,-69],[85,39],[93,8],[11,41],[104,0],[-6,-30],[-61,-108],[32,-34],[-63,-101],[0,-82],[-109,-65],[45,-55],[-31,-73],[-114,-27],[-19,31],[-97,-124],[-57,-37],[27,96],[35,52],[-4,100],[-55,-14],[-62,-59],[-25,8],[-160,208],[-69,57],[17,112],[83,49],[71,9],[21,17],[82,120],[84,-12]],[[13175,17171],[-93,-96],[-10,-61],[41,-73],[89,-33],[55,-60],[1,-97]],[[13258,16751],[-26,-29],[-77,-29]],[[13155,16693],[-120,79],[-56,10],[-68,60],[-77,36],[4,61],[-23,58],[39,45],[-10,37],[-152,103],[42,75],[70,75],[68,113],[58,20],[9,-85],[48,-83],[42,-38],[14,111],[66,1],[64,-37],[-15,-61],[17,-102]],[[12891,19281],[-49,-11],[-94,83],[-38,10],[-84,-23],[-5,37],[-48,8],[-45,-104],[-59,43],[-44,-46],[-178,-44],[-33,-22]],[[12214,19212],[-66,-3],[-59,41]],[[12089,19250],[-20,91],[3,131],[-43,-8],[-5,58],[-25,22],[15,168],[19,26],[170,40],[-31,113],[-57,25],[-19,142],[154,34],[35,-44],[63,8],[9,-37],[170,-11],[-17,107],[53,-1],[-16,129],[17,0],[11,161],[87,-1],[44,27],[108,26],[116,-87],[98,49],[23,-11]],[[7355,15917],[-74,96],[-38,108],[23,20],[1,57],[-71,60],[28,34],[5,46],[41,44],[15,88],[91,-67],[17,54],[-15,24],[72,53],[26,79],[-49,41],[35,26],[68,6],[52,-34],[9,42],[39,-2],[54,93],[-27,29],[3,75],[70,81]],[[7730,16970],[58,-2],[24,-113],[-24,-86],[13,-47],[81,-5],[17,-47],[72,-39],[-26,-44],[-78,-59],[-41,-67],[-13,-59],[-31,-14],[-15,-103],[77,-48],[40,4],[-7,-77],[-68,12],[-56,-50],[-53,-5],[-44,-30],[-66,-3],[-23,59],[-25,-11],[-28,-81],[-52,-19],[-45,14],[-15,-49],[-47,-84]],[[12089,19250],[-118,-27],[-47,87],[-24,95],[-36,6],[-25,44],[-78,96],[-61,1],[-128,-39],[-8,32]],[[11564,19545],[26,118],[-6,113],[-31,54],[-23,-2],[-67,104],[-59,-24],[-18,63],[-32,0],[-43,166],[-60,-25],[-74,26],[-84,-27],[-11,35],[-117,68],[-76,6],[-51,-11],[-73,-67],[-42,-17],[-66,7],[-65,33],[12,110],[40,50],[-31,55],[-55,24],[-38,-10],[-26,110],[39,28],[0,82],[-57,-18],[-93,-96],[-68,60],[-1,25]],[[10609,21255],[46,-14],[102,25],[19,58],[80,82],[75,-11],[6,50],[55,51],[57,18],[72,58],[-81,107],[51,30],[56,-3],[110,13],[44,17],[93,69],[45,-72],[57,-2],[106,26],[5,42],[81,11],[50,-71],[-6,-47],[33,-17],[-5,-59],[24,-66],[46,-11],[50,-116],[-17,-36],[-113,-46],[30,-165],[17,-16],[150,18],[19,-114],[19,-32],[-51,-67],[34,-65],[6,-151],[19,-19],[85,-17],[41,-73],[51,6],[50,-92],[19,36],[52,17],[-17,56],[41,91],[43,10],[-7,44],[33,42],[97,0],[105,-20],[66,57],[36,75],[64,39],[65,10]],[[10028,17350],[42,93],[45,20],[31,-12],[93,55],[29,-15],[49,73],[87,44],[99,-44],[39,20],[19,63],[35,24],[-47,78],[-5,56],[65,53],[85,27],[6,121],[-77,3],[-24,30],[-53,132],[24,23],[-24,121],[20,82],[45,9]],[[10611,18406],[45,32],[75,-7],[57,36],[49,12],[29,33],[1,41],[33,53],[117,81],[12,55],[83,105],[61,24],[38,-7],[95,76],[-37,73],[-6,94],[79,74],[32,13],[-16,62],[59,42],[-39,63],[116,96],[37,70],[33,18]],[[12214,19212],[-8,-107],[24,-195],[-12,-62],[-71,-48],[-58,-7],[8,-62],[41,-3],[28,-165],[24,-80],[-105,-51],[-32,11],[-52,-16],[45,-51],[34,-70],[85,11],[36,-183],[27,-82],[-94,-11],[-15,-27],[-133,-22],[-16,-56],[26,-121],[101,22],[8,-59],[69,-194],[33,-11],[78,-130],[-11,-63],[21,-78],[36,-54],[67,-289],[-15,-30]],[[10791,17197],[-36,-38],[-43,26],[-59,-109],[-167,-76],[-13,-92]],[[10124,16944],[-36,41],[-26,81],[-1,42],[-54,6],[-1,-36],[-63,-47]],[[9943,17031],[-31,45],[-6,46],[14,88],[34,87],[32,25]],[[10611,18406],[-38,29],[8,46],[-6,90],[-30,40],[2,66],[29,36],[-227,65],[-37,-6],[-56,-56],[-24,24],[-87,-69],[-45,10],[-48,-18],[-64,-56],[-34,48],[38,55],[-78,36],[-45,39],[-39,-14],[-20,40],[-64,-26],[-14,24],[-90,-34],[-46,90],[33,56],[65,63],[-33,59],[-41,-6],[-79,44],[-56,63],[-9,57],[-65,10],[-38,31],[-116,-14]],[[9257,19228],[44,67],[4,99],[-45,94],[52,38],[58,6],[22,21],[-31,48],[9,47],[44,15],[-34,43],[-48,12],[-40,39]],[[12882,16417],[-62,-46],[-40,-49],[-27,-60],[-14,-95],[70,51],[34,-43],[-34,-107],[-69,-78],[-15,-90],[-62,-138],[-11,-54],[26,-102],[-62,-404],[-30,-84],[-73,-107]],[[12513,15011],[-60,-71],[-60,-93],[-39,-87],[-23,-77],[-34,-225],[-49,-126],[-53,-70]],[[12195,14262],[-80,-75]],[[12115,14187],[-146,-118]],[[11969,14069],[-29,61],[-56,12],[-83,-71],[-25,85],[-120,16],[-87,-16],[-66,11],[-83,57],[-116,38],[-50,-4],[-29,31],[-78,26],[-8,25]],[[11139,14340],[-9,95],[37,51],[2,125],[10,11],[-33,173],[-1,74],[-63,-20],[-8,109],[102,-14],[43,124],[47,-2],[40,32],[2,65],[87,26],[3,60],[-13,94],[4,92],[48,-7],[35,-33],[114,38],[46,41],[14,-63],[26,2],[42,-64],[99,-84],[46,8],[-4,40],[64,8],[38,53],[128,31],[43,-16],[-44,168],[3,40],[41,19],[-31,50],[-9,112],[-76,-19],[-63,17],[-62,-11],[-6,207],[17,46],[-13,64],[42,20],[67,-10],[-3,137],[9,38],[-28,72],[20,39],[-27,127],[98,25],[-18,101],[104,33],[150,26],[29,34],[68,43],[17,39]],[[12413,16806],[47,-33],[101,-40],[20,-43],[47,21],[24,-31],[7,-111],[56,-47],[55,-76],[99,10],[13,-39]],[[9943,17031],[-21,-51],[-83,5],[-57,-75],[-45,-12],[-17,38],[-74,-9],[9,32],[-53,42],[10,94],[-8,74],[-29,38],[-80,-21],[-50,19],[-131,-24],[-51,-29],[-82,1],[-59,-50],[-8,82],[-99,-4],[-70,11],[-35,-9],[-25,29],[30,111],[-41,18],[-46,-8],[-33,32],[23,54],[-32,53],[-37,-29],[-37,15],[-82,-25],[-47,-88],[-21,-75],[-109,-112],[-97,33],[-78,107],[-53,-36],[13,-23],[-58,-60],[-28,-3],[-61,48],[-49,7],[-77,63],[-88,36],[-33,-9],[-41,25],[-35,49]],[[7768,17395],[-31,36]],[[7737,17431],[45,48],[-45,15],[-17,31],[67,17],[-36,45],[42,99],[-11,21],[71,99],[-37,53],[65,-3],[51,34],[20,-28],[38,60],[66,28],[22,45],[-37,83],[-47,45],[51,45],[25,48],[-11,52],[57,40],[56,102],[-19,59],[83,3],[35,51],[50,18],[83,88],[-5,82],[26,5],[21,-64],[53,-13],[96,22],[86,44],[11,36],[110,-69],[27,98],[132,53],[58,111],[37,26],[24,67],[-5,53],[-107,35],[63,108],[49,-20],[52,2],[43,51],[50,1],[32,-29]],[[7737,17431],[-85,-50],[-64,-21],[14,88],[-60,8],[-8,40],[-95,5],[-28,-13],[-69,21],[-8,24],[-98,41],[-36,34],[46,43],[-31,80]],[[7215,17731],[-32,76],[-69,57],[-59,-5],[-43,65]],[[7012,17924],[-12,31],[26,45],[-45,41],[102,49],[42,35],[61,17],[14,38],[40,19],[36,65],[-40,92],[-88,1],[36,143],[-29,38],[25,95],[57,49],[20,-40],[45,43],[-55,68],[-116,50],[3,93]],[[12398,16901],[35,-63],[-20,-32]],[[11139,14340],[-23,51],[-33,16],[-42,57],[-91,38],[-42,-6],[-48,48],[-98,42],[-63,-26],[-32,6],[-16,77],[-26,5],[-12,53],[-78,36],[-20,68],[-67,23],[-3,-32],[-42,-88],[-48,-20],[-14,32]],[[10341,14720],[-40,96],[-54,-32],[-47,-5],[-9,44],[59,118],[12,50],[-48,60],[29,61],[58,-17],[35,10],[23,86],[-30,47],[16,61],[-34,25],[-121,-10],[-36,-23],[-67,34],[-25,60],[-13,100],[33,78],[-11,38],[26,31],[43,-7],[70,-67],[62,12],[15,65],[56,66],[-14,35],[42,85],[-31,23],[-33,77],[-74,19],[102,54],[27,92],[-61,-11],[15,104],[-21,97],[-90,5],[-74,-14],[-10,64],[45,4],[33,38],[-26,44],[-127,48],[-53,-2],[-82,-60],[13,150],[45,51],[57,14],[40,-14],[50,36],[30,54]],[[12929,19184],[2,-76]],[[13183,18024],[78,4],[55,-11],[35,-30],[11,-66],[-54,-164]],[[13308,17757],[-5,-76],[-41,-44],[-115,-79],[-10,-77],[41,-39],[34,15],[51,72],[61,43],[-3,-145],[-39,-119],[-62,-93],[-45,-44]],[[13155,16693],[-66,-58],[-72,-114],[-135,-104]],[[10341,14720],[-37,-2],[-76,32],[-55,-52],[-54,-79],[-61,21],[-16,57],[-181,105],[-27,52],[-81,37],[-32,-64],[-60,-13],[-35,-74],[-42,-17],[-43,18],[-60,-3],[-42,-27],[-5,95],[-57,-32],[-60,7],[-13,30],[-49,14],[-19,-74],[-57,1],[-41,-31],[-211,80],[7,74],[-9,73],[-54,12],[-96,76],[-162,-31],[-97,52],[-107,94],[-67,198],[-51,12],[-44,108],[-36,9],[85,151],[-44,8],[-23,41],[4,73],[-59,2],[-76,-20],[-48,-35],[-17,32],[-68,32],[-26,74],[43,36],[-329,-76],[-72,-25],[19,-86]],[[7600,15685],[-74,-3],[-21,14],[-35,85],[-36,24],[13,70],[-92,42]],[[7730,16970],[-12,36],[-41,9],[44,54],[56,147],[-58,34],[-7,27],[59,23],[-47,60],[44,35]],[[17086,13077],[-35,-43],[36,-69],[-14,-39],[9,-49],[49,-26],[21,-82],[-20,-6],[7,-74],[42,-63],[52,13],[12,-34],[46,-2],[34,-26],[40,-68],[80,4],[-8,-38]],[[17437,12475],[-57,12],[-71,-58],[-61,10],[-32,-120],[-44,-97],[-58,-21],[-111,-69],[-68,-14],[-6,-43],[61,-79],[23,-55],[44,13],[7,-111],[27,-30],[-137,-35],[-104,3],[-155,121],[-124,22],[-104,-9],[-86,18]],[[16381,11933],[-106,49],[-47,49],[20,25],[-78,36],[-35,40],[-19,61],[-66,20],[41,41],[61,-10],[43,83]],[[16195,12327],[50,-15],[-10,103],[36,13],[2,52],[24,58],[-67,42],[46,83],[9,55],[-30,98],[36,86],[-9,59],[45,43],[27,-74],[44,0],[36,-53],[116,43],[4,76],[-36,47],[54,20],[-20,53],[37,64],[49,-13],[50,-55],[115,-22],[60,22],[24,26],[6,58],[47,16],[27,32],[47,-35],[-1,-68],[20,-44],[53,-20]],[[16381,11933],[-13,-39],[22,-68],[29,-41],[-24,-34],[-36,5],[-65,-35],[-11,-69],[68,31],[82,-13],[49,-22],[78,-83],[30,-2],[43,-55],[23,-78],[35,-39],[24,-58],[-29,-34],[14,-59],[-31,-25],[-90,-38],[27,-45],[10,-70]],[[16616,11062],[-111,-23]],[[16505,11039],[-39,-7],[-57,40],[34,71],[-44,20],[-3,54],[-61,-9],[4,-34],[-30,-50],[-5,-70],[-41,-47],[-11,-72],[-48,38],[-61,-17],[-28,16],[-59,-48],[-29,-87],[-74,32],[-34,47],[-38,17],[-60,-34],[-77,45],[-71,-24],[-79,1],[-1,-57],[-67,-23],[48,-82],[-66,-26],[-40,54],[-66,11],[-67,-73],[-41,9],[-17,-96],[2,-93],[-50,-22],[-55,9],[-77,-25],[2,-42],[48,-39],[-32,-38],[16,-73],[-64,-41],[9,-74],[-39,-9],[-18,34],[-107,43],[-91,16],[-33,82],[-91,34],[-15,-20]],[[14682,10380],[-47,32],[19,101],[-25,54],[35,32],[-1,63],[-35,1],[-16,162],[2,62],[-21,86],[-24,24],[25,50],[39,13],[156,-60],[21,23],[2,72],[32,26],[-24,120],[-32,29],[29,49],[-24,26],[35,41],[9,42],[-4,86],[101,49],[36,42],[7,61],[130,94],[52,74],[-13,53],[33,92],[-13,37],[56,17],[15,30],[-122,82],[-128,15],[22,56],[3,99],[-45,31],[-39,61],[-31,-5],[-61,67],[25,34]],[[14861,12503],[35,26],[36,61],[64,74],[58,18],[26,-56],[102,-2],[25,36],[96,56],[6,80],[48,19],[-8,33],[-53,21],[-21,-25],[-45,14],[-9,40],[40,50],[-52,45],[110,83],[20,75],[33,53],[72,35],[47,0]],[[15491,13239],[27,9],[118,-101],[19,-73],[-22,-46],[33,-51],[89,-39],[35,24],[38,-6],[51,-43],[94,18],[62,-31],[34,-38],[-3,-98],[-62,-82],[43,-35],[24,-49],[-6,-48],[35,-97],[13,-71],[82,-55]],[[17437,12475],[63,-51],[49,-22],[46,38],[39,-5],[22,43],[34,-37],[116,0],[-19,94],[41,54],[84,-76],[32,-85],[47,-44],[64,100],[81,6],[58,-47],[48,37],[29,-49],[40,-29],[32,14],[21,-81],[32,-30]],[[18396,12305],[37,-28],[-21,-54],[-46,-56],[-16,-65],[-36,-21],[35,-121],[-50,-39],[39,-38],[-15,-186],[33,-92],[78,-84],[142,4],[54,-39],[28,-56],[-21,-45],[26,-20],[-106,-48],[17,-35],[109,-6],[91,-40],[25,-52],[51,-16],[13,-57],[-38,-44],[43,-114],[-35,-161],[-57,6],[0,-32],[-56,-58],[14,-21],[-47,-56],[5,-26],[53,-24],[52,-58]],[[18797,10523],[-84,-7],[-31,-52],[-79,-36],[-71,-8],[24,-51],[-20,-57],[-110,55],[-37,-63],[-56,41],[-57,6],[-65,-19],[63,97],[54,27],[-36,36],[-85,31],[-17,45],[-56,16],[-80,-48],[-48,28],[-38,-64],[-50,15],[-79,-59],[-45,39],[-75,-10],[-36,71],[-94,26],[-59,-45],[-92,89],[35,43],[-58,55],[63,47],[6,49],[-41,45],[-84,-53],[-14,-70],[-93,13],[-89,-6],[-38,49],[-73,51],[-62,-99],[-45,13],[-46,40],[5,66],[-53,62],[40,40],[8,49],[-22,43],[-73,-55],[-44,58],[-121,9],[-23,-13]],[[18396,12305],[33,44],[42,12],[82,-30],[38,-43],[30,-95],[45,59],[67,23],[56,-2],[23,85],[-63,83],[-10,49],[15,33],[73,7],[60,-53],[29,4],[42,-35],[63,29]],[[19021,12475],[39,-15],[62,3],[53,-14],[105,26],[23,21],[75,1],[63,16],[22,-57],[97,-30],[22,64],[31,-28],[42,-100],[-15,-42],[19,-34],[58,10],[-3,-57],[54,-11],[55,-33],[32,-47],[-16,-54],[18,-68],[79,-3],[26,43],[54,-2],[73,43],[40,-9],[35,-34],[27,10],[111,-82],[37,26],[79,-28],[24,78],[-40,0],[-12,54],[-74,49],[-1,111],[51,-13],[-11,-45],[72,24],[25,-26],[114,-24],[5,-92],[48,17],[32,-27],[48,11],[59,-40],[56,24],[34,-7]],[[20848,12084],[7,-51],[26,-55],[-10,-76],[-99,-17],[-3,-55],[-41,-16],[5,-73],[22,-21],[-5,-96],[-30,-32],[-92,-44],[-64,39],[-17,-53],[6,-63],[-23,-7],[-22,-102],[125,-40],[-6,-30]],[[20627,11292],[-102,-16],[-45,-62],[-117,1],[-22,-56],[58,-6],[-116,-144],[-32,-65],[-69,-10],[-24,-48],[-64,24],[-14,-89],[-38,-67],[-74,-75],[-67,-5],[-102,25],[-11,40],[-67,-8],[-14,-34],[-90,30],[-34,-31],[-39,29],[-56,-53],[18,-43],[-14,-55],[-58,0],[-2,-36],[-88,-52],[-1,-30],[-42,-53],[-47,-14],[-31,16],[-71,-19],[-96,101],[-5,19],[-87,1],[-21,36],[-57,-27],[-32,16],[-43,-29]],[[18811,10503],[-14,20]],[[19773,12072],[29,24],[-17,39],[-50,-24],[38,-39]],[[17956,14739],[-19,-23],[-65,-5]],[[17872,14711],[-79,85],[93,56],[59,5],[-7,-83],[18,-35]],[[15491,13239],[-57,140],[0,44],[-27,73],[15,14],[-25,106],[64,17],[18,47],[-55,23],[-43,-3],[-24,107],[31,54],[46,3],[72,-26],[83,26],[-13,74],[-2,91],[-30,55],[-43,23],[-53,92],[9,56],[57,14],[-17,40],[-68,81],[14,25],[-59,68],[-20,47],[-46,22],[-94,86]],[[15224,14638],[45,44],[5,35],[130,-45],[73,-8],[59,16],[22,-23],[161,32],[62,-14],[7,-93],[101,-57],[30,-5],[60,65],[89,-37],[88,9],[6,59],[-18,47],[57,71],[189,40],[-28,93],[89,14],[43,-16],[57,-70],[36,-6],[38,32],[111,-47],[-26,-77],[49,-73],[32,-25],[95,0],[46,-16],[50,23],[32,-26],[31,-66],[54,15],[45,46],[64,34],[13,50],[90,40],[-8,-67],[60,-17],[74,13],[146,65],[53,-11],[12,-30],[53,30],[47,7],[16,-30],[107,4]],[[17871,14663],[-3,-44],[-55,-10],[-32,-46],[16,-51],[-95,-44],[-24,7],[-100,-90],[13,-32],[-91,-6],[41,-47],[70,-3],[53,-77],[35,-29],[32,-70],[-19,-51],[-106,-11],[-82,-119],[-115,10],[-18,-32],[53,-42],[-1,-70],[87,-19],[34,-38],[43,48],[39,-58],[37,-24],[-17,-63],[53,-59],[-51,-33],[-50,14],[-113,-11],[-59,-16],[-18,-52],[-73,-100],[20,-74],[-35,-112],[-26,12],[-104,-41],[-46,28],[-51,-73],[-27,-58]],[[17871,14663],[1,48]],[[17956,14739],[44,40],[41,-24],[38,27],[-26,64],[100,111],[58,-17],[86,43],[61,-9],[27,27]],[[18385,15001],[33,-31],[55,18],[-3,-73],[21,-30],[68,-16],[11,-50],[75,-21],[79,-9],[38,-34],[16,46],[85,13],[84,-40],[-20,-29],[-62,-19],[9,-37],[80,-46],[-43,-31],[31,-85],[-24,-22],[-30,-125],[65,-9],[15,20],[98,-12],[17,-46],[161,-53],[2,-39],[-38,-10],[40,-101],[-36,-46],[12,-53],[82,55],[52,-39]],[[19358,14047],[-27,-94],[43,-10],[-4,-43],[-96,-18],[15,-92],[33,-56],[72,20],[-16,-94],[22,-46],[78,29],[41,-56],[102,-74],[29,-180],[-48,-32],[45,-36],[5,-56],[29,-39],[-19,-81],[58,-28],[20,-103],[-71,-42],[-13,-37],[-95,-34],[-69,-40],[-27,36],[-20,81],[-80,-25],[-121,-18],[-60,18],[-20,-64],[-50,-17],[34,-48],[-48,-35],[5,-78],[-76,-30],[-42,-36],[-4,-72],[38,-42]],[[16445,16084],[95,-13],[73,3],[65,-41],[6,-96],[109,-7],[61,-24],[73,-3],[32,-48],[9,-94],[77,-8],[12,-45],[98,-10],[24,-63],[-37,-46],[86,-47],[31,-58],[-10,-131],[73,-22],[-26,-31],[-84,-31],[-17,-24],[-63,-1],[1,-37],[-182,29],[-18,41],[-61,0],[-57,-73],[-33,-1],[-47,-74],[-68,-12],[-56,75],[-22,94],[-74,99],[42,34],[83,94],[24,74],[-43,6],[-95,56],[-2,57],[-20,54],[-95,-15],[-97,12],[-79,111],[-100,79],[26,47],[97,2],[131,-25],[16,77],[42,36]],[[15224,14638],[-18,16],[-5,107],[30,-3],[2,73]],[[15233,14831],[8,47],[-37,120],[96,22],[11,27],[-16,188],[7,35],[-20,49],[-50,9],[-16,87],[-25,25],[-52,-48],[-110,7],[-54,47],[22,59],[34,1],[-12,71],[34,14],[-72,94],[-29,-38],[-31,39],[21,115],[19,20],[6,106],[-36,32]],[[14931,15959],[70,-31],[160,-136],[47,0],[26,33],[91,30],[-11,97],[-29,24],[-8,49],[52,2],[54,26],[252,60],[26,35],[15,88],[24,-8],[71,43],[25,70],[76,7],[33,64],[-40,5],[-26,33],[26,40],[63,25],[83,65],[51,109],[-53,33],[-51,70],[36,12],[105,-29]],[[16099,16775],[6,-53],[64,-18],[44,-51],[62,14],[119,-7],[48,-22],[21,-39],[138,21],[31,45],[-2,42],[-84,15],[-31,36],[37,38],[36,-24],[64,41],[-5,122],[26,136],[55,-42],[98,33],[66,-29],[28,-76],[48,-59],[50,19],[48,-64],[9,-42],[81,49],[23,128],[33,97],[93,-3],[37,146],[104,79],[-23,41],[-2,126],[36,58],[77,28],[30,-24],[44,-69],[67,-82],[49,0],[39,-27],[45,22],[61,5],[112,-73],[29,-5],[84,60]],[[18094,17367],[58,-34],[52,-106],[2,-85],[27,-108],[37,-48],[119,-44],[42,10],[46,-19],[-23,-68],[-126,-49],[-73,10],[-58,-78],[-42,-15],[-49,32],[-8,-69],[-44,-12],[-11,-43],[-42,-68],[-7,-59],[14,-54],[-61,-74],[36,-49],[22,-103],[75,-3],[39,-30],[-2,-42],[-43,-23],[-70,-132],[-71,-52],[-52,34],[-64,4],[-65,-28],[-58,-93],[27,-29],[-55,-41],[-78,-7],[76,-63],[81,-29],[52,-110],[89,-38],[100,40],[49,8],[29,-66],[-76,-40],[-14,-57],[9,-48],[65,47],[19,-59],[51,-53],[-48,-22],[-22,-129],[14,-31],[54,57],[48,21],[8,61],[52,-5],[48,-26],[57,40],[3,71],[-39,64],[10,65],[36,15],[44,-50],[39,-1],[34,-105],[-20,-45],[83,-58]],[[18519,15246],[-37,-26],[-89,-20],[-22,-88],[28,-41],[-14,-70]],[[18094,17367],[-4,69],[41,33],[-29,53],[7,64],[60,22],[33,29],[34,-38],[-5,-40],[95,-45],[54,-12],[39,-43],[27,0],[36,47],[63,5],[60,-32],[136,-21],[19,80],[70,70],[-14,50],[-33,18],[-44,128],[166,80]],[[18905,17884],[77,29],[101,-49],[-4,-90],[78,25],[26,-30],[66,17],[-1,-65],[79,23],[89,65],[41,-44],[-16,-65],[13,-47],[39,-7],[105,10],[116,-17],[55,-29],[56,54],[34,62],[39,0],[12,-79],[45,-79],[48,11],[48,39],[53,-95],[24,-15],[-7,-103],[58,-4]],[[20179,17401],[-20,-74],[9,-64],[-41,-14],[-9,-39],[75,-124],[-59,-71],[25,-35],[6,-57],[34,-49],[-27,-31],[-10,-114],[-82,-17],[-52,-73],[6,-95],[-75,-62],[-106,-21],[-127,-53],[-17,-111],[12,-89],[-100,-19],[28,-120],[-1,-36],[-30,-72],[-104,7],[-4,26],[-73,-19],[-61,-54],[1,-77],[-41,-65],[5,-48],[-79,-43],[-18,-27],[10,-80],[-34,-32],[-1,-40],[-45,-34],[-59,-74],[-35,0],[28,69],[-67,28],[-40,-20],[-57,0],[-7,108],[-45,-68],[-46,-3],[-63,-64],[49,-59],[-2,-23],[69,-39],[42,1],[-25,-93],[-68,4],[-37,75],[-66,58],[-23,47],[-71,29],[-102,-92],[-10,-57],[40,-39],[-18,-71],[-42,54]],[[20179,17401],[56,14],[11,30],[47,6],[42,-40],[69,-20],[58,10],[-4,36],[67,6],[34,-38],[-18,-39],[25,-30],[7,-55],[54,50],[75,-4],[35,42],[38,93],[74,-12],[24,-20],[82,-13],[55,10],[29,-21],[73,3],[-4,36],[-40,79],[65,24],[32,27],[55,-6],[33,33],[57,15],[73,-7],[62,13],[38,-17],[-7,-68]],[[21476,17538],[-24,-51],[51,-81],[-20,-75],[48,-33],[4,-43],[-53,11],[-47,-42],[4,-72],[42,-21],[23,-56],[50,-35],[48,19],[30,-38],[12,-50],[-69,-95],[12,-75],[22,-38],[59,-29],[20,-27],[-43,-81],[10,-53],[-105,-51],[-48,15],[-17,-68],[34,-1],[55,-41],[-44,-19],[20,-103],[-3,-74],[33,-84],[32,-11],[6,-58],[-66,2],[15,-86],[27,15],[36,-43],[72,-22],[19,-82],[85,-77],[78,-49],[34,-58],[36,-13],[60,37],[49,-30],[43,-88],[58,0],[38,-91],[-14,-70],[-114,-90],[-18,-67],[-58,19],[2,-59],[-54,-67],[32,-27],[58,26],[32,-68],[78,25],[23,-10],[-18,-143],[64,-34],[15,-62],[-22,-27]],[[22208,14839],[-86,-22],[-22,-41],[3,-41],[-74,9],[-39,-36],[-80,-25],[-47,35],[-15,50],[24,27],[-37,45],[-67,4],[-52,-58],[-54,-15],[-33,-74],[-91,34],[-44,-30],[-4,-53],[-121,56],[-19,23],[-75,-21],[-12,14],[-116,-23],[-91,23],[-45,61],[-30,-28],[16,-42],[-55,-16],[0,-31],[-46,-39],[-52,5],[22,57],[-51,29],[-32,-41],[44,-25],[-20,-103],[59,-45],[-11,-29],[35,-137],[25,-65],[68,-76],[-74,-4],[-41,-19],[-59,16],[-68,-21],[-58,-34],[-62,-8],[14,-89],[-38,-35],[-34,0],[-43,59],[-63,-1],[-22,-59],[-61,-52],[34,-74],[-47,-53],[10,-38],[-75,-110],[-41,-6],[-34,48],[-50,-36],[-97,-14],[-34,69],[47,10],[38,60],[-40,30],[-128,12],[-17,45],[-48,-14],[-23,59],[10,35],[-85,-23],[-155,39],[-52,55],[-12,63],[-74,13],[-12,-57],[-31,-45],[-43,-22],[-11,56],[-46,-3]],[[18905,17884],[-42,36],[-29,72],[-64,13],[-113,58],[-66,8],[-56,-47],[-87,11],[-31,42],[-4,71],[26,18],[15,93],[-9,68],[-32,9],[-75,56],[39,101],[33,11],[61,117],[71,7],[49,69],[14,47],[-63,44],[-43,4],[0,67],[-38,52],[-4,59],[-58,123],[11,61],[-33,63],[34,43],[-5,32],[33,48],[64,-17],[29,-25],[45,106],[2,74],[62,23],[-10,74],[-54,77],[-65,-36],[-29,63],[-54,-26],[-111,38],[-56,-17],[-39,28],[-94,30],[6,54],[-44,17],[-71,-2],[-15,31],[-76,17]],[[17929,19849],[-65,59],[43,74],[35,28],[30,53],[-12,108],[17,35],[-63,124],[-34,-8],[-6,68],[-51,8],[-43,-38],[6,-146],[-53,-30],[-74,3],[-21,26],[-20,117],[69,16],[44,43],[-152,46],[-94,-26],[-128,59],[19,23],[82,-5],[31,44],[-42,97],[-12,68],[25,28],[128,-6],[96,41],[33,41],[52,-10],[62,-56],[75,65],[74,90],[61,-4],[23,-27],[45,-100],[60,-29],[53,35],[14,49]],[[18236,20812],[38,60],[114,16],[58,-67],[-15,-81],[11,-45],[46,-36],[37,11],[45,42],[52,-16],[23,-44],[14,-107],[48,-22],[22,32],[-11,47],[-39,69],[-7,112],[29,43],[64,20],[25,-48],[144,43],[52,0],[146,69]],[[19132,20910],[14,-90],[-32,-27],[22,-103],[-58,-92],[39,-58],[-34,-53],[-18,-104],[29,-39],[-33,-38],[-18,-71],[-29,-53],[26,-17],[10,-70],[54,0],[37,-42],[62,9],[68,34],[-10,28],[16,85],[0,77],[94,25],[70,65],[21,-50],[-3,-59],[30,-100],[49,-42],[-7,-67],[43,-9],[70,68],[16,118],[78,74],[54,29],[39,-6],[16,57],[31,-13],[2,-53],[63,-57],[63,-34],[10,-42],[43,-7],[21,-101],[-21,-24],[26,-46],[-59,-82],[-7,-85],[38,-35],[-7,-59],[30,-28],[98,-57],[8,-56],[53,-114],[15,-100],[-53,-4],[-2,-45],[-69,-42],[-25,-55],[31,-56],[7,-57],[-58,-73],[-136,-96],[90,-47],[64,-8],[59,-44],[36,5],[6,62],[31,33],[-11,87],[48,31],[9,57],[90,41],[26,40],[86,-51],[-49,-42],[-41,-102],[6,-31],[110,19],[31,-115],[-34,-36],[35,-75],[-17,-100],[-35,-52],[41,-75],[-45,-77],[-12,-51],[65,-71],[142,-34],[22,27],[76,16],[44,-14],[47,19],[91,-27],[52,28],[24,55],[16,90],[91,25],[31,30],[25,72],[-33,12],[-54,68],[108,71],[0,63],[113,-13]],[[21333,18854],[32,-79],[-11,-47],[-47,-9],[-9,-61],[37,-68],[109,28],[14,-30],[65,-4],[-21,-61],[-37,-16],[-43,-64],[-1,-70],[35,-22],[13,-44],[39,-37]],[[21508,18270],[-2,-46],[22,-31],[-128,-66],[-12,-67],[81,-44],[41,11],[76,-56],[18,-103],[34,-34],[39,-69],[-11,-46],[24,-80],[37,-13],[-2,-42],[-75,-25],[-8,-25],[-92,29],[-74,-25]],[[22111,10200],[-15,43]],[[22096,10243],[15,-43]],[[20848,12084],[101,40],[53,35],[-41,131],[34,84],[64,32],[87,-71],[9,-55],[44,-34],[69,3],[75,82],[50,-32],[9,64],[90,-14],[17,45],[73,8],[13,84],[59,60],[32,-39],[-19,-50],[53,-50],[17,-87],[62,-11],[21,89],[-2,97],[104,5],[71,48],[34,0],[33,-72],[112,-30],[8,-69],[81,-50],[78,-17],[48,-63],[55,-35],[162,-72],[37,-28],[42,15],[34,-21],[32,36],[-7,33],[67,-5],[57,26],[-5,63],[61,-10],[2,-37],[33,-19],[95,31]],[[23052,12224],[76,-55],[24,-68],[85,56],[24,-70],[16,-92],[28,-38],[40,5],[9,-37],[-60,-44],[80,-51]],[[23374,11830],[-31,-121],[-82,-96],[-54,1],[-26,-45],[-164,-12],[-4,48],[44,81],[-30,25],[42,37],[39,7],[12,59],[-44,14],[-41,-14],[-57,34],[-78,-80],[-17,-96],[-4,-86],[-48,4],[-18,-29],[-48,-16],[-29,-79],[-51,16],[-15,46],[14,55],[-17,101],[-61,80],[-57,11],[-34,-59],[-127,80],[-50,70],[-70,21],[22,-146],[-84,-44],[31,-68],[-40,-52],[40,-50],[4,-54],[36,-14],[-11,-44],[62,1],[-2,-52],[83,-57],[7,-78],[128,-125],[-15,-43],[-94,10],[-23,-11],[-20,-116],[59,-46],[22,-45],[20,-98],[6,-95],[-47,-37],[-21,-50],[12,-127],[47,2],[-3,-59],[-79,-50],[-91,-7]],[[22317,10332],[-69,31],[-46,-32],[-125,-45]],[[22077,10286],[-56,13],[-33,42],[-2,94],[-14,62],[-34,10],[-13,46],[-48,-14],[6,54],[-62,33],[-44,-18],[-22,38],[-52,22],[-11,-41],[-100,48],[-68,12],[-42,-23],[-20,108],[-64,77],[-88,43],[-23,-1],[-118,74],[-23,68],[-30,32],[-66,16],[-27,-25],[-96,3],[-54,14],[-22,-69],[-62,5],[-58,-21],[-17,70],[28,17],[20,53],[-78,106],[-36,6],[-21,52]],[[22208,14839],[3,-51],[-29,-31],[40,-72],[20,33],[108,-69],[46,52],[34,-21],[10,-73],[35,4],[85,-55],[6,41],[48,-25],[67,9],[0,-49],[-25,-49],[57,-34],[-22,-54],[33,-17],[65,-3],[52,-38],[0,-87],[49,8],[49,-27],[43,-73]],[[22982,14158],[-33,-16],[2,-72],[77,15],[28,-41],[-3,-36],[55,-123],[44,11],[16,-82],[-6,-48],[59,-80],[0,-28],[-67,-71],[-95,-7],[-4,-40],[84,-35],[48,-46],[3,-68],[-20,-63],[29,-31],[-22,-103],[29,-7],[-6,-70],[-120,-58],[9,-64],[86,-43],[8,-57],[-13,-104],[-66,-94],[-44,-1],[-25,-39],[38,-40],[1,-107],[-56,-113],[38,-70],[-29,-23],[25,-80]],[[11602,13072],[39,-42],[55,9],[46,-20],[36,-47],[88,-28],[48,-41],[24,-54],[47,-44],[72,-45],[27,-87],[70,-5],[52,-98],[19,35],[61,-21],[-30,-45],[-1,-64],[-41,-58],[21,-94],[34,1],[42,-53],[32,-67],[44,-14],[27,-83],[-1,-181],[-34,-68],[-41,-6],[-45,-49],[11,-66],[-49,-49],[-70,-91],[-133,3],[-40,-19],[-34,18],[2,47],[-26,52],[1,80],[-65,46],[-37,45],[-14,60],[-30,2],[-41,60],[-76,-37],[-87,49],[-69,-18],[-65,29],[-36,38],[-68,20],[18,63],[34,-32],[59,-15],[22,75],[54,59],[127,-23],[31,54],[104,41],[-8,78],[-29,40],[-49,24],[-55,116],[-109,16],[-32,36],[87,95],[-14,40],[51,89],[-7,28],[115,120],[-33,33],[-98,-30],[-33,93]],[[11814,12211],[14,-48],[36,-15],[-4,74],[-46,-11]],[[12513,15011],[35,-78],[-13,-42],[40,-10],[29,54],[179,-19],[78,-51],[38,69],[-29,15],[4,72],[34,13],[28,71],[60,0],[-42,-165],[72,-122],[40,-56],[112,-89],[20,19],[28,104],[50,-23],[79,-79],[19,-54],[49,-37],[12,-51],[-7,-89],[-36,-32],[-5,-77],[-52,-42],[18,-170],[17,-68],[90,-17],[-7,-23],[86,-21],[-24,-65],[-62,4],[-86,-84],[-177,-16],[-59,3],[-36,46],[-43,-17],[-13,87],[20,98],[-44,36],[-139,-90],[-122,-29],[6,55],[-22,63],[-32,36],[-33,-31],[-48,48],[-97,43],[-79,65],[-27,-52],[-52,1],[-62,56],[-30,-43],[-63,-22],[-20,57]],[[12724,12965],[-12,-22]],[[12712,12943],[-34,59],[46,27],[0,-64]],[[13258,16751],[118,-86],[50,-25],[13,-68],[98,-44],[28,55],[136,-64],[-23,-58],[222,-107],[61,11],[40,-19],[41,-48],[23,42],[60,-25],[3,-34],[54,-4],[70,-37],[56,26],[33,-39],[31,42],[91,46],[20,-78],[86,-34],[33,-145],[40,-25],[57,-1],[60,-44],[49,22],[39,-23],[60,32],[24,-60]],[[15233,14831],[-56,26],[-133,-10],[-8,-68],[-19,-19],[6,-81],[-44,-35],[-38,7],[-38,-27],[-48,24],[23,30],[-55,44],[-90,5],[-10,-30],[-87,-11],[-24,34],[-56,-67],[3,-43],[-61,-38],[7,-109],[26,-102],[-22,-59],[-112,-51],[-28,47],[-44,15],[-75,-30],[-59,8],[-24,32],[-32,86],[-66,-43],[1,-102],[-40,-5],[-74,33],[-45,-9],[-75,-58],[-125,35],[-38,-69],[-9,-47],[-53,-45],[11,-54],[-52,-87],[-55,-22],[-9,-54],[28,-71],[-30,-72],[92,8],[-1,-62],[-27,-2],[-37,-85],[-38,-53],[-80,-32],[-2,-97],[26,-101],[-20,-71],[-65,-74],[-20,1],[-79,-81],[-48,-3],[-47,-25],[39,-42],[-3,-47],[47,-88],[49,-31]],[[13290,12854],[-66,-14],[-60,29],[-54,5],[-79,-33],[-4,-41],[-47,11],[12,36],[-73,82],[-19,52]],[[12900,12981],[-8,94],[-15,53],[-42,40],[-24,-7],[-48,-62],[-66,47],[-77,-30],[-32,-62],[-101,70],[-17,36],[-48,-15],[-52,24],[-32,38],[-26,136],[-45,43],[-3,41],[28,36],[-22,60],[36,77],[-20,23],[101,80],[167,8],[32,95],[-50,16],[-86,46],[-70,51],[-60,-11],[-34,26],[-116,24],[-13,31],[-51,12],[-6,86],[15,100]],[[12900,12981],[3,-39],[-67,-2],[-58,39],[-54,-14]],[[12712,12943],[52,-49],[73,-22],[-2,-44],[20,-68],[-58,14],[-7,-37],[106,-110],[51,-9],[-1,-75],[31,-41],[9,-61],[-24,-91],[-38,-35],[5,-96],[104,74],[0,38],[70,26],[43,34],[50,-16],[48,-47],[-25,-137],[-24,-50],[5,-81],[-21,-39],[-68,-22],[10,-88],[34,-50],[-41,-24],[-55,18],[-44,-38],[46,-82],[-15,-159],[-38,-41],[-13,-83],[-27,-54],[-65,14],[-40,-56]],[[12863,11356],[-84,-31],[-34,-31],[10,-56],[-26,-46],[-93,-39],[6,-32],[-82,-24],[45,-61],[-83,-30],[-117,-72],[-177,-11],[-41,16],[-85,4],[-74,72],[-62,32],[-50,8]],[[11916,11055],[43,23],[86,-27],[5,48],[-79,21],[5,41],[35,15],[1,94],[-62,16],[-39,-19],[-108,-3],[-97,96],[-53,-12],[-42,14],[2,44],[-28,30],[-86,37],[-17,29],[-75,-66],[-67,17],[-21,35],[-39,10],[-42,59],[-42,23],[-33,45],[-69,21],[-18,-11],[-89,43],[-33,40],[-61,-30],[-18,29],[-74,35],[-62,12],[-38,-13],[-44,24],[20,66],[67,26],[5,34],[-55,22],[4,33],[-56,43],[-54,13]],[[10588,12012],[38,64],[0,159],[25,104],[43,24],[138,-14],[47,27],[33,60],[11,103],[23,43],[57,29],[75,-15],[61,15],[40,32],[91,113],[48,98],[35,182],[54,190],[70,187],[104,205],[118,185],[73,161],[47,48],[150,57]],[[11031,11797],[55,52],[26,57],[37,0],[16,46],[-60,-2],[-36,-62],[-59,-69],[21,-22]],[[13694,17794],[-2,65],[49,24]],[[13741,17883],[47,24],[91,-39],[24,25],[69,127],[90,-49],[184,56],[37,-5],[100,26],[15,41],[52,-22],[109,13],[6,79],[46,-2],[57,-128],[2,-56],[57,-36],[47,-3],[21,-79],[-9,-43],[22,-105],[-40,-32],[-40,8],[-22,-105],[-54,-28],[30,-59],[-70,-15],[-34,-33],[-39,12],[-76,-40],[13,-31],[-20,-74],[-67,-18],[-15,15],[-160,26],[-72,-44],[-53,-9],[26,71],[-57,72],[-26,-9],[-32,-146],[-69,15],[21,41],[-70,42],[-23,48],[6,58],[85,31],[52,56],[67,9],[-21,41],[-37,-9],[-9,121],[-15,59],[-44,-43],[-57,-29],[-40,31],[-145,30],[-7,25]],[[13734,18657],[5,-96],[27,-54],[-161,-92],[-47,-110],[48,-11],[69,-107],[64,-30],[39,0],[-65,-132],[39,-18],[13,-65],[-24,-59]],[[13694,17794],[-44,18],[-100,-5],[-70,-52],[-33,17],[0,40],[-70,-39],[-69,-16]],[[16372,19135],[27,15],[62,-47],[112,38],[82,12],[31,-34],[42,19],[38,-34],[32,26],[36,-24],[32,21],[66,0],[126,40],[53,52],[2,52],[54,4],[40,121],[86,49],[-54,85],[20,104],[36,-15],[25,66],[45,40],[72,42],[21,-25],[97,-53],[36,0],[31,51],[72,42],[97,-105],[52,29],[70,3],[60,101],[-44,39]],[[16099,16775],[38,104],[-57,44],[-13,41],[41,51],[-85,-14],[-44,58],[-116,91],[-38,-18],[-24,56],[-59,-23],[-62,51],[20,41],[-41,98],[-49,66],[-48,10],[-9,99],[-16,34],[51,57],[82,25],[43,-28],[84,49],[3,41],[-28,98],[32,55],[54,29],[-8,-69],[46,-39],[77,59],[-24,41],[76,98],[71,60],[-58,118],[-62,98],[94,30],[46,57],[81,69],[26,-1],[64,82],[-59,72],[-22,0],[35,119],[34,27]],[[16297,18896],[54,99]],[[14323,12996],[-35,-16]],[[14288,12980],[-52,-1],[-32,42],[-78,-44],[-48,49],[-45,18],[-52,44],[-7,43],[49,25],[9,63],[34,24],[5,111],[-21,36],[-3,62],[-52,59],[-21,74],[14,52],[89,46],[77,-88],[67,3],[13,35],[70,75],[33,12],[74,-5],[49,21],[104,10],[51,-26],[44,-54],[-19,-19],[13,-60],[-30,-75],[98,-60],[-1,-51],[68,20],[26,-179],[69,-37],[-9,-31],[-129,-38],[-67,-85],[7,-77],[-65,-8],[-73,-91],[-48,4],[-44,-27],[-37,86],[-67,77],[-28,-19]],[[14682,10380],[-26,-32],[10,-43],[-21,-57],[-30,-15]],[[14615,10233],[-16,21],[-66,-19],[10,-77],[-39,-21],[2,-45],[-94,7],[-112,-32],[-9,65],[-34,23],[-44,75],[-11,53],[-65,-13],[-23,-27],[-117,-32],[-60,0],[-15,45],[-66,-17],[-36,61],[30,107],[74,56],[41,69],[-66,15],[2,33],[-62,33],[-37,37],[-28,-23],[-14,-57],[-55,2],[-83,39],[6,46],[79,52],[10,31],[-12,107],[-88,-59],[-74,123],[-43,14],[-26,42],[-37,-12],[-110,24],[-32,31],[-19,58],[-99,59],[-19,-54],[-68,100],[-32,10],[-21,52],[-50,14],[-56,78],[-56,-13],[-12,42]],[[13290,12854],[49,-16],[9,-36],[74,-8],[67,-75],[-82,-54],[67,-103],[62,-1],[32,29],[29,78],[21,98],[138,61],[47,-40],[7,-37],[62,23],[-10,60],[27,81],[90,-34],[119,-92],[48,10],[34,-16],[41,44],[91,-1],[12,100],[-36,55]],[[14323,12996],[65,-54],[22,-109],[37,-49],[-5,-44],[46,-66],[51,40],[25,-47],[52,-52],[21,-72],[52,-48],[60,-21],[45,47],[67,-18]],[[14615,10233],[66,-18],[40,-128],[43,8],[52,-22],[28,-56],[41,-40],[62,-34],[20,-51],[-79,-35],[-22,-36],[-76,-21],[-14,-41],[-37,4],[1,-54],[-40,-14],[-40,-84],[48,-106]],[[14708,9505],[-44,-22],[-1,-65],[-23,-31],[-19,-76],[-40,-24],[40,-69],[-99,-31]],[[14522,9187],[-41,27],[-57,-29],[-14,27],[-127,51],[-10,49],[-62,65],[-107,-52],[-27,5],[-46,59],[-71,-10],[-47,-36],[-55,-5],[-36,41],[-11,63],[-60,-38],[-81,-8],[-65,-29],[-50,49],[-58,-36],[-62,-6],[-22,-79],[13,-37],[-102,-3],[-48,-22],[-18,-36],[8,-44],[-16,-46],[47,-20],[24,-58],[-42,-56],[-68,-36],[4,-49],[43,-79],[75,-13],[-41,-137],[-58,12],[-121,-26],[-62,-87],[-42,19],[-18,52],[7,40],[-35,68],[-61,5],[-109,-13],[-60,37],[-33,45],[-49,8],[-38,40],[-2,87],[-15,90],[0,71],[17,64],[-10,27],[-102,59],[-46,5],[-33,-53],[-35,-106],[16,-97],[-72,-59]],[[12331,8947],[-25,-2],[-39,74],[-83,43],[-80,24],[-22,46],[46,66],[-83,50],[0,81],[-74,50],[43,39],[-2,46],[69,21],[25,77],[-28,43],[35,41],[39,130],[-20,63],[6,57],[33,150],[-29,75],[-57,25],[-29,-10],[-108,45],[-48,84],[18,53],[-16,44],[-34,29],[14,99],[3,143],[-16,49],[47,12],[66,99],[4,71],[-80,58],[-4,71],[-51,35],[2,39],[63,-12]],[[9906,6624],[70,-108],[61,-33]],[[10037,6483],[20,-128],[105,-43],[33,-69],[-48,-55],[80,-51],[69,-1],[59,15],[43,30],[32,-40],[10,-165],[-28,-86],[-54,-9],[44,-66],[-39,-72],[30,-80],[19,-18],[0,-91],[-92,-127],[14,-85],[-79,-36],[-9,-32],[-85,-22],[-62,82],[-1,88],[30,55],[43,34],[10,115],[-41,24],[-64,-23],[-45,67],[-3,33],[-72,48],[10,50],[-70,-2],[-32,-39],[-72,-30],[-57,39],[-54,17],[-62,63],[-147,5],[-191,-164],[-58,34],[-60,-33],[-31,40],[-46,12],[24,62],[57,18],[10,68],[21,37],[-28,28],[2,45],[104,98],[32,13],[-14,71],[1,83],[22,55],[42,-15],[91,25],[-5,-29],[125,-120],[54,-9],[75,75],[53,151],[14,119],[91,100],[49,-18]],[[10037,6483],[33,32],[153,-23],[75,35],[58,-12],[29,52],[45,14],[115,-53],[25,51],[31,-14],[48,13],[38,-14],[92,8],[35,-28],[42,25],[50,-34],[56,-4],[83,12],[40,35],[45,-4],[37,-54],[15,-101],[109,-36],[12,-44],[49,-51],[10,-46],[29,-12],[21,-91],[69,-10]],[[11481,6129],[29,-12],[34,-56],[39,3],[109,-74],[67,10],[28,-82],[90,43],[22,63],[31,7],[74,-35],[46,24],[30,-35],[81,11],[60,-52],[62,13],[68,38],[59,-37],[2,-83],[-29,-15],[-6,-57],[-37,6],[-48,-65],[-77,-37],[-32,2],[-18,-42],[55,-22],[162,8],[21,-70],[20,-19],[100,-32],[72,-95],[100,-69],[21,-32],[50,-15],[51,-51],[37,-3],[26,-35],[-33,-52],[47,-6],[33,-34],[0,-57],[68,-39],[13,-59],[-21,-92],[26,-55]],[[13013,4838],[-48,2],[-88,-16],[-106,-92],[-64,8],[-35,-15],[-71,40],[-74,-18],[-60,24],[-54,-29],[-142,51],[-7,41],[-87,-15],[-45,6],[-59,-64],[25,-48],[-52,-27],[-102,-12],[32,-78],[-46,-19],[-42,17],[-25,-40],[53,-91],[-14,-70],[-60,-120],[81,-176],[-62,0],[-39,-19],[-44,7],[-59,117],[6,42],[-56,-3],[-30,-58],[-65,-16],[-43,114],[-56,-9],[-25,57],[-47,-33],[20,114],[-126,39],[-31,67],[-41,135],[4,59],[-29,23],[-6,59],[-24,50],[-37,27],[-122,-18],[-76,-40],[-5,-39],[-46,-38]],[[10884,4734],[13,90],[-9,71],[-31,47],[-66,-7],[-121,13],[-110,71],[-78,10],[-102,2],[-27,16],[-38,-25],[-49,37],[-34,-23],[-7,-85],[-54,-88],[9,-48],[-47,-26],[-66,-73],[-62,-8],[27,-54],[-65,-73],[-75,-30],[-15,-60],[-65,-1],[-24,-53],[-66,-27],[-56,10],[32,-74],[-39,-33],[-51,21],[-44,-23],[-108,3],[-58,-10],[-30,-44],[-68,-2],[-16,-34],[-50,4],[-39,-47],[-60,-26],[-49,46],[-48,-41],[-18,-38],[-40,-14],[-111,-71],[-25,23],[5,119],[-42,11],[-69,-27],[-57,2],[-45,26],[-6,-44],[-52,-124],[-31,-29],[-13,-62],[-38,-7]],[[8496,3925],[-77,234],[-5,79],[12,54],[67,197],[18,81],[61,138],[13,73],[-3,58],[-27,76],[-11,93],[13,53],[33,46],[77,73],[16,71],[-12,172],[27,89],[120,160],[57,123],[4,62],[-42,151],[-50,87],[-161,209],[-16,40],[27,163],[-23,208],[12,71],[37,94],[-8,132]],[[8655,7012],[71,-64],[57,20],[65,-30],[15,29],[78,16],[47,-2],[26,-37],[127,24],[41,44],[96,-39],[25,-39],[62,34],[81,-25],[79,44],[67,-102],[-41,-115],[15,-18],[62,24],[47,-40],[55,13],[91,-80],[76,-25],[9,-20]],[[8655,7012],[25,86],[71,55],[20,50],[-5,137],[13,32],[140,204],[74,195],[85,79],[38,72],[62,264]],[[9178,8186],[58,-11],[55,37],[42,-9],[83,-112],[33,-75],[63,26],[130,15],[39,-46],[125,-53],[54,-44],[51,43],[19,39],[88,-15],[131,-67],[36,4],[84,-33],[42,-2],[57,-45],[-47,-34],[104,-23],[36,21],[73,-71],[70,35],[93,-34],[51,48],[59,36],[-51,70],[42,60],[37,6],[47,42],[58,-15],[0,-53],[37,-28],[76,-7],[11,21],[68,25],[68,-26],[51,-64],[7,-32],[62,-35],[32,27],[32,-10],[65,67],[49,13],[63,74],[70,-25],[31,-130],[80,-66],[-30,-51],[-7,-102]],[[11705,7577],[-43,-31],[-17,-41],[-70,-16],[-32,-40],[-61,-38],[-7,-44],[25,-29],[-4,-45],[16,-76],[-85,-73],[37,-115],[53,-42],[45,-148],[-34,-79],[54,-64],[55,-17],[-32,-51],[-63,-18],[-39,39],[-63,9],[-85,-70],[15,-72],[57,-30],[-3,-104],[-45,-32],[-4,-79],[38,-18],[24,-74],[44,-50]],[[12331,8947],[18,-57],[50,-43],[29,-84],[-2,-76],[35,-150],[-36,-64],[-75,17],[-113,-39],[-42,-34],[49,-66],[23,-69],[-5,-75],[32,-11],[-48,-90],[20,-37],[49,-19],[-34,-76],[21,-117],[70,-34],[4,-59],[-20,-54],[-7,-89],[-53,-50],[-21,5],[-52,-100]],[[12223,7476],[-53,34],[-61,16],[-47,48],[-61,-47],[-3,-72],[-34,-1],[-24,-86],[-54,4],[-38,92],[-143,113]],[[9178,8186],[43,195],[0,97],[31,90],[41,47],[142,68],[60,69],[9,79],[-67,343],[-2,127],[21,101],[131,370],[22,99],[5,221],[23,45],[103,63],[43,54],[29,81],[3,59],[-16,122],[10,100],[-1,90],[-26,146],[23,115],[129,226],[39,158],[51,66],[69,31],[143,99],[352,465]],[[14522,9187],[-22,-100],[10,-49],[51,-11],[-8,-72],[-53,-52],[-94,-34],[-18,-55],[-58,-22],[-8,-25],[49,-33],[60,-19],[-3,-51],[-72,-32],[-97,-59],[-89,8],[-28,-80],[-67,-17],[8,-43],[46,-39],[94,7],[27,-28],[-53,-76],[19,-50],[44,10],[61,-75],[41,10],[13,-48],[-27,-13],[-25,-53],[30,-144],[44,-109],[5,-46],[49,-9],[8,-38],[98,-22],[-29,-94],[-65,-31],[-32,-35],[24,-75],[38,-35],[36,11],[53,-36],[11,-48]],[[14593,7375],[10,-52],[-45,-25],[6,-42],[-100,-52],[-15,17],[-87,-5],[-29,-63],[-59,-34],[-16,-77],[-17,-16],[-64,32],[-61,-17],[-80,-76],[12,-36],[-32,-34],[-119,-47],[-26,-60],[-45,-24],[24,-93]],[[13850,6671],[-39,-29],[-71,7],[-6,28],[-72,38],[52,64],[-37,73],[8,27],[-72,21],[-49,46],[-22,62],[40,60],[1,79],[-75,36],[0,60],[-81,19],[31,32],[-38,93],[-9,48],[-185,16],[-31,84],[-195,25],[-13,-43],[51,-38],[-26,-58],[44,-21],[-24,-52],[-68,24],[-28,73],[-82,-6],[-109,57],[-76,-37],[-12,14],[-67,-41],[-141,-51],[-105,105],[-45,-58],[-76,48]],[[13850,6671],[87,-116],[11,-35],[65,-62],[-24,-41],[34,-29],[27,-55],[-69,-157],[45,-30],[12,-55],[97,-44],[-47,-78],[32,-65],[2,-40],[-92,-98],[-20,-128],[-72,-8],[-72,22],[-96,-57],[-8,-27],[2,-135],[35,-49],[-22,-53],[11,-86],[104,-61],[40,-53],[-31,-73],[-34,-26],[41,-44],[48,-26],[75,-114]],[[14031,4848],[-58,-123],[-8,-146],[-36,-79],[-12,-80],[-19,-17]],[[13898,4403],[-66,14],[-41,-35],[-26,34],[-61,-9],[-39,57],[-22,-27],[-8,-104],[66,-26],[12,-66],[-57,-28],[-68,52],[-149,-73],[-15,-43],[-50,47]],[[13374,4196],[9,24],[86,56],[-6,49],[-50,-3],[-14,36],[-118,9],[21,34],[63,37],[24,47],[-34,153],[-183,16],[15,89],[-54,67],[-96,53],[-24,-25]],[[14593,7375],[66,30],[-6,80],[31,82],[46,-6],[80,21],[100,-16],[14,-73],[57,-22],[24,-51],[-16,-58],[32,-54],[69,-15],[54,-48],[42,-122],[40,-86],[27,-25],[17,-86],[49,10],[9,29],[85,4],[56,-46],[75,-12],[73,31]],[[15617,6942],[4,-40],[40,-94],[91,-63],[50,-83],[33,-22],[-19,-55],[-43,-45],[-181,-29],[-15,38],[-55,-13],[13,-43],[-10,-55],[67,-20],[17,-120],[30,4],[9,48],[59,35],[29,-63],[153,-58],[25,-69],[7,-114],[-38,-32],[66,-92],[10,-76],[-49,-43],[15,-67],[25,-43],[-29,-56],[35,-56],[-46,-42],[2,-45]],[[15912,5529],[-19,-20],[-66,-16],[-57,45],[-43,-66],[-12,-64],[-42,15],[-60,82],[-41,-43],[-137,-65],[-63,-9],[-4,-23],[-119,-38],[-87,-123],[3,-38],[-96,-126],[-100,30],[-42,46],[7,99],[17,32],[-18,53],[27,21],[3,57],[-56,26],[-61,-39],[-10,-30],[25,-54],[-33,-72],[13,-66],[-68,36],[-67,-1],[-46,-36],[-48,-2],[-78,-44],[-48,25],[-29,115],[-50,-58],[11,-55],[-69,-33],[-42,36],[-22,-50],[32,-48],[-10,-47],[17,-59],[-42,-34],[-13,-60],[-46,-23],[-112,-10],[-56,65],[-24,-12]],[[14340,3690],[24,-31],[30,-85],[28,-47],[1,-40],[-50,-9],[-79,46],[-73,-66],[-44,-19],[-54,53],[50,7],[42,47],[-14,58],[-40,25],[59,44],[33,-37],[87,54]],[[15912,5529],[66,-12],[45,8],[78,-8],[54,41],[54,15],[46,-34],[-52,-58],[-20,-112],[97,-11],[83,-44],[17,-44],[34,10],[75,-50],[11,-21],[94,-4],[-5,-207],[-61,-40],[-7,-48],[-54,-7],[-11,-34],[47,-30],[-1,-58]],[[16502,4781],[-75,-44],[-53,1],[-83,85],[-12,50],[-48,11],[-48,-29],[6,-53],[27,-29],[-10,-52],[15,-43],[34,-25],[6,-46],[-21,-56],[32,-39],[-64,-58]],[[16208,4454],[-45,63],[-32,-7],[-80,28],[-46,-91],[17,-34],[73,-55],[10,-31],[99,-120],[114,-92],[124,-59],[98,-102],[65,14],[14,-32],[67,-66],[39,-17],[26,-77],[16,-116],[-7,-53],[34,-53],[82,-64],[47,-83],[-8,-42],[38,-77],[-58,-29],[-86,29],[-56,2],[17,-94],[-61,4],[-59,81],[-49,14],[-51,-28],[-53,20],[-9,60],[-69,97],[-100,7],[-43,-22],[-62,9],[-144,71],[-12,62],[37,53],[18,-34],[44,2],[61,-46],[77,-82],[57,-3],[43,31],[-30,86],[-50,44],[-42,10],[-206,121],[-34,26],[-65,20],[-168,126],[-33,-19],[15,-39],[65,-24],[33,-62],[-57,8],[-99,66],[-71,17],[-94,-29],[-12,-46],[16,-37],[54,-24],[96,-77],[99,-36],[69,-86],[-39,-82],[-106,-71],[-32,-52],[-70,-14],[-87,-68],[-11,-25],[-65,5],[-63,-35],[-55,-6],[-37,-22],[-78,36],[-27,114],[-64,83],[-52,35],[36,68],[2,51],[67,-44],[24,26],[-32,44],[-76,24],[-32,-11],[-13,64],[-62,28],[-50,-31],[-55,106],[-29,90],[-53,1],[-24,-48],[-56,-59],[-55,-30],[15,-41],[-17,-52],[143,-33],[0,-48],[43,-5],[-49,-72],[-35,-105],[-81,50],[-30,38],[-77,39],[-124,18],[-8,33],[35,180],[-78,27],[-30,77],[12,65],[46,56],[82,8],[1,55],[-54,40],[-10,37],[-66,25],[-37,-15],[-59,-65],[-33,21],[-26,102],[-9,107],[-71,35],[-44,36],[-10,69],[-38,-15],[-21,-94],[23,-49],[-2,-90],[-90,-101],[-62,78],[20,80],[-42,49],[35,95],[-41,54]],[[10884,4734],[-43,-36],[-51,-76],[8,-120],[-16,-57],[4,-77],[30,-20],[-14,-49],[11,-37],[-12,-118],[-46,-30],[-68,1],[-36,-50],[-10,-68],[25,-61],[-34,-87],[-57,-37],[71,-45],[8,-39],[38,-48],[5,-85],[-26,-78],[-71,-82],[-49,-22],[-101,-66],[-27,2],[-49,-69],[-39,-22],[18,-39],[-19,-71],[-54,-44],[-62,1],[-29,-21],[-48,24],[41,-126],[-5,-107],[52,-94],[65,-32],[2,-96],[-39,-31]],[[10257,2622],[-56,20],[-107,-9],[-60,-41],[-69,6],[-18,26],[-72,-1],[-44,-152],[-55,-54],[-15,-33],[-68,-38],[-38,-5],[-91,-37],[-30,-30],[-162,-22],[-106,-71],[-78,-6],[-62,20],[-55,89],[-58,27],[-52,89],[52,2],[54,38],[57,12],[42,25],[27,42],[-15,72],[-44,20],[15,57],[-40,0],[-108,41],[-90,-130],[-44,-36],[-65,9],[-8,56],[-79,41],[19,92],[-26,58],[-69,66],[-34,132],[-34,46],[-116,99],[-85,122],[-10,73],[-1,100],[-33,85],[6,57],[104,103],[43,55],[25,74],[-8,114]],[[13374,4196],[-72,-46],[-36,22],[-73,-69],[-40,-94],[-46,-30],[-9,-60],[-26,-23],[17,-137],[-57,-15],[-85,-87],[-46,-10],[-63,-99],[39,-31],[43,-87],[-76,-78],[35,-68],[57,4],[66,-77],[42,-30],[27,10],[68,-53],[37,-53],[113,39],[98,5],[51,-22],[45,9],[11,30],[-36,89],[34,-4],[67,63],[69,24],[22,-42],[67,-31],[91,66],[49,4],[16,-55],[70,-51],[30,-62],[-21,-62],[-45,-38],[-54,-2],[-2,34],[47,21],[-18,62],[-74,-70],[6,-95],[42,-132],[-9,-38],[-106,-125],[-35,-10],[-46,18],[-24,35],[43,80],[-5,52],[-32,-3],[-28,64],[-95,15],[2,38],[-118,24],[-2,-56],[-36,-40],[1,-39],[-128,-31],[-82,-89],[-52,-6],[2,-42],[50,-109],[111,30],[28,-45],[-45,-43],[-49,1],[-51,-40],[-47,0],[-83,-39],[-57,-7],[-144,84],[-55,-34],[-20,-50],[-130,26],[-158,10],[-41,32],[-38,57],[-75,59],[-13,57],[11,77],[-58,48],[-42,5],[-65,-18],[-30,48],[-104,-21],[-43,-57],[-25,-1],[-21,87],[-75,40],[-64,-44],[-35,-78],[-63,-38],[-46,-63],[-87,9],[-51,-47],[-6,-46],[-105,-1],[-58,-50],[-29,-133],[-36,-30],[-59,4],[-47,47],[-58,-9],[-62,-65],[-122,-41],[-48,12],[-70,38],[-75,-10],[-70,4],[-46,20],[-45,-31],[-22,-78],[-26,-11],[-46,25],[-86,9],[-33,35],[-14,81],[16,76],[-33,71],[-52,57]],[[18811,10503],[-14,-63],[44,-141],[-14,-52],[6,-56],[-20,-76],[32,-30],[-4,-79],[79,-44],[39,-6],[13,-61],[50,-85],[27,-86],[22,-128],[1,-72],[-53,-7],[-13,-30],[11,-86],[-23,-67],[-70,20],[-74,1],[-61,-30],[13,-51],[33,-32],[-27,-65],[74,5],[23,-23],[-53,-62],[-25,-81],[16,-59],[-27,-88],[-34,-64],[-106,-21],[-43,-77],[-79,-14],[9,-51],[40,-37],[56,-11],[7,-88],[-13,-33],[-61,0],[-45,-29],[-18,-36],[-119,-47],[3,-78],[93,-1],[-15,-102],[24,-19],[-131,-77],[-54,-23],[0,-79]],[[18330,7982],[13,-61],[33,-18],[-5,-89],[-74,-52],[16,-21],[-67,-41],[-46,85],[-118,-34],[-15,-83],[-65,5],[-3,53],[-70,2],[-58,-44],[-63,13],[-124,236],[-75,105]],[[17609,8038],[3,33],[-59,41],[-30,65],[-42,22],[-61,1],[-6,57],[-40,14],[-32,87],[-36,54],[-67,2],[-47,-86],[-51,-43],[-50,-12],[-18,21],[-91,-29],[-13,93],[-33,46],[-68,37],[-29,-53],[-42,-7]],[[16797,8381],[-78,158],[2,30],[-58,24],[37,38],[100,-6],[116,-24],[31,78],[-21,136],[-118,40],[-76,53],[-36,74],[56,56],[6,63],[-138,18],[-114,26]],[[16506,9145],[-11,72],[-31,59],[36,26],[14,62],[50,32],[31,56],[-153,144],[20,31],[-31,35],[25,80],[53,54],[44,137],[-92,37],[34,60],[-1,30],[135,87],[-26,55],[-63,77],[11,108],[49,5],[43,28],[32,-34],[55,43],[10,92],[-30,97],[-92,-22],[-5,47],[-53,64],[-74,44],[14,26],[-11,104],[24,70],[-8,88]],[[16506,9145],[-26,-23],[-75,31],[-13,-41],[-47,-18],[-37,25],[-28,-40],[-62,23],[-73,-14],[19,45],[-103,13],[-36,-20],[-56,32],[-94,10],[-27,35],[-1,67],[-30,3],[-18,-51],[-101,22],[-81,-34],[-5,43],[-52,37],[-77,0],[-91,36],[-75,-17],[-18,56],[-44,2],[-31,-22],[-7,97],[-35,56],[-167,-41],[-15,-34],[-154,4],[-34,87],[-104,-9]],[[16797,8381],[4,-70],[-73,-38],[-123,-47],[-84,5],[-18,-25],[-100,-57],[15,-78],[-2,-58],[74,-18],[28,-55],[140,-44],[99,-64],[39,-47],[-60,-88],[31,-92],[6,-136],[-40,-78],[5,-39],[-42,-45],[-14,-47],[-76,-48],[-75,50],[-69,-7],[-44,104],[-33,-40],[-39,2],[-53,-34],[-121,25],[-29,30],[-108,68],[-57,-6],[-36,-32],[-36,4],[-49,-75],[-17,-56],[-46,-73],[-24,-92],[-80,-30],[-65,-4],[-25,-33],[17,-71]],[[21075,9844],[28,-105],[-33,-6],[-19,-58],[55,-26],[18,-33],[-45,-24],[-79,-77],[-6,-91],[-29,-40],[-107,-67],[-25,-63],[-66,-46],[-23,-51],[16,-50],[37,-47],[50,66],[25,-54],[35,-22],[-24,-51],[14,-43]],[[20897,8956],[-37,14],[-36,-29],[16,-48],[-63,-41],[-1,-29],[69,8],[21,-58],[-134,-71],[-28,-41],[-56,-22],[-137,2],[-73,62],[22,30],[71,16],[26,56],[-20,76],[-50,38],[-83,16],[1,-37],[-48,-16],[6,52],[-37,41],[-50,14],[-16,-32],[-59,25],[-50,-2],[-35,63],[9,53],[55,30],[-36,38],[104,7],[31,166],[41,-12],[89,8],[4,51],[32,5],[20,55],[87,17],[21,38],[-7,47],[-28,27],[-44,-31],[-47,20],[9,65],[-21,29],[86,60],[89,79],[57,6],[23,-47],[42,22],[18,77],[42,7],[25,32],[155,14],[44,-3],[3,-48],[56,-11]],[[22077,10286],[19,-43]],[[22111,10200],[19,-68],[-30,-24],[-89,-5],[-167,-100],[6,-44],[-53,-28],[-19,-82],[-57,8],[-134,-32]],[[21587,9825],[-54,48],[-30,61],[0,61],[-63,17],[-22,-58],[-72,-37],[4,-21],[-81,-42],[-84,-12],[-78,23],[-32,-21]],[[20897,8956],[28,-50],[27,1],[20,-113],[68,-81],[35,-94],[52,-76],[-3,-51],[39,-22],[46,-59],[33,-22],[5,-57],[-22,-19],[18,-88],[-19,-40],[34,-28],[-42,-114],[48,-79],[-3,-59],[44,-27],[-10,-70],[38,-18],[0,-98],[10,-129],[24,-46],[-1,-52],[26,-53]],[[21392,7412],[-15,-39],[-73,-21],[-14,-44],[-92,-36],[-36,-40],[-179,54],[104,34],[-8,46],[35,10],[35,47],[-21,88],[7,49],[72,45],[20,39],[-26,38],[-68,-22],[-33,18],[-8,76],[21,49],[-24,48],[24,93],[-31,36],[-76,-6],[-22,44],[-18,88],[-104,-34],[-25,42],[-4,120],[-36,-2],[-23,40],[-76,18],[-73,-19],[-89,9],[-24,67],[19,39],[-42,57],[-37,-36],[-63,31],[-18,46],[-44,-7],[-58,-85],[7,-48],[-85,-83],[-21,-65],[-31,11],[-16,-112],[-54,3],[-14,55],[-190,-69],[28,-54],[-63,-4],[42,-52],[-83,-29],[-71,-12],[12,-90],[-56,-77],[-72,-30],[22,-87],[-46,-45],[44,-33],[-6,-59],[-97,-41],[-52,10],[-5,41],[-56,-23],[-12,45],[-99,-32],[-69,-126],[-34,-30],[-16,66],[11,37],[-25,67],[-23,0],[-37,93],[-48,-33],[-79,6],[34,37],[11,46],[-32,32],[-110,43],[-99,-95],[-29,8],[-53,-33],[-62,28],[-58,104],[-58,18],[-18,123],[-85,32],[-32,42],[-54,5]],[[21392,7412],[-3,-35],[38,-93],[28,-108],[1,-42],[73,-112],[50,-23],[21,-47]],[[21600,6952],[16,-166],[-29,-54],[5,-36],[42,-23],[-13,-89],[17,-39],[-22,-47],[8,-59],[-72,-116],[44,-74]],[[21596,6249],[-17,-69]],[[21579,6180],[-65,-99],[10,-43],[-23,-49],[-10,-134]],[[21491,5855],[-49,-14]],[[21442,5841],[-53,43],[-141,-50],[-5,-54],[-33,-19],[-5,-46],[-58,-83],[-36,-24],[-94,20],[-75,33],[6,144],[-80,-53],[-26,50],[-105,-44],[-47,-50],[-75,39],[-44,42],[-40,-20],[-24,54],[7,36],[-47,52],[-51,16],[-50,-8],[-72,-35],[-23,22],[-52,-70],[-19,-77],[-38,-41],[-25,6],[-38,-54],[-55,-1],[-11,57],[-80,9],[-52,-10],[-46,-81],[-21,41],[-104,8],[20,111],[-81,38],[-35,-7],[-103,25],[-79,-49],[-26,13],[-27,86],[-38,3],[-41,-54],[3,-72],[-57,23],[-62,49],[-46,-70],[-67,-2],[-31,40],[-31,-66],[-19,2],[-70,161],[28,31],[-18,56],[-29,15],[-10,45]],[[18911,6071],[-3,62],[-63,99],[-58,7],[-11,100],[-36,54],[-62,31],[-19,31],[-38,-11],[-50,43],[-52,110],[-49,3],[-59,31],[-21,51],[-93,-19],[-51,4],[-27,22],[-63,-6],[-14,42],[-37,23],[-67,14],[-73,64],[-20,59],[-32,13],[-61,-27],[16,-43],[-74,-25],[-42,35],[-49,-21],[-68,22],[-12,55],[26,25],[-70,52],[-73,9],[-40,65],[-4,76],[-78,64],[-55,7],[-41,63],[24,35],[-79,6],[-46,-25],[-19,41],[35,16],[8,48],[103,-6],[64,61],[-9,44],[22,63],[60,33],[21,51],[-25,85],[-21,16],[14,100],[-35,41],[3,49],[41,17],[34,-17],[38,24],[26,81],[62,20]],[[16502,4781],[61,-15],[115,-4],[57,-25],[48,53],[27,-57],[77,38],[24,62],[72,47],[74,-50],[43,66],[-9,75],[-32,65],[99,36],[60,-14],[3,-74],[29,-61],[38,-26],[45,5],[46,-22],[94,71],[28,-26],[62,-16],[4,-40],[109,-109],[32,-52],[65,-58],[-4,-44],[153,-34]],[[17922,4572],[68,-29],[36,49],[74,24],[5,-41],[-33,-28],[-4,-68],[94,21],[32,-41],[-21,-48],[-9,-82],[-31,-41],[-73,-43],[-16,-71],[32,-33],[21,-68],[79,-36],[34,50],[60,8],[33,-32],[-4,-53],[62,-12],[14,-33],[-31,-91],[30,-38],[48,15],[94,-28],[30,34],[163,-29],[21,44],[70,-64],[76,-29],[67,-66],[8,-56],[39,-2],[37,-80],[68,31],[22,-22],[55,18],[-26,-87],[54,-45],[21,-42],[46,19],[36,-28],[72,50],[21,-21],[44,9],[83,-24],[27,-48],[-4,-94],[38,0],[15,-76],[-5,-87],[-32,-19],[-19,-63],[-73,-9],[-34,-40],[-42,39],[-84,-47],[11,-73],[31,-95]],[[19352,2821],[-42,-48],[-29,2],[-34,54],[-69,2],[-20,-50],[-61,-16],[-9,-21],[13,-96],[-48,38],[-61,-48],[-6,-43],[-29,-16],[-60,25]],[[18897,2604],[-27,30],[-126,-31],[-62,5],[-117,102],[-37,56],[-14,81],[-42,65],[-7,83],[-79,123],[-45,38],[-59,-14],[-101,20],[-82,45],[-56,5],[-59,67],[-124,22],[-105,-30],[-37,3],[-60,-39],[-38,4],[-80,46],[-50,48],[-57,11],[-109,72],[-81,76],[-60,29],[-97,96],[-70,111],[-21,74],[-7,96],[-52,42],[-112,45],[-61,53],[-145,89],[-62,9],[-58,89],[-122,112],[-81,35],[-87,82]],[[21442,5841],[-53,-15],[-37,-36],[-13,-59],[4,-63],[47,-83],[76,-54]],[[21466,5531],[-24,-119],[20,-28],[6,-73],[-34,-15],[-11,-86],[13,-43],[-12,-75],[15,-55],[-66,-85],[-54,20],[-16,-28],[26,-88],[74,56],[33,5],[-3,-94],[33,-40],[-6,-50],[53,-107],[63,-66]],[[21576,4560],[9,-54],[-90,-22],[9,-73],[-48,-14],[-52,22],[-30,-14],[-32,-49],[-105,-80],[13,-29],[88,-48],[-11,-45],[87,-47],[83,-34],[11,-90],[-23,-85],[25,-72],[-10,-106],[29,-59],[85,-70],[0,-45],[-56,-59],[23,-47],[-18,-74],[-81,-57],[-11,-27],[-90,36],[0,-63],[-50,-60],[-31,-135]],[[21300,3060],[-27,34],[-2,58],[19,66],[-35,42],[-20,95],[-29,49],[-42,-9],[-42,-38],[-58,-5],[3,68],[-13,36],[-42,-24],[-93,-17],[-61,-57],[-46,-68],[-27,-84],[-24,-27],[-69,3],[-28,19],[-67,-3],[-34,-17],[-77,59],[-64,4],[-87,39],[-31,60],[-95,35],[-138,-36],[-25,-122],[-52,-39],[-11,-32],[-84,4],[-1,-48],[-24,-74],[-50,-40],[-29,-2],[-79,-108],[-46,-30],[-5,-44],[-32,-42],[-37,7],[33,70],[-64,29],[-37,-81],[-75,0],[-13,-34],[-75,17],[-13,48]],[[17922,4572],[11,56],[-33,28],[-10,119],[-37,57],[28,72],[-92,22],[-36,126],[70,122],[57,62],[-30,126],[42,-4],[42,59],[-38,78],[11,67],[81,16],[13,63],[-10,70],[23,22],[45,-36],[53,-2],[32,29],[78,19],[50,-29],[146,151],[12,63],[24,29],[37,-19],[29,-71],[23,-22],[17,-68],[63,2],[21,20],[53,-21],[-2,81],[11,55],[-66,60],[29,13],[-12,78],[56,7],[-7,-46],[56,-18],[26,45],[44,20],[79,-2]],[[28443,12231],[-17,-22],[13,-61],[-9,-63],[-165,2],[3,-20],[-69,-33],[-15,-57],[-29,-23],[-10,-68],[13,-33]],[[28158,11853],[-67,-39],[-86,0],[-42,-29],[-9,-58],[-79,38],[-44,145],[-56,42],[-18,76],[18,57],[-54,24],[-23,-42],[-75,-31],[-62,70],[-17,82],[-36,53],[-68,74],[-108,80],[-35,97],[-35,24]],[[27262,12516],[27,17],[-5,70],[96,-12],[129,-56],[70,5],[39,32],[62,-7],[80,-54],[62,28],[81,-15],[24,19],[19,76],[-29,5],[-10,46],[33,20],[-6,95],[14,60],[72,7],[3,-22],[123,-58],[15,-45],[78,-45],[45,-54],[53,3],[29,-31],[97,-11],[30,-31],[-25,-69],[43,-87],[-22,-53],[-3,-63],[-43,-55]],[[28054,7106],[-92,-13],[-32,30],[17,105],[-44,95],[-85,45],[1,51],[30,108],[65,0],[38,51],[-13,54],[12,83],[55,21]],[[28006,7736],[11,-12],[130,27],[46,21],[85,12],[21,51],[50,33],[93,31],[-7,82],[19,47],[-4,62],[46,20]],[[28496,8110],[56,-14],[77,-44],[23,-75],[83,-32],[173,13],[17,-32],[3,-102],[84,-1],[1,27],[50,17],[16,86],[115,-25],[12,-40],[51,-34],[-4,-43],[-53,-64],[-7,-50],[-46,-154],[65,-48],[120,19],[-10,48],[120,-17],[46,-46],[-55,-63],[-52,-84],[19,-31],[-2,-67],[154,31],[58,-121],[-41,-34],[5,-44],[-80,-29],[-21,-21],[87,-30],[19,-48],[-24,-58],[-75,-43],[-60,-47],[-8,-60],[24,-55],[-112,6],[-155,64],[-97,20],[-113,-34],[-27,78],[-117,-70],[-38,-4],[-33,-112],[-33,54],[-46,-2],[-29,-75],[-43,-10],[-52,-47],[-25,63],[-166,115],[15,101],[0,79],[-55,3],[13,105],[-6,94],[-23,24],[-104,21],[-47,25],[-89,-87]],[[31728,5076],[-20,-57],[6,-127],[85,-125],[-6,-70],[-35,-77],[-77,-113],[-68,30],[-33,-57],[-49,7],[-231,53],[41,39],[-26,29],[45,51],[43,27],[18,165],[0,78],[101,53],[24,119],[34,-17],[41,20],[107,-28]],[[35804,7766],[-147,-1],[-63,-17],[-128,-12],[-62,-37],[-32,-126],[-29,-40],[-32,-97],[-60,-20],[-9,-64],[-31,-33],[-83,-12],[-62,-43],[-2,-50],[-54,-133],[-31,-6],[-70,46],[-47,-19],[-2,-74],[-32,-41]],[[34828,6987],[-38,3],[-93,-91],[-18,-3],[-49,71],[-56,-58],[-9,-66],[25,-37],[8,-60],[-4,-94],[11,-47],[-43,-25],[-54,-61],[-33,-14],[-5,-77],[-141,33],[-52,-18],[-64,3],[-72,-13],[-14,102],[16,49],[-109,36],[-12,-26],[-61,36],[2,65],[-78,176],[50,116],[-32,16],[-15,77],[-89,9],[1,37],[-30,83],[120,161]],[[33890,7370],[36,89],[49,48],[15,40],[-32,33],[16,42],[-24,117],[39,-6],[7,49],[-40,29],[15,32],[6,85],[79,28],[-20,49],[-49,28],[-104,25],[-20,40],[42,145],[26,23],[131,19],[-3,112],[-38,0],[-12,82],[-68,75],[-32,-20],[-41,40],[2,49],[42,10],[25,48],[-5,65],[-22,8],[0,120],[34,14],[31,-29],[69,5],[4,111],[50,10]],[[34098,8985],[114,-44],[54,-2],[-5,-82],[89,-9],[48,-38],[16,63],[104,34],[47,-96],[89,-15],[52,-28],[30,-54],[161,36],[16,-30],[45,51],[32,-4],[124,-60],[45,-31],[50,-83],[-23,-35],[117,-65],[57,-77],[-16,-29],[50,-34],[31,-47],[53,-13],[-13,-46],[61,4],[46,-17],[19,-87],[-41,-52],[-13,-82],[45,-31],[31,-65],[47,-62],[68,-64],[76,-25]],[[34546,3416],[28,4],[53,81],[26,67],[-17,95],[7,126],[22,60],[83,-12],[127,64],[27,-34],[70,78],[26,65],[77,24],[85,-12],[21,-21],[62,26],[34,-24],[27,48],[-42,35],[-22,58],[-4,113],[-108,23],[-80,4],[-21,29],[-91,-19],[-30,28],[-16,107],[-69,0],[-69,107],[-25,98],[-4,144],[49,106],[-22,28],[18,82],[41,17],[-13,47],[26,36],[43,-3],[60,59],[28,-40],[39,25],[43,-10],[47,14],[24,-64],[89,3],[17,52],[37,-44],[28,13],[77,-27],[33,11],[69,-47],[21,133],[-58,41],[-21,-19],[-49,48],[-27,76],[20,29],[-11,44],[37,92],[-43,54],[63,14],[19,-36],[49,20],[-8,90],[26,84],[-18,36]],[[35456,5742],[45,-28],[145,-22],[38,-40],[-5,-90],[37,-18],[58,32],[10,-86],[29,-87],[103,-177],[82,-214],[91,-164],[16,-70],[-29,-69],[-77,-94],[-29,-85],[-68,-138],[-64,-73],[-23,-41],[-43,-25],[3,-46],[-54,-52],[72,-2],[12,-53],[-45,-89],[1,-40],[-26,-29],[-49,-12],[-45,-59],[-34,-72],[-3,-39],[42,-54],[100,-63],[69,21],[50,-35],[154,-4],[39,47],[36,1],[32,76],[47,5],[69,-50],[64,-26],[61,-85],[25,-53],[98,-89],[-15,-141],[14,-58],[49,-71],[-7,-31],[44,-78],[8,-44],[-15,-61],[-121,-145],[-10,-46],[-34,-24],[4,-45],[41,-69],[-143,-41],[-11,-55],[41,-101],[35,-23],[-4,-38],[-39,-47],[-83,-133],[-2,-30],[76,-66],[-15,-34],[17,-41],[4,-189],[-28,-29],[-76,-16],[-62,-135],[-43,-54],[-25,0],[-79,146],[-52,29],[-16,-73],[-42,-9],[-157,108],[-122,73],[-113,127],[-6,52],[-24,28],[-117,42],[-36,47],[-13,111],[-151,-10],[-70,42],[-47,55],[-20,71],[-32,31],[-18,60],[4,53],[70,90],[-20,35],[65,90],[46,30],[57,1],[-70,76],[-58,39],[-50,61],[-44,-5],[-77,95],[-33,56],[99,85],[27,86],[-61,-49],[-52,5],[-22,-27],[-33,72],[-32,35],[-58,30],[-90,-27],[-51,40],[-46,9]],[[29121,5391],[31,-84],[22,10],[82,-37],[23,-83],[-24,-79],[70,19],[-50,-124],[-92,-85],[14,-30],[-54,-111],[-42,-25],[-28,-69],[-30,-33],[91,-35],[41,-51],[76,16],[60,-112],[23,-64],[-18,-47],[-65,-38],[-63,-6],[15,-47],[-41,-14],[-20,-36],[23,-31],[38,15],[71,-101],[-6,-44],[8,-106],[43,-1],[-32,-65],[-154,-79],[-16,-20],[24,-54],[90,10],[82,33],[20,-108],[-12,-46],[16,-49],[37,-25],[-15,-86],[-99,-12],[-37,-129],[41,-15],[94,-119],[-4,-86],[53,-22],[1,-63],[-21,-45],[-78,-30],[-263,-125],[-20,-90],[-33,-62],[20,-37],[100,48],[56,-11]],[[29169,2671],[-13,-101],[-58,33],[-32,-36],[-33,13],[-25,-108],[-54,-71],[-5,-70],[-18,-48],[10,-64],[1,-103],[-54,-43],[-43,-55],[-122,-15],[-24,-19],[-71,-2],[-39,14],[-29,-38],[-107,3],[-19,19],[-169,-3],[-24,-13],[-39,87],[-101,-95],[-59,-90]],[[28042,1866],[-56,28],[-74,17],[-47,114],[-58,-10],[-49,84],[-54,13],[-44,58],[-53,15],[-12,106],[-51,54],[-111,1],[-7,37],[32,81],[-15,44],[-92,47],[-45,6],[-8,71],[31,120],[61,34],[33,47],[-48,29],[-9,61],[27,43],[-43,17],[-8,96],[13,93],[47,102],[105,-5],[30,17],[25,51],[75,19],[91,-1],[-8,126],[-12,31]],[[27708,3512],[56,31],[85,77],[-24,39],[-9,60],[74,113],[75,2],[6,24],[56,20],[40,149],[-58,73],[-8,78],[-20,58],[19,68],[-52,7],[-10,71],[-68,11],[-21,-51],[-46,-9],[-13,32],[-94,43],[-59,71],[-4,89]],[[27633,4568],[41,49],[2,174],[-29,197],[11,199],[-4,113],[-16,85],[11,91],[59,-40],[55,45],[44,-33],[44,28],[25,-65],[24,-21],[60,0],[61,90],[-50,73],[32,49],[34,92],[26,4],[22,106],[51,70]],[[28136,5874],[24,1],[98,-47],[11,-37],[42,-24],[163,63],[55,-66],[58,-24],[-40,-84],[50,-25],[19,18],[62,-14],[48,15],[24,30],[75,24],[94,-99],[91,-70],[20,-30],[-15,-44],[64,-73],[42,3]],[[28006,7736],[-9,63],[19,69],[-38,67],[-67,0],[-28,68],[-38,-16],[-41,11],[-57,-9],[-44,-49],[-29,50],[-63,-52],[-30,51],[-41,-12],[-35,91],[-14,64],[-38,80],[-93,31],[-43,-27],[-92,21],[-2,54],[-80,38],[-31,59],[-63,1],[-63,-25],[-23,67],[-45,51],[-54,31],[-23,-24],[-120,-65],[8,-32],[-7,-103],[-27,16],[-137,-26]],[[26558,8279],[21,60],[-20,20],[0,93],[-15,69],[47,11],[12,54],[-42,35],[70,116],[60,-11],[74,7],[81,103],[-41,40],[0,71],[28,44],[-22,33],[6,69],[80,-3],[-43,87],[56,-12],[27,65],[27,14],[7,85],[-45,22],[-29,125],[-28,39],[105,22],[37,62],[41,23],[57,-9],[28,24],[42,-13],[48,82],[38,-1],[39,33],[51,-4],[28,20],[81,-21],[26,49],[54,21]],[[27544,9803],[64,-35],[50,23],[8,37],[47,-2],[101,-119],[64,4],[40,-28],[-24,-114],[21,-17],[80,15],[29,-22],[-21,-69],[74,-22],[38,9],[17,47],[47,22],[10,73],[43,29],[69,17],[53,44],[59,-9],[49,19]],[[28462,9705],[0,-33],[73,-39],[-34,-48],[0,-85],[61,-92],[62,-24],[26,-63],[-17,-27],[-58,17],[-24,-18],[8,-56],[-32,-8],[-11,-56],[41,-61],[64,-54],[-27,-26],[-53,6],[2,-51],[32,-25],[154,-68],[40,-1],[97,-54],[11,-140],[-10,-78],[28,-85]],[[28895,8536],[-85,-75],[-24,28],[-139,-101],[-57,-22],[-17,-88],[-77,-50],[13,-51],[-13,-67]],[[31244,7227],[34,-102],[78,-16],[3,-40],[101,22],[-1,-25]],[[31459,7066],[12,-47],[-61,-21],[-12,-45],[38,-77],[-86,1],[5,-48],[48,-63],[-2,-143],[8,-113],[15,-79],[3,-93],[-23,-95],[11,-41],[47,-43],[62,-12],[-34,-183],[-95,-7],[-20,-53],[20,-54],[-51,-39],[-72,-8],[-109,10],[-25,-82],[-36,-18],[-28,27],[-54,-12],[-51,51],[-5,33],[-58,22],[-39,81],[-70,4],[-75,70],[-37,4],[-30,-75],[27,-64],[-6,-53],[32,-67],[-1,-84],[34,-77],[-79,-28],[-4,-64],[-55,29],[-44,47],[-27,2],[-83,69],[-28,49],[-100,-1],[-15,-51],[-49,-2]],[[30257,5623],[21,51],[-35,57],[-83,5],[-48,95],[-90,49],[-2,34],[-62,26],[-26,36],[-110,9],[-12,43],[47,26],[-11,185],[109,-10],[-24,152],[22,145],[96,-10],[9,48],[-30,30],[-92,35],[5,18],[-20,162],[-53,18],[-14,45],[-46,78],[0,62],[-17,34],[3,58],[-44,89],[10,52],[110,90],[22,60],[-33,83],[-12,78],[-35,9],[-10,127],[22,25],[-16,41],[21,27],[-36,101]],[[29793,7886],[40,13],[24,-22],[84,15],[58,-17],[18,-60],[50,-28],[73,-10],[11,-22],[80,32],[32,-22],[83,8],[57,-22],[54,-59],[75,2],[36,-31],[1,-76],[34,-13],[28,40],[27,-20],[-14,-53],[54,-103],[30,-14],[64,33],[20,26],[45,-29],[47,19],[48,-65],[25,22],[27,68],[53,-11],[31,-29],[11,-50],[-22,-25],[51,-41],[33,-63],[63,-59],[20,7]],[[27262,12516],[-48,3],[-62,-55],[-58,-7],[0,31],[-90,41],[-8,68],[-69,7],[-4,41],[-41,20],[-44,-45],[-212,102],[-13,50],[-59,23],[-5,-56],[-135,-3],[-50,21],[-27,-10],[-22,-72],[-30,-46],[-36,-6],[-43,47],[-39,13],[10,59],[-22,30],[41,29],[-2,46],[-126,29],[-71,-7]],[[25997,12869],[-54,125],[-35,35],[-90,2],[-13,66],[42,76],[-73,-17],[-46,43],[-80,13]],[[25648,13212],[51,7],[80,-21],[8,71],[40,32],[10,39],[175,64],[75,-12],[26,23],[3,62],[78,45],[35,68],[39,39],[59,-17],[15,25],[-38,84],[-80,60],[103,149],[9,36],[78,64],[33,1],[32,34],[41,6],[136,-19],[35,37],[2,53],[24,84],[-25,49],[62,13],[41,52],[-13,104],[17,28],[57,7],[29,-20],[42,76],[-51,48],[46,78],[64,71]],[[26986,14732],[151,26],[77,-21],[25,14],[23,-96],[53,-103],[1,-116],[96,-53],[38,4],[22,55],[44,-65],[63,-11],[43,-38],[27,15],[16,70],[24,-3],[28,101],[47,-23],[79,-18],[56,17],[23,116],[72,-8],[33,67],[-10,100],[108,12],[-4,31],[-43,54],[-22,-23],[-67,21],[-14,77],[-49,32],[-7,34]],[[27919,15000],[47,34],[60,-51],[77,-41],[17,-33],[55,-24],[122,-9],[77,15],[59,-19],[27,27],[32,74],[26,10],[47,-39],[50,9],[35,-32],[39,4],[-3,-95],[-36,-114],[-64,-10],[27,-45],[-34,-50],[30,-24],[37,8],[68,-41],[-9,-125],[22,-55],[36,13],[-4,-65],[55,-64],[69,-3],[14,-57],[-2,-65],[82,-171],[22,-19]],[[28999,13943],[39,-30],[80,-37],[60,17],[0,-106],[102,-23],[-6,45],[59,-8],[-24,-51],[33,-28],[120,52],[-1,-48],[75,-60],[48,9],[27,59],[41,32],[-40,-150],[-18,-110],[28,-59],[84,-14],[-14,-51],[38,-42],[-2,-38],[-48,-12],[-1,-33],[-58,7],[-20,-35],[-13,-82],[29,-21],[-14,-122],[-70,-39],[-13,-106],[28,-14],[-1,-54],[114,33],[11,-109],[33,-20],[-14,-87],[-84,-56]],[[29607,12552],[-58,40],[-62,9],[-44,-69],[-65,-62],[-36,74],[-71,24],[-68,93],[39,46],[-15,80],[-140,-6],[-69,20],[10,-45],[-23,-78],[-29,-1],[-35,-49],[-72,-58],[-9,-22],[16,-90],[-38,-48],[-4,-40],[-57,-30],[58,-64],[-84,-25],[-33,20],[-41,-18],[0,-84],[-69,-39],[-94,11],[-39,31],[-32,59]],[[29793,7886],[-41,132],[28,39],[28,110],[-55,79],[-51,98]],[[29702,8344],[-6,60],[-29,43],[39,60],[137,15],[10,60],[-19,171],[31,56],[25,114],[34,105],[50,60],[85,126],[-6,64],[57,35],[105,17],[17,41],[-17,96],[91,25],[15,-19],[74,3],[59,50],[60,18],[34,34],[77,21],[13,32],[56,37],[7,49],[71,71],[52,36],[101,-17],[-22,-59],[97,-53],[6,-67],[50,-16],[56,12]],[[31112,9624],[27,-44],[-8,-75],[102,-5],[5,44],[77,24],[28,-17],[51,50],[47,9],[15,-39],[58,11],[107,-12],[67,-66],[34,74],[140,-39],[44,-204],[41,-4],[33,-44],[-15,-52],[52,-20],[0,-36],[-44,-48],[48,-53],[66,-34],[46,-91],[36,25],[35,-30],[8,-54],[-8,-94],[44,-55],[45,-23]],[[32293,8722],[-9,-18],[29,-88],[-14,-88],[9,-75],[-62,-16],[-13,-45],[19,-36],[-78,-11],[-27,-120],[50,-32],[13,-72],[-29,-10],[-44,-52],[3,-63],[-26,-38],[44,-17],[7,-56],[26,-62],[-16,-70],[-40,-42],[-49,20],[-48,76],[5,44],[-73,5],[-26,-60],[8,-70],[-71,-14],[-54,4],[-60,-59],[-47,-23],[-9,-35],[-89,-33],[-33,26],[-28,-34],[-33,-103],[-94,-25],[-115,-16],[-32,-25],[-12,-42],[-31,-15],[-20,44],[-36,-7],[56,-142]],[[28462,9705],[78,10],[44,59],[4,30],[53,17],[34,48],[-33,69],[84,43],[17,72],[44,16],[13,54],[50,-8],[31,-60],[39,-30],[49,-4],[13,-56],[91,-71],[28,5],[48,53],[40,98],[0,38],[56,92],[64,7],[-5,66],[17,90],[-13,48],[-2,91],[-15,37],[23,79],[-19,120],[65,41],[28,61],[140,72],[-11,77],[34,22],[-40,46],[-19,87],[50,42]],[[29542,11166],[24,-32],[68,-13],[43,-41],[53,-5],[39,-40],[114,-10],[22,32],[6,64],[52,26],[46,-1],[13,-42],[40,0],[23,-62],[89,-64],[93,-29],[23,-40],[136,-38],[86,46],[60,-12]],[[30572,10905],[35,-38],[86,-25],[41,-32],[83,40],[28,-90],[-32,-11],[21,-75],[38,-7],[16,-46],[-41,-28],[20,-66],[-24,-27],[-2,-58],[36,-128],[-7,-60],[-55,-61],[69,-56],[84,-6],[97,40],[7,-64],[-57,-173],[20,-16],[-33,-64],[4,-87],[40,40],[48,-69],[-1,-53],[30,-9],[-11,-52]],[[29702,8344],[-16,21],[-73,-21],[-94,0],[-18,-55],[-53,23],[-57,-23],[-168,28],[-29,-21],[-116,-5],[-6,37],[-68,52],[-34,-22],[-9,78],[-52,62],[-14,38]],[[28054,7106],[-61,-88],[-53,29],[-24,-66]],[[27916,6981],[-13,-47],[-58,73],[-132,-70],[-51,45],[-139,44],[-19,69],[-80,44],[-66,-6],[-12,39],[-105,4],[-58,-54],[-68,-12],[-13,-31],[-129,-96],[14,-30],[-48,-67],[-37,-9],[-90,23],[-27,57],[-40,-31],[-53,30],[-35,-70],[4,-25]],[[26661,6861],[-27,-20],[-124,-11],[-84,-49],[-50,71],[-62,10],[-43,76],[8,51],[-24,21],[21,81],[-61,42],[54,18],[5,54],[-65,-15],[-29,91],[-73,0],[-59,25],[-54,48],[45,40],[-96,77],[-11,41],[74,12],[36,24],[52,-18],[49,97],[-1,26]],[[26142,7653],[31,29],[94,-4],[-10,135],[-73,67],[-13,129],[42,42],[44,1],[-1,77],[-65,-4],[13,54],[49,7],[51,-17],[-7,91],[-28,45],[38,54],[55,2],[92,-150],[50,11],[54,57]],[[28042,1866],[-25,-51],[-72,-57],[-36,-83],[30,-43],[89,-3],[14,-29],[27,-134],[-65,9],[-72,-14],[-65,22],[-56,-37],[-35,34],[-38,-10],[-60,18],[-40,-64],[-46,-36],[-38,-58],[-73,0],[-41,-29],[11,-65],[-17,-99],[-45,-56],[-41,-23],[-51,12],[-204,-17],[38,65],[14,50],[35,38],[69,104],[-22,36],[-116,-14],[-105,24],[-36,-52],[-93,-11],[-54,-31],[-56,-7],[-86,-60],[-60,-13],[-32,-52],[7,-53],[-44,-38],[-81,-11],[-42,10],[-150,9],[-63,-21],[-59,21],[-46,-24],[-22,28],[-92,-24],[-134,23],[-46,26],[-8,98],[18,47],[64,29],[-6,75],[-51,62],[-110,153],[-61,52],[-59,80],[51,66],[-142,47],[-127,-51],[-71,21],[-2,145],[102,67],[126,45],[0,53],[-55,-12],[-94,156]],[[25392,2209],[-29,39],[-14,68],[24,57],[-36,10],[-20,43],[30,41],[-23,39],[91,60],[94,8],[79,48],[6,30],[81,58],[12,57],[-19,48],[61,55]],[[25729,2870],[52,45],[28,86],[-17,50],[2,53],[52,40],[45,7],[23,49],[-15,101],[24,46],[-44,23],[3,50],[-49,34],[1,73],[-43,48],[50,34],[17,73],[76,-10],[41,-27],[93,-3],[42,10],[67,-52],[4,89],[38,4],[11,57],[64,44],[79,4],[71,43],[45,-55],[34,47],[65,34],[72,-4],[114,-54],[42,-45],[37,-77],[58,28],[35,56],[-4,55],[40,10],[72,-68],[58,6],[37,-33],[55,-4],[15,-33],[130,-3],[60,-18],[80,-50],[108,58],[-9,-91],[63,-62],[57,-26]],[[26661,6861],[-12,-133],[-24,-23],[34,-38],[9,-82],[-13,-21],[-34,-136],[33,-256],[31,-78],[60,-44],[51,36],[24,-121],[-63,-64],[-33,-72],[0,-164]],[[26724,5665],[4,-80],[-19,-54],[-43,-16],[-84,0],[-6,-55],[-101,-47],[-73,4],[-70,-27],[14,-49],[44,-67],[-90,-63],[-91,24],[-63,-24],[-26,12],[-17,58],[-36,-30],[-70,11],[-50,-80],[-48,-1],[-19,-54],[27,-26],[-16,-37],[-52,23],[-1,-78],[46,-42],[-59,-49],[-61,-7],[-75,89],[-24,67],[-95,-71],[-16,-42],[22,-25],[-27,-53],[-100,30],[-4,63],[-117,16],[-95,-33],[-33,-50],[-99,-68],[-124,-10],[-47,19],[-116,-98],[-25,11]],[[24789,4756],[19,42],[-17,29],[-77,12],[7,70],[82,28],[18,64],[53,10],[34,101],[-74,-32],[-24,42],[75,128],[-36,24],[23,127],[-52,23],[-1,47],[92,63],[43,-5],[2,78],[28,130],[44,80],[15,89],[43,73],[-5,77],[-65,24],[-3,98],[-16,43],[39,14],[-1,73],[-59,58],[-43,16],[-83,-23],[-17,-21],[-78,0],[-14,81],[41,32],[25,88],[25,49],[40,15],[3,83],[58,29],[35,53],[28,3],[14,75],[28,53],[-75,17]],[[24963,6916],[-19,97],[-47,84],[32,17],[-29,84],[-16,97],[142,20],[151,-44],[21,8],[19,73],[45,5],[24,75],[34,27],[26,106],[68,72],[55,274],[10,104]],[[25479,8015],[125,-17],[26,-82],[69,-42],[-6,-119],[77,-53],[60,41],[11,35],[67,17],[15,-32],[105,-35],[14,-26],[53,-4],[47,-45]],[[29121,5391],[60,39],[56,0],[45,24],[20,-43],[64,74],[44,34],[101,26],[33,-17],[49,-164],[175,33],[31,12],[1,132],[98,35],[29,-84],[27,-28],[93,-28]],[[30047,5436],[-24,-41],[36,-125],[65,-104],[46,-37],[33,-67],[60,-92],[31,-9],[21,-42],[42,-32],[79,44],[67,-48],[26,-65],[51,43],[40,-9],[26,-60],[50,38],[67,-64],[-11,-24],[35,-146],[-55,-38],[-85,-27],[-24,-57],[2,-43],[35,-29],[52,-4],[47,-39],[56,-22],[-28,-47],[37,-32],[109,-23],[39,-34],[8,-66],[5,-179],[28,-48],[126,-44],[-51,-61],[42,-42],[-9,-69],[-34,-25],[-17,-43],[23,-43],[61,-10],[-26,-73],[49,-35],[91,-144],[-33,-41],[-28,-88],[-29,-43],[6,-47],[59,-75],[65,-5],[33,-52],[-8,-78]],[[31333,2890],[-33,-29],[-87,19],[-38,-49],[-51,2],[-33,94],[-162,-37],[-20,-32],[-44,18],[-74,-9],[-104,-26],[-98,8],[-55,-45],[-53,-6],[-165,-54],[-24,10],[-39,-166],[-90,-2],[-5,27],[-58,-8],[-136,27],[-46,29],[-182,-29],[-113,13],[-127,-5],[-82,-40],[-56,13],[-62,-10],[-85,78],[-42,-10]],[[33890,7370],[-54,41],[-50,-30],[-81,-68],[-2,-60],[-155,74],[-89,-21],[-8,-32],[59,-40],[-20,-58],[-25,-2],[-40,-46],[-1,-34],[-38,-25],[8,-46],[-85,-12],[-37,-33],[-68,26],[21,51],[-58,89],[-67,-58],[-44,-60],[-15,72],[-24,-11],[-31,-61]],[[32986,7026],[-38,-2],[-44,90],[-107,-16],[-37,-101],[-66,-65],[-99,2],[-20,29],[-85,-35],[-22,84],[-72,-6],[-57,105],[-26,27],[-53,-35],[-78,49],[-50,63],[-49,25],[12,-65],[-8,-54],[-60,-53],[-30,-54],[-6,-80],[-67,-18],[27,-94],[-70,-25],[-33,-56],[-56,42],[-30,-25],[-23,76],[-34,29],[34,61],[26,5],[-9,94],[-42,47],[-9,67],[-53,-9],[-14,-40],[-59,-9],[-22,15],[-47,-27],[-51,-1]],[[32293,8722],[26,39],[52,22],[55,-15],[-5,-55],[50,10],[12,69],[71,-1],[15,-38],[-10,-73],[55,23],[51,1],[28,78],[-32,90],[36,5],[93,-91],[37,4],[19,39],[13,86],[33,-4],[84,100],[99,39],[42,-4],[20,96],[39,2],[25,45],[-19,63],[60,-4],[-13,70],[15,91],[-55,76],[135,-28],[7,50],[37,-6],[89,56],[16,59]],[[33473,9616],[33,-26],[118,-22],[69,-28],[60,8],[-21,-101],[41,-80],[69,38],[47,-5],[26,-60],[42,-171],[18,10],[-20,83],[63,-2],[14,-63],[-6,-47],[53,-33],[19,-132]],[[30257,5623],[-41,4],[-5,-83],[-46,0],[-13,-113],[-105,5]],[[28136,5874],[-29,35],[-84,55],[-11,50],[19,29],[49,0],[32,74],[44,68],[-27,27],[9,80],[-56,27],[-74,0],[85,80],[-6,100],[-29,121],[-56,36],[67,100],[44,95],[-14,42],[-183,88]],[[28158,11853],[28,-24],[36,28],[51,-13],[8,-54],[-116,-50],[54,-15],[14,-87],[-39,-121],[-3,-84],[-62,-48],[-119,-2],[-30,-16],[-18,-49],[-56,-8],[-7,-39],[-38,-34],[0,-71],[-66,-13],[-81,-71],[16,-55],[67,-16],[34,-51],[37,-7],[38,-96],[-42,1],[1,-71],[32,-46],[-33,-16],[-52,73],[-106,39],[-39,-53],[24,-69],[47,-79],[46,-37],[27,-61],[-53,-12],[-82,-64],[-34,-81],[-35,-35],[-52,-11],[25,-93],[-36,-18],[30,-80],[-17,-79],[-56,-1],[-39,-76]],[[27462,9988],[-48,-27],[-52,19],[-14,-59],[-36,-19],[-36,76],[-54,33],[3,71],[-41,4],[-74,41],[-28,-3],[-52,77],[4,111],[-11,115],[-56,32],[-77,63],[-28,2],[-65,45],[-115,44],[-37,-4],[-36,34],[11,64],[47,-1],[39,24],[59,-6],[11,71],[29,62],[-20,75],[-34,46],[-101,-24],[-75,34],[0,102],[-58,-5],[3,-34],[-63,13],[-34,-21],[-58,-5],[-39,22],[-102,-22],[-19,47],[-46,5],[-46,86],[-29,20]],[[26084,11196],[15,51],[63,2],[-6,65],[-29,38],[41,53],[-90,52],[-98,118],[-44,166],[-49,56],[20,78],[-19,132],[57,80],[21,56],[-80,-3],[20,39],[-11,62],[55,43],[3,80],[-45,38],[-99,63],[86,126],[-31,30],[-8,52],[-90,-19],[5,53],[-70,70],[157,-15],[139,107]],[[29607,12552],[-43,-47],[-13,57],[-43,0],[-25,-34],[37,-120],[42,-39],[22,-49],[-65,-29],[-182,-32],[-54,-36],[8,-119],[60,-45],[-3,-64],[-55,-59],[-20,-73],[110,-101],[52,-10],[51,-30],[-27,-71],[-1,-103],[81,-63],[33,-57],[-43,-93],[-61,-56],[12,-102],[62,-11]],[[27544,9803],[-52,4],[-17,72],[8,61],[-21,48]],[[33089,4911],[22,-24],[-14,-45],[-96,-3],[-28,74],[30,15],[2,61],[84,-78]],[[32986,7026],[6,-58],[-37,-54],[-68,6],[-51,-19],[-38,-35],[-1,-52],[-75,-15],[17,-95],[-32,-31],[-39,-73],[14,-72],[77,-23],[14,-66],[61,-52],[-42,-54],[0,-64],[-41,-25],[-41,-89],[37,-56],[-16,-67],[-5,-135],[-44,-25],[29,-66],[74,-37],[12,-52],[59,10],[43,-17],[6,-41],[63,5],[21,-87],[64,-9],[31,63],[39,42],[48,-71],[51,10],[-9,-83],[-47,-32],[-6,-63],[75,2],[25,-87],[-40,-67],[-14,-114],[-45,-55],[-33,-70],[-43,-40],[-48,20],[-18,45],[-39,-38],[-23,76],[-47,-11],[14,-71],[25,-30],[-82,-31],[14,-82],[34,-126],[8,-84],[35,-27],[45,29],[186,0],[-7,-52],[47,4],[-5,-114],[-110,-7],[3,43],[-92,2],[15,-44],[-46,-5],[34,-102],[10,-60],[-38,-41],[-31,-6],[-28,-63],[16,-117],[-3,-47],[-28,-61],[-140,-78],[-48,-97],[3,-77],[-30,-21],[7,-112],[-10,-52],[28,-36]],[[32736,3540],[-307,-77],[-72,-80],[-40,9],[-48,67],[-23,56],[29,138],[52,85],[39,95],[-40,87],[-38,-13],[-116,-191],[-74,-59],[-72,-20],[-70,-70],[-108,6],[25,-154],[20,-49],[52,-67],[15,-69],[71,-156],[26,-154],[20,-67],[-10,-55],[-29,-19],[-73,-10],[-34,81],[-87,-12],[-111,-64],[-55,3],[-69,48],[-166,-14],[-22,31],[-88,44]],[[27633,4568],[-84,5],[-113,91],[20,165],[40,54],[-29,77],[-37,40],[-1,44],[-41,65],[-34,-56],[-74,-37],[-10,30],[-51,26],[-48,-21],[-74,14],[-66,36],[-94,0],[-26,51],[18,72],[49,11],[-1,41],[41,15],[46,64],[56,14],[11,34],[-50,79],[-35,28],[-98,-13],[-24,22],[-21,92],[-139,60],[-40,-6]],[[34828,6987],[-13,-34],[18,-170],[16,-63],[63,-108],[200,-200],[125,-119],[74,-87],[51,-92],[59,-313],[35,-59]],[[34546,3416],[-90,2],[-61,-13],[-43,-36],[-14,-37],[-81,-9],[-49,42],[-62,-29],[-70,-4],[-31,-48],[-71,-156],[-24,-108],[-16,-18],[-195,35],[-123,-93],[-65,-2],[-41,99],[-132,105],[-58,116],[-4,35],[-70,69],[14,122],[-8,36],[-55,8],[-148,-35],[-97,-47],[-86,-21],[-34,56],[-58,16],[-38,39]],[[25729,2870],[-89,5],[-26,79],[-22,31],[-114,59],[73,150],[-44,26],[-59,-1],[-105,-20],[-19,26],[-63,14],[-49,53],[-137,-86],[-82,9],[-43,-14],[-105,49],[19,71],[44,31],[7,54],[44,104],[-14,59],[51,74],[35,-8],[71,86],[1,73],[-59,-26],[-51,3],[-70,-55],[-50,-98],[-135,-101],[-12,-39],[-39,-24],[-50,43],[-14,42],[-38,-2],[-54,72],[17,63],[64,1],[-3,53],[19,143],[-10,61],[16,24],[22,172],[39,-25],[43,34],[88,-30],[18,17],[15,111],[-74,37],[-24,59],[-27,-19],[-37,44],[13,90],[-19,44],[85,161],[-31,64],[42,4],[2,39]],[[32447,10957],[-32,-87],[-41,1],[-80,-102],[5,-92],[-54,8],[-30,-52],[-40,-34],[-42,20],[2,-93],[37,-75],[-56,-15],[-19,43],[-33,3],[-90,-31],[10,-61],[-44,-45],[-38,11],[-34,-24],[-118,-42],[-34,3],[-44,96],[-53,-46],[-48,-1],[-96,-28],[-12,22],[-56,-11],[-88,-40],[-58,20],[-99,-24],[-4,99],[135,58],[66,5],[-12,47],[214,94],[57,-2],[11,51],[-11,42],[44,14],[-21,113],[60,23],[30,-77],[25,-4],[127,-127],[69,76],[9,27],[72,38],[90,74],[19,57],[39,14],[112,75],[105,13],[49,-34]],[[38681,10954],[-42,-27],[-17,-57],[26,-38],[-112,-123],[-51,7],[4,-52],[-59,-17],[-69,83],[-59,-48],[0,-78]],[[38302,10604],[-119,-14],[-38,11],[4,-63],[-78,34],[-34,87],[-38,-8],[-71,30],[-44,116],[-55,69],[-45,12],[-51,75],[-65,-7],[-54,103],[29,46],[55,-28],[161,-26],[5,66],[95,-4],[67,27],[13,-25],[50,-9],[57,-31],[29,46],[110,-21],[49,-20],[46,-41],[97,-34],[46,69],[117,14],[-1,-34],[47,-15],[-5,-75]],[[33824,13675],[93,-25],[83,-55],[-11,-37],[32,-33],[38,15],[76,-54],[37,29],[27,64],[21,5],[61,-35],[27,20],[79,-15],[-31,-58],[-3,-77],[44,1],[-20,-130],[-38,12],[-36,-88],[-44,30],[-39,-14],[-44,27],[-24,-70],[-57,-1],[-86,-59],[-6,-31],[-65,14],[-35,-18],[-38,12],[-86,-63],[-59,41],[-101,15],[-11,34],[-108,16],[6,51],[-50,25],[-1,55],[142,14],[-2,24],[80,22],[-7,73],[-35,22],[34,97],[9,73],[47,49],[12,58],[40,5],[49,-40]],[[37073,13208],[-9,-52],[50,-63],[-4,-54],[-30,-53],[10,-55],[-43,-22],[-49,9],[-65,-83],[39,-5],[38,55],[17,-40],[43,-10],[87,29],[2,-50],[62,-17],[37,-49],[43,21],[25,-56],[-28,-52],[8,-47],[-84,-55],[18,-38],[-13,-61],[63,-21],[30,-43],[38,6],[18,-34],[-33,-103],[45,-28],[4,-38]],[[37392,12199],[-2,-60],[-25,-42],[-24,-133],[-41,-9],[-82,27],[-114,-136],[-67,3],[-15,18],[-68,2],[-25,-21],[-109,54],[-20,-83],[-59,-49],[-81,3],[-16,-62],[-49,-91],[-5,-103],[-19,-33],[45,-74],[-40,-30],[-1,-37],[47,-35],[-16,-33],[-53,-17],[12,-31],[-25,-40],[-30,8],[-12,55],[-89,-41],[-98,36],[-25,-29],[-72,30],[-37,-152],[33,-24],[-39,-40],[-38,34],[-51,5],[-27,-36]],[[36055,11033],[-53,80],[-39,-9],[-44,18]],[[35919,11122],[-55,32],[-66,111],[35,63],[-12,113],[-51,30],[-36,-21],[-35,61],[-27,-46],[-65,14],[-3,56],[-41,13],[-47,-18],[-70,60],[-89,-27],[-9,85],[-41,60],[-68,-35],[-76,162],[-31,21],[-55,102],[-31,30],[2,44],[48,25],[47,1],[-30,126],[-37,-6],[-89,54],[-37,59],[-33,145],[23,69],[4,63],[-32,1],[-31,69],[9,32]],[[34890,12670],[9,103],[-82,68],[48,84],[49,29],[4,36],[82,-70],[106,-46],[70,8],[98,68],[45,66],[-28,102],[23,19],[-46,93],[19,49],[32,10],[-40,56],[-20,90],[31,51],[55,21],[98,62],[12,46],[-66,51],[40,53],[-31,37],[23,79],[-24,50],[29,41],[94,7],[13,36]],[[35533,13969],[51,-80],[62,-75],[89,3],[94,41],[13,-39],[-36,-43],[26,-24],[44,12],[17,145],[83,34],[77,-27],[78,9],[81,-61],[12,-49],[-2,-97],[-68,-31],[73,-122],[70,-32],[13,-52],[31,-27],[40,-72],[130,-32],[66,30],[88,-15],[40,53],[67,-37],[40,-45],[66,-45],[45,-7],[3,-38],[40,-17],[44,65],[59,-19],[4,-67]],[[37073,13208],[44,16],[51,-53],[43,-10],[120,32],[30,138],[97,-39],[37,0],[25,60],[-2,95],[-27,21],[40,66],[-28,79],[46,53],[32,68],[-72,102],[18,63],[-30,40],[20,58],[52,-15],[36,11],[46,-69],[70,16],[32,-38],[73,117],[68,40],[31,58],[6,70],[31,21],[90,-43],[11,22],[129,-7]],[[38192,14180],[40,-23],[8,-39],[38,-7],[47,-49],[87,-30],[46,-65],[72,-25],[4,-27],[57,-56],[64,7],[-12,153],[6,70],[45,-2],[67,44],[39,-5],[33,-43],[69,-10],[31,28],[48,-36],[16,33],[49,-14],[34,-52],[-8,-78],[75,-92],[80,60],[47,-18],[-42,-64],[79,-111],[18,-73],[69,-194],[26,9],[47,-35],[10,-85],[82,-13],[75,27],[68,-29],[57,39],[16,34],[39,-15],[-5,-46],[33,-33],[35,-74],[-3,-71],[25,-29],[16,-64],[36,-76],[-4,-26],[48,-34],[25,15],[68,-35],[0,-38],[29,-48],[-12,-24],[99,-150],[-29,-95],[-29,-36],[47,-59],[91,-26],[41,-1],[-14,-64],[-70,-55],[-19,-206],[-36,-18],[-79,-131]],[[40111,11970],[-65,48],[-24,44],[-41,-10],[-2,-39],[-59,-61],[-32,42],[-30,-10],[-45,47],[-34,-2],[4,-56],[-48,-42],[26,-47],[16,-73],[-65,-69],[-42,50],[-109,-12],[-29,-33],[-111,-26],[-67,28],[-29,36],[-144,-73],[-112,9],[-18,47],[-72,19],[-15,52],[-45,-4],[-34,23],[-21,87],[-70,14],[-40,24],[1,30],[-41,57],[-47,-2],[-49,29],[-21,-53],[-30,-17],[-44,16],[-120,-47],[-54,24],[-79,183],[-38,122],[-66,-9],[-25,31],[-44,-12],[-40,24],[-34,-58],[-77,22],[-83,-15],[1,-98],[-38,-55],[-111,67],[-66,-45],[-63,-65],[-43,6],[-27,41],[-124,40]],[[28999,13943],[-13,70],[46,37],[21,108],[59,55],[-45,92],[5,110],[70,-34],[12,15],[82,-12],[16,40],[53,55]],[[29305,14479],[9,-25],[106,21],[33,50],[46,-18],[3,-54],[41,17],[27,-24],[64,-14],[26,-129],[26,33],[53,-27],[-29,-34],[117,-29],[32,-38],[47,50],[27,-4],[9,77],[67,84],[42,86],[92,19],[200,2],[-1,-60],[69,-44],[61,36],[34,-107],[37,-61],[46,-44],[23,-48],[-79,-34],[46,-73],[19,26],[80,-69],[-7,-68],[-36,-1],[-19,-37],[43,-42],[73,19],[39,52],[49,-6],[40,65],[56,16],[35,-19],[8,-64],[138,2],[31,62],[50,-34],[37,-69],[38,11],[21,-54],[101,-9],[61,-44],[-26,-47],[30,-65],[60,3],[-67,-109],[20,-64],[72,29],[56,-1],[-8,-69],[63,-2],[-24,-132],[85,-12],[-14,-155],[-53,22],[-69,-54],[-25,-60],[1,-96],[23,-20],[4,-50],[-21,-35],[28,-103],[5,-91],[-60,-105],[18,-88],[-15,-65]],[[31519,12455],[-32,-25],[-40,-135],[-35,-21],[-38,40],[-84,14],[-105,3],[-134,-53],[-67,13],[-11,-83],[-50,-5],[-8,-47],[-41,-52],[-84,-43],[-35,20],[-29,-57],[-26,-9],[-50,-68],[-26,18],[-47,-25],[-15,-63],[-38,-22],[-52,3],[-19,-90],[57,-58],[-25,-124],[-64,-13],[17,-103],[34,-84],[2,-52],[-28,-81],[59,-1],[-19,-97],[58,-91],[-32,-12],[-14,-56],[61,-18],[-11,-51],[24,-22]],[[31519,12455],[78,-25],[76,-1],[37,-25]],[[31710,12404],[65,-33],[29,4],[56,-33],[21,-75],[36,14],[55,-49],[20,38],[37,-39],[100,-70],[21,2],[14,-86],[130,-8],[68,-20],[40,64],[-11,42],[60,53],[74,8],[23,31],[28,-114],[43,-69],[73,-29]],[[32692,12035],[2,-70],[79,-92],[-14,-29],[31,-102],[43,-20],[45,17],[57,-7],[46,-68],[5,-54],[-22,-54],[36,-28],[19,-120],[-117,-29],[21,-61],[-44,-12],[-5,-46],[-38,-4],[-11,-35],[15,-67],[54,-62],[14,-57],[-92,-23],[12,-108],[-41,-47],[4,-66],[61,-18],[30,-32],[24,37],[43,-29],[33,-67],[35,9],[29,-48],[-8,-98],[61,-51],[9,58],[36,4],[88,67],[18,51],[94,19],[127,-15],[61,-20],[65,-100],[-44,-38],[-20,12],[-43,-61],[-3,-57],[38,-41],[5,-38],[66,-9],[0,-102]],[[33596,10224],[-9,-45],[-40,5],[-46,-59],[-44,7],[-51,-46],[25,-93],[-3,-49],[32,-121],[-20,-46],[13,-125],[20,-36]],[[38302,10604],[54,-79],[6,-38],[-27,-44],[8,-52],[51,-74],[-48,-183],[-56,-162],[-22,-48],[-25,-99],[43,-92],[22,-101],[-83,-205],[-15,-53],[-11,-125],[-22,-69],[-30,-43],[-202,-155],[-75,-107],[-141,-162],[-323,-214],[-58,-18],[-296,23],[-73,-10]],[[36979,8494],[-25,93],[6,48],[-84,69],[-28,40],[14,87],[-106,84],[-26,-17],[-39,31],[-21,-33],[-80,39],[-38,45],[-21,73],[-32,44],[49,117],[-4,37],[42,39],[27,-3],[117,58],[79,5],[29,31],[22,76],[51,12],[36,-17],[21,38],[-14,78],[-95,42],[-6,50],[-45,8],[-49,61],[-80,39],[3,170],[-21,34],[0,102],[-28,28],[-52,12],[-65,-6],[23,107],[25,58],[-20,41],[46,248],[-43,47],[-55,-33],[-21,72],[-99,-10],[-17,-33],[-53,8],[-68,-39],[-52,-49],[-10,-40],[-49,-27],[-36,22],[-12,60],[11,50],[62,43],[53,73],[-37,95],[14,56],[-37,34],[-64,-33],[-75,63],[53,112]],[[40111,11970],[33,-42],[37,6],[6,-53],[48,-30],[84,7],[-14,-58],[-103,-1],[1,-58],[27,-121],[-28,-179],[49,-64],[15,-121],[-5,-74],[-93,-116],[-27,-52],[-2,-50],[28,-63],[-34,-93],[-50,-13],[-51,-79],[-64,-68],[-39,94],[-31,-14],[-20,-56],[24,-46],[-56,-61],[24,-37],[2,-60],[-16,-34],[-54,-19],[-39,-108],[-105,35],[-44,49],[-72,50],[-105,47],[-48,116],[-67,31],[-72,12],[-62,50],[-72,77],[-38,-1],[-61,-82],[-80,34],[-110,102],[-59,80],[-87,47]],[[35533,13969],[-68,110],[16,71],[-38,113],[-60,53],[-73,89],[-43,15],[-81,123],[-15,78],[-23,40],[-31,3],[14,65],[-12,58],[-57,66],[-7,90],[-38,26],[40,44],[-38,63],[-12,71],[-52,49],[4,69],[-47,33]],[[34912,15298],[-21,24],[16,73],[58,6],[39,67],[42,-64],[-4,-46],[126,59],[51,-25],[40,66],[76,-11],[59,-25],[81,65],[98,-84],[105,32],[-31,111],[21,38],[98,-69],[47,-5],[30,71],[32,23],[47,79],[136,-30],[48,30],[51,-34],[61,11],[66,-30],[44,3],[46,-50],[42,-24],[16,-61],[-3,-78],[86,-56],[67,-19],[38,-48],[68,-24],[71,0],[5,128],[65,90],[58,14],[31,75],[-26,72],[57,133]],[[36949,15785],[30,-77],[-34,-168],[64,-79],[116,-103],[155,-70],[96,33],[106,24],[65,-16],[119,-117],[56,-32],[13,-29],[89,-68],[13,-55],[39,-28],[49,-81],[31,-11],[29,-78],[83,-34],[25,-27],[1,-52],[-24,-34],[36,-30],[17,-88],[-14,-85],[45,-109],[-36,-73],[4,-58],[70,-60]],[[33596,10224],[70,-81],[-40,-7],[40,-74],[58,10],[2,-32],[68,4],[41,26],[-1,69],[41,36],[-37,64],[-29,95],[33,71],[48,-69],[88,-1],[-8,44],[62,-2],[46,-29],[125,-56],[30,-113],[-54,-16],[6,-114],[20,-4],[65,48],[6,35],[80,-12],[-4,44],[56,46],[25,74],[62,-13],[45,12],[-26,102],[93,-17],[57,27],[7,37],[-34,40],[11,85],[21,34],[64,-42],[-5,-35],[88,36],[43,-42],[39,19],[20,37],[-43,108],[18,39],[21,130],[9,109],[77,79],[108,4],[39,17],[63,-34],[-12,-43],[88,-14],[-8,99],[16,34],[49,-19],[109,6],[68,-20],[7,-40],[85,64],[21,91],[140,-93],[76,42],[70,3]],[[36979,8494],[-197,-111],[-57,-24],[-73,-6],[-114,7],[-88,-35],[-61,-56],[-210,-89],[-45,-55],[-33,-73],[-182,-217],[-57,-48],[-58,-21]],[[34890,12670],[-56,11],[-102,-77],[-36,-100],[-82,-77],[-28,5],[-5,-62],[-23,-29],[-56,6],[-10,-35],[-54,-36],[-51,58],[-39,-19],[-14,-86],[-24,-24],[-48,17],[-58,-6],[-37,-64],[-100,-8],[-25,-90],[-69,27],[-31,-4],[-112,30],[-43,-22],[-42,-96],[-34,14],[35,124],[-30,58],[-6,61],[-102,107],[-84,21],[-82,-10],[-38,-52],[-91,22],[-9,-98],[-36,54],[-34,83],[-27,27],[-37,-22],[-29,17],[-108,-69],[-29,-49],[-57,-40],[31,-34],[22,-57],[-79,-15],[-7,48],[-70,-18],[-76,-97],[-49,3],[-27,-32]],[[31710,12404],[-35,45],[7,69],[40,11],[147,69],[42,66],[84,-35],[15,108],[80,-14],[81,87],[34,187],[66,-56],[57,48],[5,75],[-30,68],[54,53],[48,-146],[62,39],[53,-35],[36,29],[-11,72],[70,66],[57,-8],[13,-44],[103,-9],[54,-65],[66,-11],[64,34],[16,51],[80,58],[92,105],[50,10],[5,49],[-43,28],[14,103],[46,-5],[-6,45],[25,28],[11,63],[60,14],[4,33],[-39,38],[-7,76],[-31,6],[17,151],[54,42],[-4,56],[-77,50],[27,88],[46,7],[128,-68],[60,50],[-29,110],[8,107],[21,27],[11,67],[-48,51],[-14,64]],[[33449,14611],[-33,37],[15,46],[52,22],[7,50],[48,44],[-14,42],[45,7],[58,-46],[66,11],[34,87],[-11,54],[51,72],[91,47],[37,-5],[28,33],[75,11],[48,62],[23,-27],[59,10],[36,31],[113,2],[32,-25],[20,82],[72,-27],[51,-43],[93,14],[37,31],[109,62],[40,38],[25,-34],[89,-32],[67,31]],[[30402,18449],[36,-67],[26,-84],[-2,-73],[30,-45],[96,2],[-16,-97],[19,-26],[-38,-50],[-56,-27],[-8,-46],[-49,-49],[-51,38],[-50,-49],[-20,-42],[-108,-9],[-13,-64],[-94,66],[-7,53],[-51,-14],[-50,15],[-66,-7],[-18,50],[15,79],[-30,13],[51,101],[-38,45],[-4,34],[76,56],[111,-39],[80,48],[58,-23],[33,54],[-33,15],[8,73],[48,-7],[54,25],[11,55],[50,-4]],[[31692,14978],[37,-62],[-17,-55],[0,-56],[52,-41],[-3,-29],[96,13],[8,-70],[-13,-48],[16,-35],[-31,-25],[-7,-64],[69,-38],[67,-56],[17,-143],[-76,-152],[-108,52],[-45,-47],[-87,-51],[-16,48],[-31,25],[-90,-73],[-18,51],[-46,-21],[-61,31],[-58,197],[-44,37],[-76,-15],[-53,81],[80,115],[-63,90],[23,11],[76,119],[30,-114],[110,-35],[56,26],[40,50],[-17,56],[1,77],[14,38],[85,45],[42,-14],[45,19],[-4,63]],[[31729,20231],[66,-43],[63,14],[109,-56],[38,-113],[85,15],[25,-24],[41,11],[1,-110],[120,-69],[50,-1],[31,-94],[-47,-53],[19,-58],[-59,-61],[-65,1],[21,60],[-61,97],[-82,94],[-24,-21],[-11,-56],[-82,0],[-40,79],[-28,1],[-53,-66],[-44,-123],[-41,-20],[-10,-33],[17,-58],[-33,-16],[-16,-52],[-59,14],[-49,37],[14,89],[-24,57],[-93,-4],[11,95],[-55,34],[-25,44],[22,44],[-85,27],[72,107],[4,53],[-52,45],[25,47],[73,-13],[24,13],[79,-54],[10,52],[37,25],[38,62],[43,-19]],[[29158,20654],[46,-32],[-14,-31],[52,-32],[17,-136],[-14,-43],[30,-74],[62,-81],[-6,-50],[-52,-8],[-1,-56],[-33,-44],[3,-44],[65,-79],[-50,-24],[11,-146],[-22,-54],[-37,-5],[14,-66],[-23,-66],[77,-24],[40,-33],[134,-12],[16,41],[63,1],[60,-40],[97,10],[28,15],[18,52],[52,32],[70,12],[50,88],[44,29],[38,-16],[69,23],[73,-50],[42,-49],[44,6],[177,-57],[74,46],[70,12],[40,28],[22,-57],[97,8],[-3,39],[198,-32],[37,-152],[-61,-47],[20,-49],[60,4],[39,-63],[-53,-51],[29,-79],[-19,-81],[57,-29],[17,18],[144,14],[23,-46],[34,30],[73,23],[70,-12],[5,-104],[40,-3],[38,-29],[75,-9],[13,47],[43,-12],[49,-45],[-1,-61],[-18,-28]],[[31610,18891],[-38,-29],[-87,-8],[-26,-32],[12,-57],[-79,-35],[9,-90],[29,-18],[23,-54],[50,-70],[9,-56],[-73,-78],[-68,-10],[1,59],[-28,38],[-27,-34],[-53,32],[-32,-19],[-52,0],[12,-100],[24,-80],[-16,-46],[34,-34],[-9,-87],[-28,-115],[0,-58],[-113,10],[-167,49],[5,-87],[67,-117],[34,-16],[36,-48],[-36,-53],[13,-45],[33,-12],[67,49],[128,-28],[26,-39],[-15,-55],[60,-71],[-26,-38],[15,-46],[-56,-95],[-35,-39],[-15,56],[-79,5],[-26,-60],[-102,19],[6,-46],[39,-13],[-43,-103],[14,-48],[-52,-8],[10,-42],[-91,-34],[-2,-71],[-35,-14],[21,-87],[32,-23],[-20,-60],[45,-20],[-164,-23],[-31,-14],[15,-46],[99,-61],[6,-57],[74,-20],[8,-24],[-149,-66],[-37,-26],[-25,-98],[22,-12],[9,-73],[-18,-36],[-51,55]],[[30693,16179],[-29,214],[-14,44],[14,39],[-72,92],[-173,72],[-102,70],[-89,7],[-45,-16],[-24,39],[-101,8],[-43,17],[-65,59],[-54,73],[-80,34],[-13,31],[-89,19],[9,54],[-103,111],[-35,20],[-33,-36],[-10,-76],[-39,-31],[23,-66],[-52,-10],[-76,50],[-83,-1],[-11,107],[-54,39],[-62,-7],[-38,55],[19,21],[2,66],[-20,72],[42,59],[-38,63],[40,50],[-94,97],[-33,20],[-77,-74],[-45,14],[-28,64],[-51,38],[-20,61],[19,47],[-49,36],[-28,-3]],[[28789,17821],[-3,116],[84,130],[36,39],[8,41],[49,61],[20,70],[-36,20],[17,65],[-48,11],[-66,44],[-26,53],[9,54],[-147,14],[-26,45],[57,55],[-5,150],[44,25],[-11,48],[-76,19],[-94,10],[-23,43],[72,86],[64,-7],[23,-24],[59,43],[-13,73],[62,17],[46,34],[-41,41],[25,64],[-22,38],[-43,6],[-34,47],[50,15],[3,58],[57,23],[82,-8],[54,44],[3,57],[-30,101],[-43,37],[-39,-28],[-15,56],[-46,69],[5,58],[48,20],[-73,121],[19,58],[-64,47],[-10,32],[66,20],[-27,38],[22,38],[-10,62]],[[28802,20270],[17,77],[-45,47],[25,42],[87,-61],[48,24],[46,46],[16,80],[-24,71],[75,16],[70,43],[41,-1]],[[33449,14611],[-22,-11],[-62,33],[-35,-14],[-42,23],[0,56],[-78,15],[-82,44],[103,67],[-9,62],[-47,27],[4,80],[-11,90],[9,32],[-68,53],[-71,24],[-90,-14],[45,-48],[-105,-51],[-95,19],[-51,-2],[-52,-21],[-36,22],[4,60],[32,31],[64,-9],[-4,54],[-29,62],[-59,-29],[-33,70],[-49,43],[4,33],[76,26],[-12,85],[-45,13],[-4,74]],[[32599,15610],[9,66],[33,-8],[27,129],[19,50],[-19,40],[43,20],[34,63],[-1,44],[37,52],[19,88],[66,13],[-20,75],[137,-4],[11,89],[-84,10],[-4,106],[21,54],[40,36],[90,-22],[11,13],[97,3],[-15,33],[11,71],[52,-14],[19,24],[69,-32],[80,3],[53,-25],[16,19],[8,76],[35,53],[-34,35],[13,70],[73,37],[62,89],[-143,30],[18,99],[-44,58],[17,50],[7,128],[78,101],[26,63],[-59,47],[-26,71],[56,66],[0,30],[82,-6],[35,38],[56,19],[59,-8],[27,43],[42,24],[-41,37],[-38,96],[10,31],[-27,49],[-54,24],[79,49],[7,66],[87,3],[88,42],[53,-8],[11,87],[35,-19],[69,18],[19,101],[89,3],[4,-41],[-31,-19],[34,-43]],[[34232,18295],[44,-55],[30,-10],[48,-148],[-12,-16],[13,-79],[-11,-38],[116,-68],[151,-13],[30,-89],[92,-34],[125,-125],[18,-102],[-16,-60],[53,-83],[44,-11],[26,-39],[-19,-33],[1,-59],[120,-54],[175,-8],[55,30],[46,-41],[100,-57],[51,-1],[-8,65],[-22,28],[-4,58],[43,3],[91,-20],[67,-42],[55,10],[40,-21],[57,7],[43,-53],[71,-22],[20,-34],[60,-49],[13,-36],[68,-64],[32,-54],[93,-9],[8,-138],[-25,-72],[42,-125],[81,9],[42,-39],[-3,-58],[19,-27],[61,-29],[37,8],[31,-58],[10,-53],[-15,-39],[41,-35],[96,-49],[8,-38],[-24,-95],[37,-34],[61,-18],[61,-58],[46,-69],[58,-58],[46,-9]],[[27919,15000],[-39,80],[-55,26],[-72,-14],[45,82],[-34,140],[-90,-5],[-62,10],[-5,75],[-27,22],[46,107],[-17,49],[1,72],[-74,16],[-10,38],[28,125],[-41,31],[-94,46],[-88,12],[10,60],[-28,35],[-15,90],[148,-5],[54,-27],[45,-3],[36,26],[-83,110],[-47,101],[49,69],[-36,53],[-35,23],[-58,3],[-43,97],[41,24],[51,-26],[26,19],[-60,51],[-95,4],[-78,-35],[-37,55],[-165,-17],[-12,27],[57,82],[-3,42],[-80,-25],[-59,71],[6,55],[71,9],[88,82],[53,-13],[68,-60],[39,19],[1,61],[-61,31],[39,44]],[[27218,17044],[125,-24],[24,-51],[70,-27],[58,2],[9,-36],[67,-3],[53,-50],[31,46],[49,28],[17,38],[59,18],[36,69],[58,-14],[31,23],[33,120],[-68,55],[6,83],[37,-25],[46,7],[28,62],[37,31],[-33,42],[106,25],[-13,60],[45,52],[-18,32],[73,21],[24,70],[94,61],[-13,34],[-46,-18],[-9,116],[54,42],[14,-81],[17,-8],[66,44],[25,-3],[43,-53],[87,-35],[78,-16],[65,-30],[88,31],[18,39]],[[30693,16179],[32,-52],[9,-92],[-32,-71]],[[30702,15964],[3,-61],[-66,3],[-67,-75],[-19,-47],[-80,16],[-46,-44],[-103,2],[-15,-80],[-25,-41],[-50,-40],[-74,72],[-29,-21],[-62,144],[-82,-79],[6,-83],[-46,-26],[-6,-86],[-100,-77],[-6,-51],[-78,-23],[-4,-53],[15,-88],[-47,-5],[-11,-38],[-106,-38],[-52,-34],[-38,24],[-35,-27],[21,-34],[-50,-86],[-28,21],[-44,-59],[80,-123],[-17,-38],[-59,-19],[-59,-156],[-18,-135]],[[29158,20654],[10,96],[47,28],[-15,162],[-15,32],[29,42],[101,11],[60,48],[23,-42],[70,-20],[39,29],[3,107],[38,-14],[83,9],[-16,67],[87,106],[65,-20],[89,27],[80,-28],[60,13],[36,51],[45,22],[29,-24],[77,-2],[24,62],[52,-11],[32,-34]],[[30291,21371],[16,-74],[42,-46],[-38,-31],[37,-53],[144,-142],[59,-16],[19,-30],[97,91],[32,12],[43,-49],[37,-7],[140,78],[35,53],[42,-31],[55,-8],[69,-88],[34,-113],[-70,26],[-35,-36],[39,-47],[39,33],[128,-34],[44,79],[59,-57],[62,-33],[52,16],[2,44],[55,83],[-26,21],[-2,84],[75,73],[122,-5],[64,143],[103,37],[46,26],[36,-68],[58,-43],[-28,-33],[29,-40],[-16,-63],[48,-40],[59,-18],[-37,-35],[20,-43],[119,9],[-5,-98],[15,-31],[14,-126],[96,-32],[47,-29],[105,64],[42,-4],[31,-36],[70,-34],[41,17],[6,-49],[60,-2],[43,21],[39,47],[52,26],[59,10],[47,-55],[-4,-32],[30,-55],[70,38]],[[33057,20636],[-4,-38],[26,-50],[2,-69],[35,-60],[63,-15],[17,-79],[57,-126],[27,-27],[60,-3],[28,-22],[106,-46],[6,-50],[100,-22],[46,21],[38,-8],[2,-63],[39,-98],[-37,-57],[18,-50],[-42,-71],[57,-61],[-32,-40],[29,-129],[40,-1],[50,27],[74,-15],[-18,-55],[33,-58],[3,-81],[65,-82],[-31,-143],[16,-80],[32,-31],[37,-84],[30,-27]],[[34029,18843],[-54,-6],[-33,56],[-53,30],[-16,-46],[-71,31],[-11,-60],[-91,-66],[-129,108],[-66,-24],[-33,17],[-9,52],[-50,-39],[-2,-48],[-26,-22],[-74,-14],[6,-60],[-41,-66],[-85,-23],[13,70],[-87,25],[-49,-14],[-38,-88],[-112,16],[-38,-33],[-96,-45],[39,-27],[-31,-42],[-36,12],[-28,51],[-52,20],[-47,-4],[-71,47],[-42,-12],[-17,32],[37,41],[17,80],[-96,7],[-33,58],[-57,-43],[-26,6],[6,65],[-31,38],[-51,-7],[-1,55],[-27,56],[33,88],[-63,34],[-3,34],[-116,30],[-53,27],[-51,-6],[-25,-65],[1,-89],[-53,-33],[-65,15],[-48,-24],[-16,24],[-101,-62],[-11,-32],[38,-62],[-94,-15]],[[30702,15964],[65,-7],[5,-43],[29,-38],[81,-5],[59,-22],[35,35],[48,6],[14,-44],[46,-56],[-32,-33],[-29,-67],[28,-19],[113,-4],[47,29],[42,66],[83,-15],[-15,-46],[72,-111],[61,-6],[54,-48],[35,45],[11,78],[98,33],[-3,51],[58,57],[62,15],[23,34],[5,70],[-28,112],[88,94],[35,54],[47,17],[26,-120],[21,-39],[-16,-43],[65,-146],[52,-1],[90,-50],[26,-78],[-22,-38],[59,-82],[44,57],[72,-19],[50,17],[27,-58],[24,25],[-25,60],[13,36],[40,7],[41,-55],[73,-59]],[[34029,18843],[-26,-31],[66,-50],[136,-46],[11,34],[43,-7],[26,-60],[-3,-101],[-19,-98],[19,-35],[1,-86],[-27,-11],[-24,-57]],[[30291,21371],[37,43],[-55,54],[-47,82],[18,56],[-32,33],[76,56],[5,51],[-74,8],[2,45],[-56,1],[-19,56],[57,-4],[4,73],[-57,182],[-32,-40],[-39,31],[37,79],[-38,18],[-2,127],[50,10],[95,-19],[136,0],[12,39],[50,23],[94,11],[26,79]],[[30539,22465],[51,-69],[109,20],[185,65],[27,19],[54,-12],[123,5],[44,25],[37,-15],[47,23],[61,-48],[102,123],[49,-33],[-12,-50],[82,-62],[75,3],[58,66],[101,28],[34,-21],[18,49],[197,63],[46,49],[17,86],[-20,54],[1,78],[40,16],[181,6],[53,95],[31,19],[16,77]],[[32346,23124],[58,24],[45,-49],[90,27],[59,-26],[42,-56],[49,-138],[44,64],[52,-29],[10,-42],[90,-115],[41,16],[20,-44],[94,-37],[22,-37],[54,-3],[55,-35],[56,-14],[-19,-120],[148,87],[34,-16],[46,-101],[68,8],[48,-81],[-28,-18],[-17,-93],[-46,-2],[-55,-78],[0,-33],[40,-77],[81,10],[-7,-31],[97,-46],[42,2],[105,-31],[32,-32],[18,-92],[-3,-54],[-54,-95],[-22,-3],[-69,-76],[-17,-111],[-40,-82],[-65,-12],[1,-160],[-78,34],[-49,-68],[17,-70],[-15,-83],[-46,-41],[31,-64],[-26,-58],[44,-56],[-35,-27],[-323,-195],[-8,-29]],[[25546,22034],[46,-16],[76,-89],[31,-69],[22,-83],[5,-171],[-27,-35],[21,-51],[0,-75],[-70,-13],[-45,-30],[-9,-69],[-220,110],[-8,23],[-75,80],[-82,67],[-61,-8],[-27,48],[8,74],[-42,70],[87,48],[20,35],[-88,51],[60,19],[86,-4],[46,-33],[60,19],[33,50],[71,4],[82,48]],[[28925,22440],[36,-26],[81,-27],[109,-3],[90,32],[21,-61],[-68,-73],[52,-35],[104,-108],[4,-57],[-79,27],[-78,-39],[-77,-79],[-19,-75],[32,-60],[-50,-47],[-3,-61],[-44,20],[-32,-43],[-43,34],[-23,-24],[-50,11],[-41,-27],[-74,31],[-1,73],[31,19],[3,52],[-32,6],[-54,77],[-46,30],[-39,-12],[4,104],[-37,25],[-53,63],[-70,2],[4,88],[43,38],[23,-40],[126,38],[67,60],[123,72],[60,-5]],[[25716,25099],[50,9],[35,-61],[102,1],[37,-23],[-72,-51],[24,-41],[36,8],[68,-30],[35,-60],[82,16],[23,31],[75,12],[63,-70],[-73,-46],[-66,-26],[-19,-61],[-98,-17],[-79,-64],[21,-56],[-44,-13],[-29,-76],[-32,-3],[-26,57],[-6,68],[-57,60],[-77,-2],[-34,-38],[-51,33],[-72,-28],[-111,90],[24,35],[91,-9],[31,50],[-18,71],[-47,5],[-84,129],[74,13],[79,71],[72,-17],[35,37],[38,-4]],[[30420,25576],[60,-64],[81,39],[54,-13],[33,-77],[31,30],[86,8],[32,-28],[22,-67],[49,-38],[-6,-34],[22,-73],[-80,-10],[8,-44],[-49,-19],[-49,-41],[-13,-37],[0,-105],[-94,-91],[-38,-52],[-68,9],[-60,-9],[1,49],[-48,19],[-59,79],[-62,-7],[-58,22],[0,52],[-60,36],[-57,68],[-41,18],[-2,44],[119,76],[21,-62],[97,34],[42,47],[26,-22],[61,40],[4,37],[-28,54],[23,132]],[[25385,23412],[36,-45],[-23,-54],[-7,-70],[-21,-61],[72,-61],[-4,-47],[36,-36],[-48,-94],[48,4],[34,35],[38,5],[68,-43],[24,76],[60,-3],[97,-53],[73,13],[48,-38],[21,-54],[-49,-80],[101,-36],[35,7],[8,52],[46,53],[69,-39],[53,0],[99,102],[22,-19],[68,29],[38,-23],[101,77],[48,0],[17,32],[101,-37],[82,39],[8,34],[91,46],[31,-7],[42,-44],[-17,-69],[-87,-86],[-99,-13],[-32,-87],[53,-32],[55,-12],[34,12],[61,58],[25,-49],[-52,-52],[44,-35],[65,29],[45,35],[56,-53],[-15,-43],[75,-49],[-1,-37],[56,-36]],[[27214,22553],[-10,-86],[-37,-45],[-93,-5],[-19,-43],[7,-44],[-37,-42],[-69,-29],[-7,-48],[80,-36],[27,-61],[-21,-26],[1,-66],[-30,-39],[-13,-65],[-40,-35],[-50,6],[3,-50],[37,-24],[25,-61],[-38,-63],[38,-36],[136,-59],[44,8],[24,-39]],[[27172,21565],[24,-52],[-77,-16],[-9,-39],[44,-41],[-25,-79],[11,-47],[-41,-20],[-104,31],[-71,0],[-10,-26],[-61,-27],[-29,29],[3,73],[-54,-9],[-91,11],[-17,-41],[-59,-19],[-51,20],[-42,-9],[-23,-43],[0,-115],[-19,-61],[3,-55],[-84,-34],[6,-34],[-47,-36],[-44,14],[-89,-1],[-28,-26],[-92,-33],[-78,-53],[-38,23],[-68,14],[-22,-38],[-41,-19],[0,-39],[-73,-34],[-41,47],[-98,26],[-25,-25],[-12,-63]],[[25600,20719],[-50,66],[58,45],[-50,35],[-38,-37],[-207,-93],[33,-30],[6,-75],[-56,-16],[-54,25],[-102,-49],[-55,-59],[-11,-43],[-93,-22],[-25,77],[-84,128],[-39,39],[-55,1],[-35,40],[-41,1],[-94,96],[-82,32],[3,-64],[-95,-38],[-98,-93],[-28,-64],[45,-34],[37,-4],[20,-52],[73,3],[-19,-109],[-85,2],[-13,-34],[-68,-16],[-1,-29],[-78,-22]],[[24219,20326],[-60,96],[-21,73],[-39,-29],[-131,29],[-23,22],[-56,3],[-64,56],[-83,11],[-44,27]],[[23698,20614],[18,87],[-6,32],[-73,10],[-16,97],[-37,5],[16,83],[-59,24],[-20,54],[-49,-63],[-59,-31],[-28,-44],[-59,-8],[-54,23],[11,48],[32,25],[36,73],[-103,21],[-70,91],[2,24]],[[23180,21165],[30,77],[32,32],[-97,90],[37,77],[17,127],[34,66],[74,-13],[83,-38],[66,-9],[9,43]],[[23465,21617],[93,-10],[100,3],[35,49],[24,-38],[21,-80],[32,-7],[72,41],[-27,-73],[64,-34],[21,98],[65,37],[8,-37],[-38,-53],[-7,-72],[121,42],[43,29],[14,79],[119,94],[-6,31],[44,20],[30,-40],[40,11],[37,-21],[50,42],[-38,55],[42,44],[38,16],[-55,71],[27,49],[111,66],[-10,52],[77,28],[26,68],[30,32],[-55,34],[-39,54],[35,29],[117,1],[33,49],[-2,44],[-39,28],[-24,84],[-38,39],[81,24],[41,48],[2,108],[-65,10],[7,70],[95,17],[-3,97],[19,54],[81,32],[72,-80],[49,-1],[42,23],[33,50],[36,118],[-14,48],[7,54],[38,27],[79,-20],[19,72],[-15,79]],[[25260,23401],[81,29],[44,-18]],[[28802,20270],[-23,-74],[20,-55],[-79,-24],[-10,-27],[107,-56],[-39,-70],[44,-104],[-29,-40],[8,-112],[-48,-49],[-44,21],[-94,22],[-50,34],[-28,-28],[-38,16],[-93,-58],[-43,-9],[-66,-40],[-23,-71],[-96,5],[-31,-18],[-9,-87],[-37,8],[-62,64],[-57,9],[-5,74],[-39,102],[-10,68],[-39,38],[-44,1],[30,63],[-42,2]],[[27833,19875],[-15,42],[-97,36],[82,28],[24,49],[45,31],[-34,69],[1,30],[-65,34],[51,62],[-38,48],[3,84],[27,54],[-12,34],[43,87],[62,49],[-1,93],[-33,38],[-4,49],[-60,8],[-1,33],[-50,12],[-4,59],[61,52],[5,53],[-48,37],[-48,9],[-49,46],[-89,-106],[-76,-8],[-42,33],[-1,45],[-53,54],[-15,54],[-34,40],[-66,131],[-2,71],[-32,37],[67,30],[-45,83],[-1,30],[-54,3],[-63,-33]],[[27214,22553],[41,34],[12,52]],[[27267,22639],[38,-64],[104,-36],[11,-73],[-47,-98],[59,-1],[46,-26],[92,-3],[7,-34],[125,-50],[9,-33],[90,-73],[62,-2],[6,-30],[48,-19],[21,77],[37,18],[-26,44],[24,82],[69,-15],[54,3],[44,23],[-38,76],[-30,15],[5,114],[125,29],[-12,-51],[42,-43],[92,24],[40,92],[33,20],[37,-45],[29,34],[58,-2],[34,36],[53,2],[29,56],[44,-4],[3,-48],[63,33],[18,28],[71,51],[54,-38],[91,82],[35,-7],[0,113],[57,30],[92,7],[-23,56],[50,24],[48,-25],[30,37],[-27,56],[-49,36],[-28,96],[46,31],[52,-29],[19,46],[166,120],[-41,18],[-15,137],[5,137]],[[29398,23673],[60,4],[46,70],[38,-85],[54,-30],[75,38],[64,-60],[88,41],[17,23],[65,-1],[-1,-37],[55,-46],[-27,-18],[27,-77]],[[29959,23495],[102,-48],[7,-55],[33,-49],[-79,-4],[-23,-66],[31,-48],[44,7],[116,-51],[3,-91],[54,-61],[43,-1],[59,-33],[27,-98],[-55,-14],[-9,-52],[85,-51],[10,-34],[55,-70],[48,-43],[-3,-54],[32,-114]],[[25260,23401],[-13,104],[14,96],[40,84],[13,87],[43,41],[-31,53],[-62,25],[-24,46],[-62,-14],[-22,-69],[-48,10],[-139,-7],[9,-48],[-142,74],[-17,132],[12,72],[31,16],[-6,149],[-76,96],[-4,26],[-54,34],[40,80],[-79,39],[-84,22]],[[24599,24549],[-16,88],[1,56],[29,35],[81,-33],[8,-44],[100,-14],[75,63],[82,24],[47,-91],[71,-24],[61,17],[59,45],[22,55],[-4,110],[-29,39],[5,46],[-71,-12],[-31,35],[-32,-6],[-81,22],[-7,101],[-42,28],[-96,-5],[-23,-17],[-42,47],[-15,45],[-89,100],[-25,-14],[-49,37],[-60,21],[-2,98],[66,43],[-5,73],[-35,22],[-25,116],[119,-6],[54,-40],[56,36],[12,61],[55,19],[59,109],[24,-25],[72,-25],[63,57],[16,-9],[53,64],[98,-19],[61,-22],[55,75],[26,-29],[47,-5],[-4,-40],[26,-60],[37,34],[63,8],[109,56],[65,-49]],[[25693,25845],[24,-46],[62,-75],[1,-50],[99,-117],[53,-23],[3,137],[73,-3],[50,-33],[94,-11],[-24,-39],[26,-83],[31,-4],[155,75],[35,-13],[46,114],[121,13],[29,-68],[-14,-45],[78,11],[21,-45],[117,-160],[0,-35],[-37,-42],[-44,-17],[-43,-42],[-15,-49],[7,-66],[51,-56],[14,-70],[52,23],[47,-45],[59,-10],[-9,-94],[73,12]],[[26928,24889],[45,-66],[15,-59],[-28,-33],[-83,-29],[44,-37],[26,-82],[-12,-51],[-57,-29],[18,-108],[-76,-44],[24,-41],[62,-14],[64,20]],[[26970,24316],[-38,-47],[-55,-94],[-101,29],[2,39],[-37,40],[-81,-45],[-68,23],[-36,-32],[-38,37],[-1,80],[-30,38],[-65,-39],[-81,37],[-65,-14],[-136,84],[-180,-28],[-66,-29],[12,-56],[77,-47],[31,-44],[-45,-75],[38,-62],[-169,-21],[-110,-32],[20,-69],[-41,-68],[-47,5],[-73,-59],[-13,-56],[36,-44],[93,-67],[5,-44],[-57,-82],[-102,58],[-39,-56],[-96,-15],[-51,-136],[22,-13]],[[27833,19875],[-80,-15],[-59,-62],[0,-42],[-40,-41],[-5,-86],[-122,-32],[-61,-57],[20,-43],[-59,-33],[-17,-99],[-25,-7]],[[27385,19358],[-72,20],[-34,-17],[-15,-66],[-74,14],[-52,-7],[-26,88],[-33,9],[-26,-46],[-34,-18],[0,-59],[-100,-48],[-62,-4],[-25,21],[-47,-23],[-98,15],[-76,-10],[-79,11],[-31,84],[-39,-9],[-50,24],[-60,118],[21,88],[-50,12],[-45,70],[-37,5],[-97,-97],[-51,17],[-13,38],[69,70],[37,-8],[30,106],[56,10],[-18,54],[-32,19],[-21,48],[47,98],[-56,-24],[-59,-44],[-66,-1],[-32,46],[7,54],[-26,13],[-67,-21],[-91,-1],[-44,64],[-53,11],[-135,80],[-9,81],[50,46],[76,-40],[36,41],[-72,23],[-37,87],[-46,-31],[-58,97],[4,52],[46,26],[17,69],[-48,78],[15,28]],[[29398,23673],[-55,1],[-14,-40],[-43,-38],[-45,45],[-23,55],[28,106],[57,10],[69,-34],[2,71],[52,51],[-17,84],[-40,-18],[-112,15],[40,66],[7,55],[99,20],[-40,59],[20,17],[-21,68],[3,59],[-85,11],[-6,67],[10,75],[20,25],[-24,45],[-52,11],[-85,-19],[-79,-35],[-70,0],[67,74],[-10,95],[-2,130],[89,16],[-31,31],[-78,12],[-109,-107],[-70,2],[-42,39],[-90,19],[-15,25]],[[28703,24841],[-23,84],[87,46],[59,64],[-31,41],[19,36],[-43,108],[-77,63],[-53,83],[38,38],[16,45],[-7,89],[20,63],[58,-9],[42,35],[90,35],[6,62],[-37,7],[-36,43],[73,64],[34,-16],[117,42],[-36,83]],[[29019,25947],[78,-86],[34,-12],[115,42],[128,19],[53,-12],[56,27],[12,29],[53,35],[49,-34],[44,3],[66,74],[85,-29],[-16,86],[92,-37],[38,58],[48,-27],[36,25],[112,-146],[31,-90],[43,42],[94,53],[77,-4],[15,38],[84,88],[105,11],[-2,20],[72,39]],[[30621,26159],[50,-26],[25,20],[42,-88],[53,-62],[-28,-43],[7,-46],[77,42],[51,-78],[30,-22],[-3,-83],[23,-20],[-28,-49],[18,-106],[-2,-57],[75,34],[19,-65],[66,-5],[39,-51],[30,13],[24,-90],[162,24],[79,-51],[41,48],[65,-121]],[[31536,25277],[103,-63],[25,-32],[-33,-64],[13,-60],[69,-67],[14,-66],[-60,-49],[-74,-18],[-66,-42],[17,-56],[-59,-27],[36,-50],[43,3],[13,-73],[91,-45],[94,-18],[66,-32],[11,-56]],[[31839,24462],[-57,-39],[-42,22],[-63,-46],[-49,24],[-140,33],[2,43],[-32,29],[-44,-59],[-115,-73],[-50,-83],[2,-64],[-58,-30],[-2,-56],[-90,-39],[-79,-70],[-42,27],[-4,65],[-33,63],[-49,-5],[-11,55],[-30,26],[-100,17],[-59,-31],[6,-62],[36,-73],[-48,-13],[23,-41],[-78,-31],[-2,-33],[-156,-132],[-30,-41],[1,-49],[-59,-15],[-18,-43],[-47,-44],[-44,-9],[-17,-58],[-37,4],[-84,-88],[-91,-36],[-33,19],[-57,-31]],[[26928,24889],[0,70],[40,101],[93,-63],[41,-58],[57,-16],[59,-56],[64,52],[-11,83],[7,43],[-37,29],[19,48],[53,28],[22,33],[-70,136],[30,19],[-6,104],[80,-16],[-55,133],[54,27],[38,42],[-27,60],[-15,111],[-20,37],[-39,16],[32,52],[-64,53],[16,22],[39,140],[-6,113],[-23,81],[-82,49],[40,63],[-12,56],[-35,53],[10,73],[49,28],[43,-18]],[[27312,26617],[100,48],[30,-44],[52,41],[17,35],[70,-2],[30,78],[-20,58],[22,41],[91,-1],[19,30],[-2,64],[85,-6],[32,20],[49,-19],[48,-43],[38,17],[66,-18],[73,4],[86,-126],[-25,-72],[-70,10],[-12,-20],[27,-60],[-37,-20],[14,-56],[-26,-57],[40,-57],[-21,-56],[7,-89],[101,-40],[54,-63],[43,-20],[18,30],[93,-5]],[[28404,26219],[0,-70],[30,-44],[-46,-136],[58,-39],[66,24],[15,-26],[65,-7],[9,-123],[36,-38],[37,41],[61,26],[27,-14],[63,38],[14,70],[22,35],[47,-7],[72,26],[39,-28]],[[28703,24841],[-83,-42],[17,-37],[-65,-2],[-103,-45],[-38,1],[-6,-43],[-51,-99],[-65,9],[-33,-32],[-49,-100],[-119,-82],[-17,-89],[44,-53],[16,-71],[-95,-33],[-43,-29],[-39,3],[-40,39],[-61,103],[-62,-50],[-19,-168],[-94,-52]],[[27698,23969],[-25,-8],[-171,39],[-25,-23],[-86,-7],[-42,50],[-89,34],[-26,44],[-5,69],[-127,3],[10,65],[37,68],[-38,30],[-41,-16],[-100,-1]],[[27267,22639],[-27,103],[12,32],[59,20],[38,-43],[51,82],[-8,50],[86,35],[27,48],[-51,49],[45,37],[33,74],[-22,41],[-40,124],[19,42],[120,0],[-21,45],[-60,78],[-48,30],[77,90],[54,-6],[44,66],[51,104],[57,-45],[16,65],[-29,37],[17,37],[-77,44],[8,91]],[[31839,24462],[6,-66],[70,9],[38,-113],[91,-87],[37,-166],[37,-5],[-24,-78],[-40,-68],[-44,-107],[12,-127],[27,-53],[-14,-35],[48,-77],[62,12],[62,-81],[59,21],[8,-38],[100,-113],[45,-16],[-72,-98],[-1,-52]],[[23866,17185],[37,-68],[54,-36],[81,-16],[62,-27],[50,-2],[73,-36],[9,-42],[-54,-52],[-1,-32],[-55,-21],[-24,-125],[-58,-6],[-10,-114],[37,-1],[8,-70],[101,-57],[-16,-63],[-35,-19],[20,-44],[-1,-51],[-134,17],[-34,50],[-34,-18],[-67,12],[-33,59],[-64,19],[-74,63],[-25,-26],[-92,44],[-60,-41],[-49,12],[-8,50],[-27,12],[-136,6],[-8,25],[-92,126],[55,22],[-1,42],[63,-8],[29,-26],[78,22],[-27,116],[-40,6],[-43,45],[-16,117],[115,20],[59,-30],[59,3],[19,-37],[68,113],[69,43],[80,2],[25,23],[67,-1]],[[26117,18786],[-35,21],[-169,20],[-7,-29]],[[25906,18798],[-66,35],[-17,-52],[-26,-12],[-107,18],[-56,-8]],[[25634,18779],[-6,31]],[[25628,18810],[22,82],[-16,24],[10,97],[-69,-14],[-31,62],[44,63],[-7,139],[8,107],[-28,100],[25,22],[-26,95],[47,114],[71,-51],[5,-31],[50,-10],[44,-94],[45,-5],[17,-51],[69,-23],[36,49],[47,-20],[-5,-39],[63,-13],[28,42],[46,-10],[37,-34],[58,-21],[-11,-102],[-58,-65],[-10,-157],[17,-71],[-7,-112],[17,-30],[-49,-67]],[[25906,18798],[37,-13],[0,-79],[24,-108],[72,-37],[55,-8],[-7,-78],[-48,-31],[28,-48],[35,-97],[-8,-40],[-55,-27],[-24,-42],[-8,-81],[-67,-41],[15,-84],[-35,-18]],[[25920,17966],[-29,77],[-70,79],[-39,20],[-144,9],[-79,40],[-33,-14],[-28,44],[25,53],[-43,24],[-8,98],[-41,42],[54,51],[11,52],[58,22],[78,-12],[-10,72],[16,92],[-4,64]],[[27317,17993],[34,-126],[33,-66],[-89,-2],[-33,131],[-36,29],[38,30],[53,4]],[[26117,18786],[52,-39],[65,-4],[84,-60],[-18,-25],[-10,-126],[170,-30],[-7,54],[88,64],[34,-21],[30,-169],[86,-41],[41,-81],[-4,-53],[121,27],[20,-4]],[[26869,18278],[15,-49],[-102,-76],[-63,0],[37,-107],[-23,-26],[-87,16],[-15,-45],[14,-49],[83,-61],[145,-76],[4,98],[74,-6],[62,-86],[-54,-25],[-59,14],[44,-70],[-66,4],[52,-156],[-107,-10]],[[26823,17568],[-121,-9],[-74,35],[-75,-16],[-55,-90],[32,-123],[47,-46],[-40,-17],[-63,-69],[-61,1],[14,-49],[-56,-25]],[[26371,17160],[-42,-48],[-41,49],[-27,5],[-89,128],[25,37],[-11,37],[-56,64],[-90,-13],[-84,44]],[[25956,17463],[-25,47]],[[25931,17510],[26,54],[52,-7],[24,45],[34,6],[29,44],[-11,49],[-32,19],[-6,85],[-53,21],[-11,48],[-63,92]],[[26371,17160],[18,-68],[21,-140],[-46,-5],[-2,44],[-114,-17],[-38,-23],[-34,-63],[7,-39],[-29,-44],[-63,-26],[-72,23],[2,42],[-40,46],[-28,59],[-10,60],[-49,-7],[-45,42],[50,54],[33,7],[-2,46],[-103,114],[-5,58],[77,54],[57,86]],[[21508,18270],[58,-20],[21,39],[67,36],[130,-35],[17,75],[22,42],[47,-9],[77,28],[145,-31],[34,-38],[17,-73],[48,13],[41,-28],[10,-62],[-77,-107],[59,-90],[30,-70],[48,-1],[25,-106],[43,-53],[34,-12],[78,52],[29,33],[81,47],[30,37],[28,-22],[27,-165],[139,35],[51,-18],[40,80],[47,-2],[8,87],[129,-39],[20,5],[53,-97],[5,-34],[71,31],[42,-12],[60,15],[-49,53],[89,87],[78,29],[30,66],[-11,34],[63,15],[51,-61],[41,-3],[-3,-41],[68,1],[16,49],[70,-17],[24,-34],[75,45],[79,26],[48,2],[26,-51],[-46,-77],[-60,10],[3,-86],[78,35],[2,35],[88,-52],[57,-17],[86,31],[62,-11],[6,41],[101,28],[23,26]],[[24437,17964],[80,-28],[97,22],[52,-42],[-11,-50],[52,-15],[-7,-55],[-55,-5],[-8,-42],[26,-24],[5,-59],[66,-24],[60,-42],[68,-78],[40,27],[63,-31],[23,-56],[55,-27],[22,20],[50,-36],[49,-60],[72,-13],[63,-47]],[[25299,17299],[-32,-109],[21,-25],[-2,-84],[47,-99],[91,-81],[30,-41],[20,-66],[26,-26],[0,-47],[-31,-20],[-4,-77],[-20,-42],[33,-37],[-13,-84],[55,0],[10,-70],[-71,-29],[-11,-48],[-43,-34],[-63,-20],[-13,-27],[-68,-60],[13,-35],[-2,-77],[-51,1],[-52,-36],[-23,-40]],[[25146,15986],[-63,-14],[-100,23],[-47,-4],[-86,55],[-53,-32],[-44,17],[-51,-49],[-48,-4],[-12,-59],[-35,-32],[-31,12],[-49,-65],[-33,-9],[8,-82],[-36,-1],[-40,-136],[-77,-50],[-11,-48],[-35,-6],[-14,-48],[-66,-9],[7,-126],[37,-5],[-13,-63],[-25,3],[-32,-51],[-18,-98],[70,-63],[70,-10],[-3,-87],[74,-8],[-38,-90],[36,-111],[-11,-39],[-45,-30],[-13,-116],[-32,-15],[-3,-47],[-126,-6]],[[24158,14483],[-56,0],[-16,32],[-67,-47],[-51,31],[-21,84],[-26,49],[-104,11],[-13,-20],[-84,6],[-83,-103],[8,-131],[-61,12],[-151,-12],[-49,47],[-61,-3],[-267,-60],[20,-38],[-36,-58],[3,-37],[47,-25],[-1,-34],[-73,9],[-34,-38]],[[27385,19358],[39,-97],[-79,-47],[17,-71],[-47,-10],[-93,-43],[-48,15],[-31,-52],[-83,7],[-68,-27],[-38,-44],[-14,-49],[25,-34],[-1,-58],[-26,-34],[4,-53],[-65,-193],[20,-55],[-32,-68],[-49,-28],[25,-108],[28,-31]],[[25628,18810],[-89,34],[-55,55],[-35,-17],[25,-43],[-64,-1],[-35,-47],[-73,56],[-48,-28],[-120,-19],[-5,-24],[-93,12]],[[25036,18788],[-27,69],[7,48],[31,5],[-79,134],[-33,5],[-14,41],[13,47],[-56,56],[-65,-20],[-67,4],[-15,26],[0,134],[47,20],[-55,73],[26,15],[14,90],[113,71],[-10,95],[30,41],[-32,54],[-72,11],[-42,67],[-68,22],[-11,62],[-72,76],[-148,19],[-31,31],[-41,-55],[-57,5],[-19,-25],[-135,-30],[-101,-13],[-103,14],[49,83],[-31,14],[-62,-10],[1,69],[-18,39],[15,51],[78,-13],[27,10],[21,72],[32,27],[143,4]],[[25931,17510],[-37,17],[-59,-1],[-40,-27],[-63,13],[-20,-51],[-60,8],[-2,-64],[-20,-25],[-21,-76],[-75,30],[-27,-32],[-49,5],[-129,-20],[-30,12]],[[24437,17964],[5,26],[-39,42],[-1,66],[22,13],[13,67],[-12,56],[21,34],[-8,49],[-74,31],[-13,96],[57,34],[34,-28],[34,14],[18,61],[64,-15],[99,10],[3,92],[65,-10],[7,41],[37,15],[60,-78],[74,-4],[-3,121],[41,-5],[95,96]],[[27218,17044],[-2,67],[-45,8],[8,50],[-46,25],[-17,62],[-70,5],[-38,25],[44,46],[-43,23],[-48,68],[9,59],[-29,18],[-141,-28],[-43,0],[9,69],[39,-6],[18,33]],[[21333,18854],[-12,128],[-48,69],[20,85],[-26,90],[26,54],[53,64],[3,51],[63,31],[-11,46],[66,27]],[[21467,19499],[38,6],[45,-67],[88,-28],[49,-59],[7,-56],[78,-57],[7,48],[90,51],[52,8],[9,89],[-8,108],[58,40],[59,8],[77,-26],[53,-32],[105,-1],[65,-51],[53,55],[41,12],[240,-39],[58,30],[25,48],[45,-4],[71,24],[-32,63],[-13,72],[-45,55],[-33,61],[22,62],[-31,41],[68,64],[49,3],[11,48],[-23,27],[-49,-28],[-56,3],[-32,33],[-74,5],[13,39],[135,93],[25,90],[163,116],[24,44],[37,-11],[13,-50],[79,132],[50,-20],[83,-53],[81,27],[58,-15],[25,87],[76,-9],[77,27],[65,-21],[60,23]],[[26986,14732],[-71,81],[-31,14],[-12,45],[-52,77],[10,36],[-50,82],[-41,-54],[-77,31],[-15,22],[-57,-9],[-43,30],[-33,56],[-35,3],[-28,42],[-91,86],[29,45],[-48,34],[-31,65],[-82,-36],[-62,38],[-17,46],[-29,-1],[-55,68],[-31,15],[-62,-11],[-19,30],[0,65],[-61,17],[-85,-62],[-150,-10],[22,-60],[-26,-83],[-79,21],[-25,31],[-55,-3],[-7,50],[-54,71],[-54,-1],[-147,82],[4,69],[51,56],[40,72],[-17,19],[-104,9],[-60,76]],[[25648,13212],[-61,81],[-51,19],[-43,60],[-62,-27],[-133,-31],[18,59],[-90,16],[40,70],[-58,20],[-106,-1],[-68,47],[-38,55],[124,60],[-27,52],[-6,83],[-38,17],[-33,46],[12,59],[-35,28],[-18,-45],[-79,-32],[-92,-123],[32,-75],[-54,0],[-60,74],[-75,2],[-27,-106],[-54,-100],[-59,-2],[-24,66],[-91,11],[-90,79],[-7,29],[79,60],[33,81],[47,-4],[5,36],[-64,43],[26,30],[-10,64],[-27,-7],[-61,122],[-11,61],[-32,31],[-56,-3],[-70,-26],[-24,80],[-33,42],[37,45],[24,79],[0,46]],[[17054,22099],[-112,-1],[-19,-19],[-109,-43],[-70,-5],[-40,42],[-43,-75],[-81,-17],[-37,75],[-114,73],[-36,-63]],[[16393,22066],[-80,136],[-38,37],[-1,37],[57,37],[-53,70],[37,35],[63,4],[46,78],[-42,49],[-93,68],[-33,87],[82,63],[87,-69],[26,48],[42,10],[8,-40],[47,-58],[91,-29],[61,-46],[4,-34],[45,-17],[78,-65],[-7,-72],[-41,-23],[-13,-41],[64,-22],[113,-79],[44,-50],[58,-35],[9,-46]],[[22097,23426],[22,-39],[-9,-92],[45,-14],[41,87],[44,-35],[-20,-58],[16,-73],[26,-9],[-6,-60],[30,-31],[-94,-57],[-59,-71],[8,-68],[-19,-47],[39,-40],[-12,-56],[-66,2],[-79,-46],[-107,45],[-143,110],[58,106],[45,29],[-36,68],[35,14],[39,68],[1,58],[53,25],[25,-28],[69,-29],[22,88],[-34,124],[66,29]],[[20515,21351],[34,-21],[25,-57],[66,-15],[44,31],[84,21],[91,-48],[-15,-58],[86,-63],[7,-89],[45,-54],[-73,-120],[-56,21],[-30,-19],[-37,-56],[-10,-63],[-49,-11],[-22,-52],[16,-23],[62,-24],[48,-105],[5,-88],[-58,-74],[27,-48],[32,-18],[-29,-63],[-93,-19],[-44,33],[-69,82],[-18,91],[-97,49],[-71,55],[-21,-24],[-54,-2],[-55,72],[62,54],[37,64],[-90,1],[-21,34],[80,36],[19,35],[91,-34],[-79,107],[-61,34],[-3,44],[-41,80],[-16,118],[55,-13],[14,32],[44,21],[63,-15],[12,156],[63,5]],[[17900,23367],[-44,-33],[28,-53],[3,-49],[-48,-26],[-37,-111],[62,-52],[43,9],[-19,-149],[13,-69],[76,-56],[-59,-36],[-48,19],[-19,-38],[67,-9],[25,-48],[-27,-51],[46,-49],[66,-1],[70,-140],[-16,-87],[19,-67],[50,-60],[44,10],[64,-34],[-38,-76],[-5,-45],[-38,-69],[-27,34],[-57,-50],[-74,-27],[13,-72],[-22,-59],[42,-88],[-8,-58],[-56,-24]],[[17989,21653],[-74,-30],[-69,-81],[-1,-34],[-92,-43],[-47,-41],[12,-117],[-4,-53],[-94,39],[-35,-15],[-69,19],[-54,-24],[-25,68],[-41,55],[-31,72],[-47,10],[-11,39],[-114,2],[-33,-100],[-68,54],[33,29],[-16,36],[57,27],[16,68],[94,206],[-9,52],[-30,30],[-40,120],[-45,-21],[-45,13],[-53,66]],[[16393,22066],[25,-49],[-45,-80],[27,-59],[4,-51],[-24,-47],[-54,-43],[31,-73],[-26,-60],[-45,40],[-80,4],[-26,-52],[-76,-65]],[[20584,26119],[43,-56],[-2,-42],[-63,-43],[14,-78],[-15,-45],[-45,-34],[-9,-40],[30,-21],[71,49],[81,6],[-33,-75],[15,-34],[-52,-15],[-40,10],[-28,-63],[68,8],[-18,-76],[-59,-19],[36,-39],[8,-66],[51,-27],[27,25],[57,-57],[-9,-43],[45,-4],[21,-77],[67,-28],[46,78],[56,51],[42,-12],[20,-101],[65,-66],[39,18],[34,-45],[68,-49],[24,4],[46,73],[36,-29],[66,1],[21,-50],[37,46],[51,-23],[60,-79],[-4,-41],[-46,-64],[-35,49],[-45,-46],[-3,-37],[36,-39],[72,-14],[25,27],[58,-30],[73,56],[39,-42],[32,-61],[83,39],[57,-5],[86,19],[67,-32],[78,-9],[53,15],[6,39],[46,65],[14,58],[36,40],[81,-13],[15,41],[-32,51],[75,46],[83,-52],[52,39],[17,-42],[-19,-30],[54,-53],[37,-13],[-47,-98],[53,-58],[22,-56],[-29,-15],[22,-81],[-10,-35],[45,-58],[35,-10],[-4,-44],[47,-18]],[[22781,24540],[-53,-81],[-46,-28],[-23,-46],[-61,-9],[-26,-44],[20,-27],[-8,-49],[58,-61],[-10,-124],[-26,-14],[-84,10],[22,-154],[-85,7],[-7,50],[-75,-33],[-67,-1],[-4,-49],[-83,-53],[-6,45],[-103,53],[-41,-36],[-16,-49],[-39,35],[-150,-4],[-49,38],[-48,-68],[-72,6],[-30,-14],[0,-61],[-37,-36],[19,-37],[-35,-116],[-33,2],[-36,-56],[-73,29],[-66,-13],[-32,-38],[-108,-16],[-25,-28],[-55,8],[-48,43],[-148,6],[-52,-27],[-20,-49],[-64,-12],[-37,-99],[-63,0],[-6,-83],[-47,-30],[-11,-43],[42,-64],[-7,-27]],[[20727,23093],[-35,-75],[-3,-52],[-41,-56],[-115,-23],[-2,28],[-102,147],[-94,-33],[-20,-76],[-67,-23],[-174,39],[-42,37],[-86,20],[-16,69],[66,82],[-35,31],[21,55],[57,27],[18,52],[-128,65],[-3,74],[-33,38],[15,73],[-74,3],[-77,136],[-91,-14],[-35,47],[22,70],[-26,58],[-72,31],[-32,95],[-64,40],[-68,90],[-17,56],[16,55],[-22,51],[-3,62],[-37,56],[-26,2],[-15,94],[-120,-21],[-65,2],[-49,34],[-50,0]],[[21118,26923],[54,23],[84,88],[7,46],[145,139],[5,50],[38,46],[62,4],[35,-23],[-28,-46],[29,-20],[64,-87],[28,-3],[24,51],[52,8],[75,-33],[17,49],[75,26],[57,-1],[5,-87],[17,-30],[67,-16],[16,-69],[37,6],[-32,-103],[51,-59],[62,10],[58,-30],[41,-41],[35,14],[86,-79],[76,-35],[12,15],[83,-11],[81,-80],[-26,-142],[61,-27],[43,-61],[22,-80],[48,-114],[42,-16],[69,3],[52,-34],[-10,-59],[-30,-11],[-24,-65],[-32,-11],[19,-86],[182,-47],[72,25],[1,47],[63,6]],[[23188,25973],[41,-155],[75,-89],[70,23],[39,-84],[-45,-17],[32,-66],[74,23],[29,-36],[55,10],[15,56],[38,37],[52,-12],[53,-82],[-26,-45],[13,-39],[48,-62],[65,-3],[44,-36],[87,11],[-42,-137],[0,-48],[66,-148],[-39,-36],[2,-65],[-24,-28],[1,-70],[22,-58],[37,-29],[31,-83],[-55,-41],[49,-134]],[[23995,24530],[-95,-62],[-21,-96],[-62,-37],[-65,11],[-31,71],[-30,21],[-3,49],[-51,28],[-32,50],[-90,36],[-1,-49],[-58,-39],[-40,-115],[-45,-28],[-48,5],[-75,-54],[-65,-23],[5,-27]],[[23188,24271],[-37,35],[-63,185],[-92,13],[-66,-21],[-40,52],[-109,5]],[[23465,21617],[-39,19],[-19,39],[-102,20],[-44,21],[7,35],[53,44],[113,-37],[30,46],[76,-16],[5,49],[-52,42],[-4,87],[-19,32],[53,37],[-13,44],[-121,57],[-54,2],[-68,63],[-1,41],[-59,45],[-48,-18],[5,69],[-19,18],[10,104],[-70,53],[-58,-5],[-75,66],[-56,20],[-15,73],[44,36],[-45,57],[-61,-1],[-31,17],[-116,28],[-44,-8],[-58,26],[-41,62],[109,39],[71,3],[-2,-59],[35,-26],[55,42],[13,30],[-23,52],[51,64],[78,-31],[53,117],[-19,56],[70,38],[70,70],[1,43],[-64,14],[-28,30],[-41,-17],[-47,53],[-79,10],[-5,79],[74,18],[50,92],[10,88],[-27,30],[4,52],[-28,11],[39,63],[34,10],[30,58],[33,15],[57,150],[29,5],[-7,97],[63,91]],[[23995,24530],[10,-32],[130,-7],[25,24],[83,38],[23,-77],[86,19],[77,-99],[29,4],[56,-29],[20,-33],[40,11],[34,55],[-13,77],[4,68]],[[21467,19499],[-39,52],[-92,45],[-11,119],[48,105],[64,8],[27,31],[-3,39],[69,-15],[54,5],[-49,126],[20,28],[-59,60],[-22,45],[-43,22],[-36,108],[-51,24],[-102,9],[-41,29],[-34,53],[-1,102],[-38,69],[67,42],[14,42],[-29,111],[38,36],[3,54],[-18,66],[12,68],[-11,41],[34,99],[2,69],[132,78],[155,24],[9,92],[71,7],[109,-30],[23,11],[-3,106],[9,83],[-15,49],[31,61],[43,-4],[33,23],[29,54]],[[21866,21745],[63,-5],[48,40],[-21,101],[96,60],[57,-180],[-9,-19],[67,-86],[158,89],[55,-17],[11,-90],[-1,-80],[42,-26],[35,-50],[59,-46],[51,8],[48,85],[38,-27],[73,-20],[61,30],[15,49],[74,-45],[-16,-44],[8,-72],[61,-3],[-2,-36],[-56,-65],[28,-39],[68,-16],[49,-50],[154,-26]],[[17989,21653],[68,-26],[13,-91],[50,-123],[-36,1],[-34,-63],[85,-90],[9,-58],[-31,-40],[1,-50],[30,-43],[67,-25],[15,-58],[2,-100],[-22,-61],[30,-14]],[[20727,23093],[85,27],[20,-45],[11,-124],[34,-29],[58,-13],[29,34],[83,33],[63,-56],[-26,-56],[-1,-62],[47,-68],[-3,-74],[-110,-44],[-73,2],[-6,-55],[76,-32],[99,15],[10,-147],[-25,-15],[11,-73],[-61,-32],[18,-36]],[[21066,22243],[-43,-22],[-42,20],[-27,-122],[-69,-4],[-34,43],[-77,-20],[-63,6],[-37,-14],[-20,63],[-51,23],[-130,-122],[-2,-69],[22,-31],[-12,-63],[25,-99],[43,-78],[-81,-7],[-51,9],[-134,-15],[-47,21],[-62,-11],[-20,18],[-61,-32],[-45,26],[40,-149],[-56,-35],[-91,62],[-144,-9],[-28,-32],[-107,-80],[6,-40],[-32,-95],[-50,-85],[-71,-40],[-126,41],[-54,-7],[-50,-27],[-30,-87],[36,-35],[-24,-65],[-39,-33],[10,-36],[-84,5],[2,-91],[-24,-15]],[[21866,21745],[-1,97],[-37,23],[-38,57],[-71,-61],[-41,-15],[-82,41],[-77,-15],[-59,36],[-31,-18],[-3,102],[20,54],[-139,29],[-80,46],[-6,51],[-96,72],[-59,-1]],[[25516,8194],[-16,1],[-26,97],[0,72],[-23,20],[18,96],[-109,10],[-75,-20],[-180,38],[-91,29],[-36,-72],[-86,31],[-17,28],[-88,-11],[-12,54],[22,83],[61,0],[51,44],[18,72],[-53,49],[56,27],[12,62],[46,41],[57,6],[13,-62],[69,1],[14,37],[91,-20],[8,51],[-28,31],[31,50],[4,77],[-42,25],[-17,67],[-68,-14],[-12,63],[54,-8],[22,72],[12,107],[82,9],[19,-28],[83,31],[25,35],[6,181],[-30,198]],[[25381,9854],[47,0],[41,-38],[37,-163],[28,11],[41,-99],[24,8],[50,-115],[45,-137],[60,-121],[2,-87],[-38,-47],[19,-76],[19,-151],[-47,-21],[11,-107],[-14,-46],[33,-95],[-49,-76],[13,-77],[-28,-55],[-8,-94],[-94,1],[-9,-49],[-48,-26]],[[24146,5277],[16,-44],[44,-1],[25,-37],[22,-108],[-40,-48],[0,-59],[35,-92],[-20,-55],[25,-59],[-24,-26],[-69,69],[-60,-32],[-90,64],[-47,-8],[-18,-37],[-42,30],[-34,-7],[-45,65],[-41,-25],[-12,49],[29,71],[-5,40],[-51,15],[-45,40],[19,29],[90,5],[9,71],[82,8],[54,47],[48,72],[47,11],[3,41],[41,37],[107,-47],[-15,-70],[-38,-9]],[[22400,4206],[-15,-45],[16,-35],[89,-5],[10,37],[45,-2],[39,-36],[89,14],[16,-49],[38,24],[53,-23],[40,-59],[-18,-72],[-35,-77],[-53,-55],[43,-22],[12,-97],[-101,-44],[-30,12],[-102,-107],[-11,-39],[-151,47],[-47,-12],[-43,24],[-27,46],[-44,-6],[-37,57],[25,52],[43,35],[-32,60],[30,48],[-19,48],[9,61],[-30,51],[-61,-24],[-52,100],[29,36],[44,14],[38,-10],[49,25],[33,-26],[44,57],[30,-16],[44,13]],[[21596,6249],[93,7],[39,22],[36,-31],[67,32],[78,62],[24,51],[152,35],[8,-42],[-16,-52],[-34,-18],[9,-44],[-8,-74],[11,-54],[-54,-21],[-46,-49],[-38,-13],[29,-166],[-26,-34],[14,-78],[-25,-49],[2,-43],[-57,-31],[-12,-41],[36,-69],[-49,-8],[-8,-67],[-45,-14],[-64,-73],[-42,11],[-67,-6],[10,44],[-17,33],[-51,0],[-79,62]],[[21491,5855],[36,-29],[-34,-70],[69,-52],[81,53],[-75,61],[19,106],[36,28],[59,9],[21,71],[-81,135],[-43,13]],[[25479,8015],[37,120],[0,59]],[[25381,9854],[-35,214],[-59,159],[-6,41],[37,190],[143,29],[37,44],[51,-3],[48,-41],[73,-5],[19,46],[133,56],[57,6],[-31,80],[20,21],[-39,85],[-54,45],[-91,-3],[-37,-40],[-35,46],[8,51],[-37,45]],[[25583,10920],[28,79],[43,27],[69,15],[102,0],[47,-29],[113,73],[45,79],[54,32]],[[24963,6916],[-85,-34],[-44,-47],[-65,-7],[-61,140],[-53,2],[-28,-26],[-17,-69],[-98,10],[-53,-21]],[[24459,6864],[-40,26],[-34,146],[-16,102],[14,39],[48,20],[25,58],[-79,30],[17,62],[26,-3],[9,69],[-29,11],[-27,59],[-69,9],[-16,-33],[-64,15],[-33,-50],[-30,31],[-78,-30],[-7,-59],[-91,16],[-40,48],[-25,-7],[-91,22],[-45,-8],[-6,63],[-68,-18],[-41,14],[18,41],[98,24],[95,38],[1,49],[-40,18],[-3,65],[57,21],[1,51],[-44,21],[-41,-13]],[[23811,7811],[-58,63],[5,52],[-29,74],[70,76],[-21,15],[21,66],[56,103],[-1,45],[83,49],[-58,53],[-20,73],[16,59],[1,72],[-23,67],[-61,-22],[-42,28],[-32,51],[-36,-88],[-38,-20],[-50,32],[-52,-3],[-114,22],[-5,84],[23,48],[56,29],[30,98],[-20,20],[11,104],[22,65],[-41,29],[34,88],[31,43],[67,4],[15,48],[33,3],[-21,69],[-45,-7],[-152,58],[28,48],[27,-7],[82,81],[48,1],[-23,85],[-5,89],[-22,93],[6,83],[-25,28]],[[23582,9962],[87,79],[8,-34],[41,-17],[19,38],[45,3],[56,47],[28,4],[39,60],[92,-28],[13,71],[49,8],[44,-27],[38,5],[18,-55],[42,57],[121,14],[47,-32],[53,-5],[66,-74],[98,56],[41,-3],[142,47],[9,23],[-71,40],[-26,41],[36,47],[43,29],[15,84],[47,36],[-39,66],[8,43],[-24,30],[7,52],[34,52],[51,-1],[-22,52],[-1,59],[-35,-8],[-3,88],[-20,30],[0,75],[106,82],[-32,89]],[[24852,11185],[89,12],[36,32],[25,-15],[77,22],[13,33],[75,1],[43,45],[87,10],[50,20],[33,-11],[-1,-115],[-25,-46],[42,-96],[1,-55],[54,-6],[1,-59],[56,-20],[31,-41],[44,24]],[[23374,11830],[60,41],[-14,56],[48,59],[-20,63],[23,59],[38,18],[-3,61],[68,61],[24,38],[97,26],[18,-40],[76,-10],[8,-48],[147,30],[2,35],[52,56],[28,-40],[-30,-100],[122,-26],[80,-1],[42,-43],[-26,-202],[-47,-19],[38,-59],[-34,-66],[-83,-3],[-29,-21],[26,-58],[99,-58],[43,-11],[-7,-36],[42,-87],[100,-30],[53,-30],[59,28],[14,57],[49,-44],[96,-57],[-5,84],[61,35],[-14,-106],[3,-110],[73,-18],[74,92],[21,-33],[-51,-73],[42,-112],[15,-3]],[[23582,9962],[-21,15],[-167,41],[-7,70],[-37,15],[-59,-10],[-35,-62],[-93,38],[-84,-34],[-17,74],[-2,116],[-15,108],[16,78],[-141,-55],[6,-94],[-45,-44],[-13,-85],[-71,31],[-38,-25],[-38,58],[-31,-11],[3,-73],[-90,-26],[-54,-57],[-37,46],[-55,0],[-94,162],[-64,59],[18,35]],[[23811,7811],[-69,-66],[-69,-12],[-24,39],[-45,-13],[10,57],[-80,103],[-27,-37],[-47,-22],[-47,7],[-78,-14],[-47,-81],[-139,3],[8,-62],[-58,-76],[-66,34],[-11,-52],[-89,-58],[-49,-9],[-11,-69],[-77,-11],[-2,-51],[-77,-27],[-31,35],[-19,66],[-58,49],[-92,27],[-13,94],[-38,-87],[-66,23],[-28,93],[49,76],[12,66],[-26,52],[-72,10],[-25,52],[-28,7]],[[22282,7957],[8,67],[62,47],[-17,88],[32,39],[5,63],[114,-25],[-7,55],[-40,-6],[-14,48],[-52,85],[21,27],[27,103],[-104,23],[-14,110],[-47,-42],[-11,57],[49,67],[-30,101],[-48,-17],[16,104],[49,0],[-2,47],[-47,9],[-31,-65],[-50,-43],[-55,18],[-33,102],[-50,43],[-91,24],[-81,63],[1,127],[-96,-1],[9,104],[-16,21],[43,56],[-28,88],[74,50],[5,27],[-19,132],[-58,-29],[-126,14],[1,34],[-44,53]],[[22282,7957],[-25,-65],[-60,-32],[-4,-47],[21,-58],[-23,-55],[-61,-52],[-78,-4],[28,-87],[-50,-19],[-18,-64],[28,-68],[-64,9],[-6,-80],[-16,-12],[39,-73],[-45,-68],[-45,-26],[-25,-67],[-154,-38],[-52,-22],[-6,-28],[-66,-49]],[[21300,3060],[-22,-72],[16,-24],[-2,-79],[-48,-69],[12,-44],[-42,-51],[10,-29],[-20,-65],[15,-47],[-127,-67],[-52,58],[-33,15],[-14,-75],[-53,-16],[-28,-48],[-47,21],[-83,-67],[-63,17],[27,-130]],[[20746,2288],[-36,-39],[-8,-57],[-91,30],[-25,-36],[-78,-35],[-36,24],[-26,68],[-32,29],[-65,-1],[-46,31],[-22,-133],[-14,-14],[-74,31],[-25,50],[-120,36],[-26,26],[-41,0],[3,48],[45,55],[-26,90],[23,20],[9,58],[-17,59],[-49,8],[-59,64],[-56,-19],[-64,14],[-115,-134],[3,-51],[-46,-72],[-36,-106],[-26,-40],[7,-97],[-37,7],[-46,90],[-38,34],[-105,-7],[-26,-52],[-56,12],[36,61],[-17,36],[-35,8],[-75,-11],[-70,41],[-16,38],[-68,43],[-46,-22],[-52,32],[-29,99]],[[25392,2209],[-98,-8],[-69,-19],[-74,-65],[-21,21],[-108,-14],[-3,-54],[-86,11],[-90,-61],[-70,48],[1,71],[-33,54],[-35,21],[-102,14],[-61,-7],[-48,47],[-71,7],[-36,114],[-33,-23],[-23,28],[-209,0],[-47,17],[-36,49],[-56,-10],[-50,33],[-41,-83],[-48,-34],[7,-66],[-42,-114],[-47,1],[-26,27],[-117,-5],[-58,-12],[-180,43],[-82,87],[-61,14],[-31,26]],[[23208,2367],[65,100],[29,23],[-13,58],[57,58],[-46,21]],[[23300,2627],[8,44],[-26,108],[-65,-26],[-27,98],[70,14],[-10,64],[55,26],[6,31],[105,19],[39,58],[17,134],[-12,30],[37,58],[-99,38],[-35,37],[65,94],[-89,21],[-39,-2],[-71,21],[13,37],[12,184],[-35,85],[-31,30],[86,35],[12,37],[-37,83],[-35,16],[2,65],[-58,-18],[-7,64],[-24,48],[21,85],[-28,27],[-8,111],[-109,-6],[-37,59],[-103,-5],[-20,53],[-40,-33],[-75,71],[27,13],[-9,72],[-57,62],[4,49],[-60,72],[-75,48],[5,37]],[[22563,4875],[42,58],[-38,36],[69,55],[72,-26],[45,65],[-34,21],[30,38],[37,-10],[58,51],[-37,101],[-57,39],[-25,75],[58,58],[60,-73],[9,-65],[63,-79],[46,-1],[5,57],[-14,45],[109,30],[28,50],[128,13],[24,81],[22,35],[69,25],[22,-46],[80,5],[49,27],[22,36],[-5,88],[29,16],[35,224],[65,19],[28,-49],[26,12],[90,-47],[7,-31],[59,-6],[110,-31],[6,-48],[37,-1],[11,-40],[52,-62],[51,76],[26,92],[41,23],[22,73],[-18,90],[31,21],[12,68],[32,5],[-8,116],[50,-15],[43,12],[-1,47],[38,8],[2,80],[66,-9],[0,104],[-39,42],[17,37],[42,19],[28,40],[-8,198],[-21,22],[-2,95]],[[22563,4875],[-45,-18],[-41,23],[-19,41],[-32,-19],[-4,-51],[-46,-22],[-44,49],[-83,-21],[-41,25],[-34,-27],[20,-82],[-97,-39],[-69,-11],[-51,71],[-57,-13],[-31,34],[-42,-14],[35,-71],[-81,-35],[-36,-60],[-55,-21],[-25,-42],[-109,-12]],[[23300,2627],[-82,-36],[-106,10],[-30,-56],[30,-78],[49,-4],[30,-105],[17,9]],[[23208,2367],[-79,-267],[9,-82],[-47,-82],[45,-142],[116,-32],[24,-48],[12,-71],[-24,-35],[13,-45],[-12,-44],[37,-87],[-10,-92],[-60,-30],[-19,-76],[-45,-36],[-40,-10],[-5,-57],[-33,-40],[-10,-90],[9,-60],[-57,7],[-44,-56],[-69,-8],[-44,-65],[-12,-107],[-45,-32],[-34,-58],[-70,-69],[-1,-28],[-57,-117],[6,-36],[-83,-87],[-27,-8],[-49,23],[-68,-65],[-29,10],[-18,-45],[-55,-57],[-64,6],[-45,-55],[-89,-29],[-21,-51],[-30,-12],[-51,44],[-74,-5],[-31,14],[-44,-36],[-95,-19],[-10,72],[34,139],[55,-15],[48,30],[44,53],[24,60],[-7,64],[-59,64],[31,31],[-7,53],[68,113],[-5,30],[40,41],[30,76],[33,45],[-27,42],[23,28],[-46,57],[-49,-55],[-73,4],[-41,55],[-38,6],[-55,-40],[-37,5],[2,-120],[-19,-21],[-81,-14],[-62,6],[-92,65],[-99,-174],[-85,323],[17,44],[-81,74],[21,57],[49,-1],[55,25],[4,35],[48,57],[-58,96],[5,80],[-17,76],[-60,-31],[-40,8],[-35,60],[-50,20],[-17,37],[15,33],[-47,86],[-52,32],[-62,-39],[-106,-17],[-32,36],[-39,102],[41,36],[-57,67],[-59,38],[-39,49],[16,57],[-17,32],[28,92],[-14,24]],[[6326,16913],[-27,-29],[-80,-19],[-33,-64],[-33,-12],[21,-58],[-43,-57],[11,-53],[-58,2],[-33,-26],[1,-82],[29,-44],[39,19],[31,-39],[-15,-34],[65,-24],[13,28],[68,50],[67,-59],[41,-73],[-17,-97],[-19,-48],[22,-54],[47,5],[-8,-44],[-79,-87],[-31,-91],[-29,-16],[25,-100],[64,1],[-27,-53],[-68,-68],[-24,-47]],[[6246,15640],[-55,-34],[-39,7],[-1,-95],[39,-71],[-3,-21],[-89,-49],[-27,-84],[-75,-10],[-38,60],[13,135],[-30,89],[-45,83],[4,58],[-25,48],[4,48],[27,56],[6,73],[-123,-28],[-9,50],[-48,4],[-35,52],[-88,72],[-79,-53],[-43,38],[-56,75],[-10,47],[-98,3],[-36,-63],[-56,-12],[-36,-38],[-102,47],[-14,33],[-66,29],[-98,-73],[72,-112],[-8,-56],[39,-52],[17,-67],[-30,-32],[-58,-16],[1,-75],[15,-57],[-68,-50],[-87,55],[-44,7],[-28,28],[-52,15],[-62,38],[-96,-30],[-57,16],[-57,-25],[-92,97],[-46,107],[102,147],[-40,106]],[[4336,16160],[62,64],[158,-30],[76,43],[13,37],[67,61],[65,9],[49,78],[16,47],[49,21],[-41,134],[106,-23],[49,1],[4,125],[43,3],[74,131],[-21,62],[37,48],[-50,76],[47,46],[-52,107],[160,93],[56,50],[37,55],[48,-4],[3,65],[62,19]],[[5453,17478],[72,-56],[-12,-42],[42,-76],[29,-7],[110,27],[154,-3],[-5,-66],[47,-19],[73,13],[78,-62],[13,-106],[36,-5],[21,73],[-4,51],[67,6],[52,-33],[64,-18],[22,-39],[-41,-17],[40,-65],[-25,-31],[-3,-53],[43,-37]],[[5186,19433],[21,-80],[-4,-51],[51,-48],[95,44],[100,7],[50,-28],[25,-71],[-19,-69],[-24,-32],[66,-120],[-43,-48],[23,-93],[-30,-77],[17,-88],[-5,-89],[-43,-5],[-43,-31],[-77,-30],[-20,34],[-46,-51]],[[5280,18507],[-17,-32],[-161,-151],[-109,27],[-61,-53],[-102,-63],[-44,36],[-34,-29],[-39,-81],[20,-81],[-22,-9],[-41,-103],[28,-34],[-1,-102],[19,-38],[-37,-64],[-65,-39],[-76,-12],[-46,-51],[-55,5],[-61,-71],[-68,-41],[-47,-63],[-66,-25],[-10,81],[-115,62],[-92,140],[-51,42],[-90,-28],[-18,-35],[-77,-19],[-38,-33],[-61,13],[-35,60],[-41,97],[-33,-21],[-40,30]],[[3494,17822],[-32,52],[-83,82],[-48,1],[-129,124],[-66,10],[-75,83],[-44,28],[-36,-19],[-77,33],[-57,79],[-44,2],[-30,-45],[-55,-42],[-145,-15],[-40,45],[10,154],[-17,175],[-44,180],[117,167]],[[7215,17731],[-38,-48],[-55,-3],[-27,-28],[-70,-10],[-30,-72],[-143,-161],[6,-66],[77,-8],[26,-72],[-48,-92],[55,-78],[56,-40],[40,3],[20,-30],[-37,-44],[-40,15],[-62,-45],[42,-58],[-93,-64],[-203,-84],[-47,20],[41,40],[-6,68],[-76,-7],[-33,-50],[-47,24],[-79,2],[-63,49],[-55,21]],[[5453,17478],[-31,62],[2,64],[-37,40],[-73,133],[35,21],[-1,46],[50,42],[94,-22],[74,65],[33,-2],[81,41]],[[5680,17968],[106,-29],[46,-59],[66,-33],[77,36],[65,-144],[48,21],[59,-9],[52,38],[12,56],[46,0],[21,53],[66,12],[61,-37],[6,-41],[77,-35],[70,25],[37,34],[114,32],[27,51],[45,11],[6,56],[46,-36],[35,-51],[76,-14],[68,19]],[[4336,16160],[-19,19],[-68,-39],[-53,-9],[-39,74],[13,49],[-26,110],[26,37],[-68,63],[-66,-8],[-19,56],[37,81],[-34,96],[-112,109],[-35,1],[-36,54],[-38,3],[-40,33],[-23,45],[-80,83],[33,66],[-49,59],[-24,-24],[-28,62],[-54,64],[-7,53],[53,24],[79,-63],[12,59],[23,9],[28,64],[-39,38],[-57,-27],[21,133],[-53,45],[-67,-15],[-18,37],[-39,14],[-1,47],[-57,12],[-18,67],[57,70],[43,11]],[[5280,18507],[32,-30],[12,-46],[37,-35],[-78,-64],[59,-68],[108,16],[62,89],[37,22],[32,-17],[-8,-46],[11,-82],[37,-11],[-30,-61],[18,-45],[57,-66],[14,-95]],[[7600,15685],[-37,-67],[6,-85],[-87,0],[-79,14],[-73,-53],[-26,-75],[-24,-19],[-36,-81],[-26,-20],[-55,16],[7,54],[-91,-6],[-86,39],[-19,23],[-76,-31],[-109,-16],[-62,-23],[-64,69],[-102,-26],[-34,-49],[-32,33],[-75,29],[-49,112],[-110,-29],[-2,58],[47,49],[-60,39]],[[39174,43740],[124,-21],[-44,-33],[-4,-63],[85,5],[72,-10],[8,-30],[-73,-54],[-47,-51],[-27,-57],[-24,-92],[31,-9],[-80,-110],[11,-80],[90,38],[28,31],[39,-6],[60,-39],[35,1]],[[39458,43160],[79,-67],[72,-16],[8,-76],[35,6],[-6,70],[62,-17],[64,-96],[122,-25],[5,-50],[-51,-29],[-10,-69],[-64,-102],[24,-56],[1,-72],[-17,-17],[-74,-4],[-128,-113],[43,-66]],[[39623,42361],[-38,-82],[-48,13],[-56,-24],[-29,-69],[-45,-56],[-43,-111],[-53,46],[2,131],[38,47],[-21,48],[9,53],[-51,-9],[-28,45],[-110,-50],[1,32],[-56,60],[-12,61],[-142,-49],[-147,6],[13,97],[-51,-19],[-66,25],[-178,-45],[-12,59],[-47,135],[-31,10],[-220,-88],[-2,-23],[47,-169],[-33,-88]],[[38214,42347],[-165,15],[-6,88],[-85,-1],[8,44],[-65,38],[-82,77],[1,33],[-158,-103]],[[37662,42538],[-68,106],[-12,37],[-98,-88],[-53,-10],[-58,15],[-29,41],[-17,78],[-118,-3],[-87,-38],[-49,-6],[-183,-102],[-8,-53],[41,-18]],[[36923,42497],[-140,9],[-27,29],[-40,-16],[-83,86],[16,48],[-107,-11],[-11,65],[52,45],[30,-8],[38,68],[56,59],[-71,93],[18,71],[-10,49],[34,74],[2,42],[43,17],[139,172]],[[36862,43389],[64,69],[-119,79],[-129,-22],[12,116],[55,211],[29,-31],[54,16],[-5,45],[35,106],[-17,87],[-89,-30],[7,60],[78,37],[42,51],[36,11]],[[36915,44194],[99,-44],[42,-30],[127,-21],[3,48],[-80,93],[89,166],[5,31],[116,-1],[105,-10],[21,107],[71,13],[2,161],[125,-12],[-36,-48],[39,-79],[1,-119],[142,-58],[73,17],[35,-12],[92,50],[-8,18],[72,51],[24,71],[26,17]],[[38100,44603],[43,-48],[29,10],[59,-67],[47,20],[2,53],[34,39],[69,8],[27,-16],[69,49],[-115,72],[44,52],[82,-22],[64,36],[-15,-96],[28,-36],[111,-76],[52,-1],[-27,-131],[-60,-32],[-37,-125],[2,-46],[47,-108],[72,6],[124,-41],[65,-51],[39,-67],[70,-23],[29,-119],[-9,-67],[129,-36]],[[34690,43710],[-30,-14],[-12,-113]],[[34648,43583],[-45,19],[49,104],[38,4]],[[32853,42899],[46,5],[118,39],[63,74],[89,-10],[23,19]],[[33192,43026],[-36,-75],[21,-69],[-20,-50],[29,-40],[32,5],[25,-40],[49,-5],[-17,123],[2,113],[115,-30],[42,81],[29,9],[53,69],[81,-4],[46,-129],[198,-46],[45,34],[2,201],[71,11],[19,27],[55,-5],[51,93],[190,-3],[20,-52],[38,3],[19,97],[45,40],[55,11],[74,56],[-10,-109],[-45,-25],[-49,29],[-28,-53],[-34,-4],[-24,-48],[-47,-4],[-52,35],[-51,-47],[-49,32],[-51,-9],[-51,-53],[-78,-32],[-31,-88],[17,-73],[-15,-79],[87,10],[22,40],[126,57],[97,-66],[93,41],[67,-63],[44,5],[98,-18],[-24,-35],[-80,-2],[-37,-28],[22,-95],[60,-72],[-19,-61],[-84,-14],[-21,-89],[-35,-61],[-23,39],[-200,-25],[-59,-226],[-34,-73],[1,-75],[-91,6],[-74,-16],[-51,53],[-73,4],[-60,-61],[6,-34],[-32,-38],[-42,0],[-29,-53],[0,-71],[-29,-2],[-94,35],[-32,-67],[-163,-17],[-118,-41],[-10,38],[-1,138],[29,18],[-52,107],[-82,107],[12,47],[0,108],[-38,79],[-4,52],[17,50],[-28,21],[-7,124],[12,131],[-65,-17],[0,-38],[-53,3],[-23,121]],[[42718,38098],[51,-11],[-8,-44],[82,-29],[5,-30],[99,27],[114,9],[73,-15],[-51,-92],[-63,-89],[36,-70],[70,-58],[69,-124],[87,2],[29,17],[89,102],[36,-54],[12,-55],[55,-16],[75,17],[37,-24],[53,-123],[10,-49],[-55,-29],[-83,15],[-37,-53],[-30,-105],[-6,-77],[-49,-9],[-80,40],[-91,20],[-68,-19],[-38,-31],[1,-47],[78,-42],[43,-64],[85,-13],[74,-59],[-37,-151],[-117,12],[-84,-16],[-90,81],[-45,-43],[-48,-77],[-94,-10],[-48,-35],[-96,61],[-91,18],[29,38],[-3,63],[13,75],[-57,32],[-66,7],[28,47],[-79,35],[-1,81],[22,24],[-9,113],[-15,23],[64,32],[-25,41],[-3,57],[-22,24],[0,55],[-23,25],[5,67],[69,17],[61,41],[36,50],[-21,102],[10,63],[-39,86],[13,21],[20,126],[39,-3]],[[43845,42503],[74,-130],[16,-43],[8,-201],[48,-98],[-12,-61],[21,-41],[39,-16],[27,-45],[5,-51],[30,-48],[-10,-43],[-35,-35],[-2,-69],[67,-55],[19,-62],[42,-21]],[[44182,41484],[-15,-38],[-54,30],[1,36],[-98,6],[-76,-48],[-18,-76],[-49,-1],[-24,-41],[-88,51],[-80,4],[26,-66],[-76,-17],[-64,76],[0,61],[-62,56],[-178,-45],[-188,-16],[39,133],[7,76],[-40,41],[10,75],[155,225],[21,63],[-100,81],[6,52],[49,127]],[[43286,42329],[34,165],[121,35],[114,-2],[172,-51],[93,5],[25,22]],[[36923,42497],[-55,-28],[-39,-90],[-1,-154],[-46,-2],[-7,-85],[-60,-2],[-19,35],[-74,2],[-18,35],[-51,-39],[-21,16],[-83,-21],[-101,30],[-19,-28],[63,-45],[-26,-42],[-70,-8],[-54,38],[-80,24],[-115,134],[-53,-11],[-55,70],[27,69],[37,49],[-114,-19],[-52,56],[-80,-10],[14,142],[-21,78],[9,75],[23,50],[32,3],[12,86],[-31,42],[16,35],[-112,43],[-154,24]],[[35545,43049],[9,60],[112,52],[-6,54],[78,46],[24,62],[-6,50],[51,37],[121,14],[134,33],[40,40],[38,-63],[45,-120],[48,-96],[55,-7],[25,-96],[77,-64],[44,2],[135,74],[11,199],[118,-27],[88,96],[76,-6]],[[38100,44603],[77,167],[-50,50],[11,57],[-16,88],[30,43],[-22,104],[83,-9],[-11,96],[-59,16],[9,38],[56,30],[22,36],[-94,40],[12,99],[34,-1],[-20,83],[-30,73],[8,87],[123,75],[-42,78],[-2,44],[79,-1],[79,13],[66,33],[66,-7],[75,41],[4,64],[53,131],[70,72],[-54,44],[-57,-12],[-63,25],[-76,147],[24,62],[88,-42],[45,-5],[20,31],[-220,76],[23,54],[57,23],[-7,41],[60,3],[-6,42],[-69,13],[0,101],[-82,8],[-55,-16],[-10,-64],[-64,43],[-14,-73],[-83,28],[-17,32],[9,81],[66,15],[15,35],[-106,-1],[-9,38],[14,67],[117,58],[47,39],[14,49],[78,52],[134,-20],[151,95],[21,113]],[[38702,47425],[43,11],[142,-9],[130,27],[144,66],[94,28],[88,-13],[141,-6],[96,88],[-9,24],[-120,-3],[-4,30],[85,105],[-26,56],[28,44],[32,-6],[117,-57],[27,39],[82,11],[8,29],[84,-37],[76,41],[107,16],[21,20],[128,-17],[2,88],[112,-12],[46,18],[186,-52],[-68,-97],[-58,-8],[-32,-96],[-7,-94],[-82,-1],[-28,32],[-35,-268],[80,-6],[52,-20],[59,-94],[88,29],[108,-33],[5,25],[55,60],[30,-24],[43,16],[44,-52],[14,-52],[50,-74],[-32,-47],[90,-2],[46,72],[62,32],[52,-56],[-57,-52],[-11,-43],[19,-47],[64,-78],[36,-20],[65,0],[45,113],[22,89],[111,-10],[0,-40],[115,-8],[5,85],[70,22],[104,-13],[14,42],[50,-21],[119,-14]],[[41869,47201],[-25,-80],[28,-69],[-8,-85],[38,-141],[11,-130],[21,-41]],[[41934,46655],[-134,-52],[-26,116],[-111,-12],[-38,7],[-51,-84],[-35,7],[-29,44],[-64,-105],[6,-141],[78,34],[49,-37],[41,10],[4,-112],[-53,1],[-88,-30],[-23,17],[-74,-3],[-49,-38],[-86,-24],[-12,73],[-48,-29],[-52,20],[-66,-28],[-35,-43],[2,-58],[-22,-113],[-48,-12],[-30,26],[-97,-22],[10,-87],[-99,-164],[-56,0],[-42,-40],[-204,-17],[-1,-43],[67,-26],[-29,-55],[-39,2],[-8,-117],[-125,-29],[-188,-91],[-35,41],[-198,-68],[-83,-54],[-2,-40],[73,-47],[41,-63],[-15,-44],[87,-284],[34,-83],[110,63],[21,42],[47,-11],[92,84],[47,25],[77,-56],[-47,-131],[0,-77],[-56,-53],[36,-64],[-59,-68],[1,-65],[-23,-41],[-46,29],[-136,-35],[-55,-2],[-271,-93],[-8,-89],[-74,-12],[22,-47],[-26,-48],[-57,15],[-8,-49],[-64,-64],[-4,-52],[-55,-3],[-82,-51],[-28,34],[-59,2],[-128,-59],[-26,-85],[2,-57]],[[39623,42361],[23,79],[67,14],[59,-27],[60,-121],[-68,-47],[44,-50],[100,-64],[-13,-62],[-69,-86],[26,-27],[-55,-64],[50,-29],[112,-18],[62,48],[116,-50],[29,26],[60,-60],[106,9],[-2,-80],[-70,-86],[-20,-50],[164,16],[-11,-37],[52,-79],[-32,-7],[-30,-51],[51,-46],[-13,-23],[-96,18],[3,-63],[-18,-54],[-55,-47],[-4,-45],[23,-41],[113,-63],[-45,-53],[3,-44],[29,-69],[34,-37],[-44,-20],[-56,-106],[84,-19],[24,52],[115,-61],[59,-20],[-7,-83],[-88,4],[-60,19],[-20,-67],[27,-112],[42,-36],[8,-43],[-64,-84],[-65,13],[-3,-92],[131,-30],[92,44],[93,-4],[7,45],[59,22],[63,3],[29,54],[147,-13],[54,-34],[35,-91],[67,-16],[35,-29],[19,-52],[64,23],[47,-16],[66,18],[-9,-61],[64,3],[119,-66],[43,-5],[10,-49],[114,-32],[-13,-55],[29,-59],[50,-52],[19,-127],[51,-25],[22,32],[83,38],[70,9],[105,-6],[50,136],[5,106],[24,-12],[64,-80],[-11,-49],[-39,-34],[29,-37],[-22,-70],[29,-91],[111,-15],[-12,-31],[71,-9],[44,-28],[42,4],[82,63],[67,-28],[-21,66],[33,27],[14,70],[32,38],[43,8],[55,57],[124,37],[78,-45],[153,-123],[9,-159],[14,-47],[48,-29],[107,-1],[50,17]],[[43398,39446],[38,-100],[-89,-14],[-51,-33],[-166,-5],[-35,-43],[-87,-23],[33,-218],[90,-320],[-73,-27],[-149,6],[-84,27],[-66,-5],[-340,-225],[-78,-26],[-69,-8],[11,-131],[-21,-30],[-33,-127],[-171,-41],[-38,-60],[-45,12],[-23,34],[-71,23],[-58,50],[-124,24],[-86,-1],[-23,33]],[[41590,38218],[-84,17],[-79,1],[-135,34],[-201,109],[-43,18],[-123,0],[-23,-18],[-77,33],[-64,-11],[-145,-54],[-163,-14],[2,-111],[-84,-21],[-56,-75],[-46,-81],[21,-35],[53,-30],[-30,-29],[92,-60],[-55,-66],[-51,-17],[42,-57],[-59,-32],[37,-58],[-15,-52],[19,-128],[-47,4],[-31,-30],[-34,26],[-49,-33],[77,-97],[-4,-23],[50,-109],[61,-19],[42,26],[23,-48],[-59,-147],[-65,54],[-67,7],[-61,-13],[-38,-33]],[[40121,37046],[-79,-17],[-2,166],[-34,40],[-52,-40],[-57,-7],[-124,45],[-54,-75],[-40,-6],[-76,-71],[10,-77],[-14,-41],[-153,49],[-17,120],[-147,-39],[-46,21],[-71,-36],[-58,21],[22,39],[-73,12],[-44,55],[-150,-85],[-55,112],[-53,23],[-45,104],[3,62],[-59,49],[-12,36]],[[38641,37506],[137,46],[122,95],[63,10],[-70,88],[-96,32],[72,90],[-17,60],[2,164],[-41,21],[14,108],[53,5],[26,60],[42,31],[76,11],[-13,35],[-43,-3],[-123,85],[27,130],[-161,74],[-141,-22],[-49,44],[-136,-47],[-121,-19],[-95,43],[32,93],[11,81],[-4,90],[-45,19],[19,100],[82,6],[181,-46],[127,-48],[55,24],[65,68],[52,88],[93,18],[65,37],[-3,35],[177,23],[25,47],[133,32],[101,-2],[21,31],[-60,50],[30,34],[-20,90],[81,109],[-46,109],[-76,85],[-118,54],[-45,48],[-97,55],[-123,10],[-62,46],[44,199],[-3,138],[26,69],[-26,55],[-23,165],[29,83],[-28,18],[7,69],[62,13],[115,1],[-26,132],[-60,67],[-7,44],[-48,84],[-59,21],[-20,35],[-100,15],[-85,-19],[-41,-58],[-105,4],[-59,50],[-46,132],[26,33],[74,16],[94,-8],[30,37],[44,-3],[26,49],[-10,90],[-123,37],[19,101],[45,-2],[9,75],[-73,125],[61,71],[-7,59],[-168,23],[-68,49],[-27,50],[1,84],[-105,16],[-17,20],[16,75]],[[40121,37046],[36,-138],[46,-62],[-28,-33],[2,-114],[87,1],[43,-106],[-7,-58],[14,-63],[51,-14],[56,-49],[41,-15],[11,-45],[56,-5],[40,-52],[2,-76],[16,-59],[-4,-98],[-58,-64],[8,-63],[-44,-80],[-23,-18],[39,-79],[33,-38],[-25,-88],[-32,-17],[-56,5],[-42,-15],[-126,-94],[-50,-26],[-93,-91],[-95,-35],[-46,-5],[-35,40],[-67,40],[-41,-9],[12,-58],[-59,-62],[-58,-21],[-34,-33],[-120,7],[-33,26],[12,35],[-158,3],[21,-188],[-121,-15],[26,-39],[208,-96],[62,-72],[3,-143],[81,-23],[41,-73],[10,-95],[-2,-130],[-19,-55],[-42,11],[-41,61],[-19,-129],[-27,-49],[46,-67],[15,-112],[-53,-71]],[[39581,34035],[-43,-53],[-73,70],[-35,-58],[-66,9],[-83,-14],[-75,22],[-94,-18],[-14,46],[-42,61],[-89,32],[-69,-55],[-28,2],[-24,-84],[-17,1],[-25,97],[-65,27],[-19,148],[-93,22],[-42,-15],[-15,40],[-142,34],[23,66],[-89,25],[-12,53],[-68,-23],[-34,20],[-35,76],[-49,19],[-28,46],[18,33],[-36,35],[-70,-52],[5,-27],[-49,-72],[18,-64],[-33,-29],[-93,78],[-103,-40],[-23,68],[-38,-31],[13,-59],[-86,-35],[-12,-39],[-119,-59],[5,-93],[-117,12],[-37,-72],[-93,24],[-103,1],[-36,80]],[[37147,34290],[-40,97],[6,108],[-51,53],[-20,-13],[-14,-79],[-62,29],[4,38],[83,60],[58,91],[4,57],[-93,85],[-9,87],[28,103],[74,64],[23,95],[-10,64],[8,53],[-33,9],[-54,109],[-26,162],[-42,-6],[-84,13],[-11,44],[-57,1],[-32,57],[62,92],[9,59],[34,22],[-34,67],[-57,3],[-47,43],[-68,109],[-47,-50],[-39,30],[-51,-88],[-45,28],[-16,59],[-156,260]],[[36342,36305],[261,158],[263,165],[40,43],[-9,61],[-32,91],[61,64],[104,-19],[-36,125],[-56,39],[-75,73],[33,88],[-54,38],[19,38],[-31,22],[68,84],[-15,97],[24,39],[-21,37],[23,37],[-67,143],[-39,12],[2,46],[-77,160],[-19,102],[54,-2],[84,16]],[[36847,38062],[62,10],[-16,109],[23,43],[-10,39],[106,19],[67,-22],[28,-57],[50,20],[92,-6],[14,-79],[-43,-20],[-20,-77],[7,-61],[30,-99],[39,-28],[63,-100],[53,-21],[99,25],[129,-33],[28,42],[8,57],[161,-22],[60,37],[94,-49],[94,-81],[79,-15],[67,42],[11,-70],[57,-35],[51,1],[-7,-46],[49,-9],[57,-63],[19,30],[63,13],[5,-42],[65,-16],[60,8]],[[35545,43049],[7,-62],[-89,-1],[-69,49],[-51,18],[-179,100],[-29,-59],[-68,-7],[-19,-21],[-119,22],[-43,0],[-40,-58],[-51,0],[-28,56],[35,15],[-20,86],[86,30],[-25,71],[-36,14],[-65,57],[76,94],[-114,108],[-56,22]],[[34690,43710],[-172,79],[-91,-108],[-107,44],[-24,-36],[-185,-10],[-35,-32],[-100,-46],[-39,-4],[-144,33],[-54,61],[-113,-33],[-69,25],[-24,67],[-74,56],[-14,41],[-149,-49],[-103,23],[-12,-60],[23,-31],[-89,-6],[-32,-29],[38,-48],[62,-39],[-8,-40],[23,-75],[-10,-25],[-55,-8],[19,-59],[-47,-69],[66,-20],[-40,-66],[-12,-72],[111,-2],[70,28],[-10,-58],[-31,-5],[-11,-58],[-56,-53]],[[32853,42899],[-87,-28],[-81,3],[-32,39],[-23,80]],[[32630,42993],[-6,60],[48,30],[-2,52],[29,61],[-73,-29],[-41,43],[25,78],[54,19],[-10,32],[-63,-41],[-54,43],[-27,-32],[-41,3],[-30,-41],[-40,-1],[-12,108],[-48,36],[-16,117],[-50,0],[-50,39],[-23,-56],[-38,-37],[16,-50],[-32,-49],[-47,22],[-48,-47],[-108,18],[-51,54]],[[31892,43425],[-20,73],[53,74],[42,30],[13,41],[-46,10],[-29,42],[-79,-38],[-13,-31],[-55,-8],[-6,62],[30,30],[59,184],[101,103],[-39,59],[0,144],[16,57],[-32,10],[-6,76],[15,75],[75,-37],[84,-23],[30,45],[108,47],[1,84],[34,52],[-26,62],[10,89],[25,61],[-18,68],[-46,32],[-49,115],[34,39],[-42,54],[-59,38],[24,41],[-26,41],[4,60],[96,76],[-24,31],[7,58],[-54,23],[-16,59],[38,67],[-4,35],[54,25],[1,94],[35,23],[68,-27],[26,45]],[[32286,45795],[50,24],[25,45],[93,-33],[63,33],[117,-28],[106,-1],[107,9],[93,39],[82,-3],[26,-20],[-17,-54],[53,-36],[-14,-30],[-123,-124],[93,-2],[19,-43],[-6,-72],[56,-36],[59,39],[75,6],[114,-8],[102,17],[34,21],[160,-68],[135,-2],[21,87],[-48,15],[59,56],[-37,78],[-56,1],[-2,99],[37,-8],[2,86],[38,11],[-3,56],[173,-18],[98,-61],[64,-81],[33,29],[67,20],[57,38],[57,-85],[66,-77],[-15,-38],[49,-36],[-20,-30],[76,-47],[87,-36],[67,-9],[13,-21],[-23,-68],[1,-59],[-40,-65],[46,-34],[-6,-44],[55,-30],[52,-67],[15,-69],[119,-49],[10,-24],[335,-96],[-17,97]],[[35218,44989],[132,58],[16,25],[69,37],[173,63],[90,20],[27,48],[174,-39],[-8,-27],[33,-47],[37,-14],[-24,-59],[79,-13],[46,-28],[-20,-43],[157,-28],[-10,-58],[32,-52],[-68,-40],[183,-11],[136,68],[54,12],[43,-16],[-30,-55],[2,-67],[29,-25],[51,-145],[56,-61],[51,-37],[51,13],[96,-29],[19,-99],[-53,-63],[17,-46],[57,-37]],[[41934,46655],[26,-62],[-15,-100],[-50,-80],[-51,-51],[-76,-124],[0,-81],[32,-60],[74,-39],[39,5],[223,-42],[71,-3],[48,-26],[51,-89],[70,-58],[50,-73],[135,-128],[124,-68],[85,-24],[87,-66],[68,-33],[43,-84],[64,-32],[51,-92],[107,-118],[44,-88],[53,-38],[26,-81],[32,-53],[65,-10],[48,-41],[26,-93],[83,-68],[39,-16],[92,-76],[252,-143],[86,-36],[48,-51],[83,-50],[59,-106],[6,-51],[46,-70],[73,-45],[27,-43],[-26,-58],[-81,-64],[-26,-107],[-42,-72],[0,-64],[30,-116],[25,-46],[80,-52],[18,-45],[-11,-52],[-47,-68],[-59,-51],[-11,-88],[-51,-52],[-30,-51],[-40,-33],[-42,-65],[-80,-11],[-73,-66],[-17,-47],[8,-124],[-49,-80],[-9,-53]],[[43286,42329],[-43,7],[-145,73],[-82,32],[-44,-15],[-62,-96],[-170,68],[34,116],[25,54],[-124,6],[-109,48],[-18,96],[35,32],[-32,158],[-29,61],[14,95],[-85,40],[-45,36],[-24,54],[-37,26],[-42,73],[-91,48],[-116,22],[-25,-56],[-9,-160],[-72,-50],[-158,-5],[-123,-51],[-73,28],[-13,-76],[-30,-27],[-62,21],[30,61],[-2,43],[-45,122],[-115,-31],[-115,-50],[-29,-53],[-7,-56],[-70,-90],[-73,73],[0,49],[-76,58],[-68,-24],[-21,49],[-49,44],[-71,-7],[-45,-23],[-60,14],[-80,-7],[-38,-54],[-53,-34],[-12,-52],[-43,-32],[-90,-4],[-4,42],[-137,-148],[-2,-21],[-110,14],[10,37],[-205,25],[-10,77],[59,67],[-91,24],[-78,3],[5,154],[-155,62],[28,28],[-29,49],[-97,1],[-68,-72],[-33,-71],[-24,-94]],[[35218,44989],[-19,107],[31,10],[79,-28],[95,42],[15,32],[52,32],[-69,35],[35,37],[191,144],[58,3],[-5,116],[13,95],[-64,17],[45,186],[21,-35],[76,29],[28,58],[-30,27],[127,68],[37,41],[49,5],[31,89],[-44,-8],[-31,31],[-95,22],[10,29],[104,-20],[57,12],[4,60],[-59,103],[-1,49],[81,7],[40,20],[83,1],[48,-71],[71,-18],[8,68],[-9,123],[-74,8],[-33,225],[146,95],[26,152],[-10,97],[35,72],[-45,179],[15,107],[-121,-8],[-25,56],[-75,22],[16,82],[51,73],[62,54],[-47,63],[8,194],[-12,15],[6,133],[-75,11],[-113,-17],[-63,4],[-51,115],[-45,-5],[-62,36],[-26,115],[49,-2],[23,43],[-22,27],[18,68],[45,22],[17,81],[143,-30],[4,21],[85,63],[-4,38],[93,31],[-112,28],[8,35],[-89,18],[-20,61]],[[36007,48889],[34,30],[69,8],[75,51],[-6,79],[51,6],[51,48],[18,39],[135,59],[26,-30],[51,109],[48,33],[18,-34],[46,18],[9,86],[-25,83],[33,39],[66,3],[51,-27],[22,60],[75,54],[35,-14],[107,13],[26,-20],[28,-79],[-2,-33],[61,-107],[53,-9],[82,-37],[48,80],[13,51]],[[37305,49448],[52,-104],[-50,-58],[27,-58],[78,5],[60,-30],[18,-56],[75,-26],[-45,-49],[107,-68],[43,-15],[-99,-151],[47,-31],[-78,-125],[40,-39],[9,-66],[66,-48],[28,-78],[29,-8],[9,-84],[53,-35],[79,-7],[39,-41],[69,-118],[-11,-63],[73,-11],[28,-57],[97,-22],[36,-46],[-35,-37],[14,-32],[-41,-108],[20,-52],[110,-19],[63,47],[56,-56],[42,-112],[129,5],[6,-57],[50,-3],[20,-28],[-49,-92],[107,-1],[26,11]],[[41590,38218],[-41,-54],[1,-131],[-25,-70],[2,-130],[33,-45],[91,1],[50,-79],[25,-12],[1,-105],[44,-32],[-8,-54],[-38,-58],[-59,-174],[-16,-87],[54,-121],[74,-21],[67,26],[22,-60],[-34,-169],[-29,-40],[-66,-4],[-66,-149],[-16,-72],[-48,-52],[67,-84],[37,8],[34,-33],[25,-61],[-3,-47],[25,-74],[62,-28],[130,31],[13,-25],[57,-2],[-12,-81],[49,28],[51,-69],[73,-11],[-64,-77],[-45,-103],[-75,13],[-2,-84],[-67,4],[-39,-14],[-43,-116],[31,-59],[-1,-42],[61,-19],[-9,-40],[17,-73],[-12,-48]],[[41968,35420],[-134,19],[-36,-78],[42,-68],[-14,-38],[-92,17],[-46,-11],[-37,-63],[-3,-52],[-34,-88],[-28,-28],[-70,-10],[75,-111],[-81,-60],[-172,64],[-29,-39],[14,-29],[99,-89],[-14,-70],[52,-58],[-100,-52],[17,-91],[-9,-78],[-40,-17],[-47,-70],[-58,-27],[5,-38],[-67,-41],[11,-63],[-43,-23],[17,-105],[-154,27],[10,149],[-81,28],[-55,-46],[-86,-43],[-102,-27],[9,-34],[-96,-14],[-45,-20],[-70,16],[-33,39],[-113,8],[-21,-48]],[[40309,34058],[-21,-1],[-61,-59],[-52,27],[-106,-16],[-36,-17],[-21,-56],[-73,7],[16,41],[-38,30],[-23,-46],[-71,-39],[-60,29],[-70,-10],[-37,17],[-75,70]],[[44182,41484],[82,-5],[148,-74],[64,-3],[78,-30],[67,-13],[67,-55],[26,-71],[52,-65],[-18,-45],[-22,-140],[-54,-70],[-47,-36],[-11,-67],[66,-72],[30,-72],[-11,-76],[-106,-135],[-16,-38],[25,-147],[-12,-75],[31,-78],[86,-88],[99,-27],[86,-68],[53,-110],[34,-38],[-6,-56],[-61,-57],[19,-77],[-4,-105],[-42,-32],[4,-43],[-71,-74],[-7,-47],[-43,-21],[0,-37]],[[44768,39237],[-88,48],[48,51],[-50,14],[-7,-40],[-116,-62],[-69,68],[-1,54],[-50,78],[-58,11],[-119,4],[-67,35],[-64,13],[-62,-36],[-76,-95],[-2,-79],[-38,-24],[-57,4],[-102,33],[-115,-24],[-45,70],[-4,123],[-42,52],[-12,92],[27,54],[-26,19],[-81,-83],[-96,-59],[15,-72],[-13,-40]],[[32286,45795],[-7,38],[40,17],[9,53],[-69,131],[-33,154],[12,36],[-37,48],[10,69],[-60,63],[-104,29],[-25,76],[-125,-110],[-64,-30],[-181,-61],[47,100],[-65,80],[12,108],[21,14]],[[31667,46610],[36,17],[284,83],[11,43],[37,47],[89,-6],[147,5],[193,48],[-20,77],[-41,62],[-31,71],[2,35],[66,63],[55,-29],[36,19],[44,-10],[67,129],[-5,64],[26,7],[-10,80],[15,33],[86,3],[20,28],[54,-27],[83,33],[28,27],[85,5],[111,43],[-4,99],[-32,53],[-14,59],[56,22],[4,77],[-50,88],[-34,-48],[-99,-72],[19,-41],[-25,-65],[-64,-7],[-46,57],[-53,-21],[57,-51],[-37,-52],[-60,22],[-4,45],[-104,123],[-95,94],[-52,21],[-10,69],[46,141],[31,11],[17,47],[41,12],[63,-24],[11,147],[54,15],[-242,144],[35,48],[-45,90],[62,55],[20,50],[34,-5],[15,49],[67,33],[9,28],[-47,112],[28,108],[-100,30],[-47,98],[59,28],[130,157],[18,43],[59,74],[-66,58],[-70,128],[-67,58],[21,16],[4,110],[-19,75],[-53,81],[42,39],[43,-10],[9,70],[20,37]],[[32670,50185],[34,-27]],[[32704,50158],[108,-46],[35,-38],[71,-16],[37,-30],[59,0],[26,-63],[-32,-80],[34,-41],[57,-4],[92,-39],[20,-34],[-2,-68],[69,-106],[89,45],[44,9],[132,-10],[24,58],[139,22],[101,-23],[83,-51],[170,-68],[31,-27],[57,59],[89,20],[101,11],[55,-17],[23,-88],[-32,-63],[37,-46],[103,-27],[123,-14],[34,-24],[100,11],[36,22],[43,-33],[-43,-127],[-51,-56],[100,-38],[26,-51],[81,-10],[50,29],[32,-7],[54,58],[39,-44],[49,42],[67,2],[59,20],[45,-93],[45,-14],[53,-56],[59,3],[13,63],[50,16],[55,44],[81,-2],[20,-57],[43,-20],[15,37],[-34,28],[48,42],[87,15],[55,-19],[22,-63],[-97,-54],[-1,-26],[-65,-21],[18,-40],[54,34],[45,-101],[51,-25],[22,21]],[[37662,42538],[0,-43],[-29,-103],[-55,-8],[-26,-98],[-77,-108],[-119,-47],[13,-18],[-13,-137],[-146,-64],[-106,44],[-73,-18],[-20,-46],[-93,-29],[-17,-57],[75,-74],[-24,-36],[-46,12],[-68,-34],[-5,-38],[76,-112],[-41,-62],[-82,-54],[-69,-59],[-35,12],[-65,-115],[37,-52],[-5,-56],[-43,-25],[-55,-102],[-45,-144],[-95,-88],[-24,-46],[-60,-19],[-179,-139],[-74,-65],[-124,-76],[-102,-11],[46,-119],[35,-2],[47,-53],[-17,-78],[108,-169],[-44,2],[-65,-112],[-30,-87],[4,-37],[-49,-6],[-19,-72],[5,-112],[52,-49],[11,-81],[-40,-15],[-33,37],[-72,37],[-117,-10],[-69,25],[-54,-69],[-63,-13],[-26,-51],[-61,33],[-8,-39],[-45,8],[-46,-185],[-99,-30],[-47,-34],[-157,-38],[-72,-26],[-3,-23]],[[34920,39055],[-59,30],[-14,29],[-61,22],[-61,-5],[-158,118],[-89,5],[-49,71],[-94,4],[-28,-33],[-20,-116],[-153,-22],[4,-78],[-62,-10],[-107,16],[-215,16],[7,27],[-22,122],[-190,50],[-77,85],[-15,117],[-100,12],[-45,-91],[-10,-63],[-78,9],[-39,20],[-25,48],[-64,30],[-56,54],[-43,67],[-69,12]],[[32928,39601],[-82,12],[-59,106],[-97,85],[-74,196],[-72,25],[-40,43],[-79,21]],[[32425,40089],[-32,87],[-8,78],[-28,74],[-79,40],[-26,30],[-56,114],[13,65],[-50,20],[-37,41],[60,132],[66,-34],[34,19],[-30,56],[-1,42],[44,41],[14,38],[-24,51],[57,40],[94,4],[51,69],[-26,76],[-95,62],[-17,34],[-86,19],[16,57],[35,55],[-18,19],[0,68],[59,188],[52,81],[57,138],[29,13],[64,142],[27,38],[-123,162],[12,38],[73,19],[26,61],[-59,26],[-11,37],[18,52],[39,49],[-19,90],[-52,-8],[-72,34],[-2,32],[96,61],[-21,60],[60,23],[23,150],[58,21]],[[27312,48533],[87,-5],[37,-38],[101,-6],[39,31],[70,-26],[24,-25],[106,20],[68,-38],[116,2],[24,39],[-35,109],[20,86],[46,-26],[58,0],[23,33],[91,-35],[104,30],[73,-47],[-2,-61],[54,15],[131,-29],[125,-2],[9,32],[61,13],[26,85],[-18,84],[27,16],[50,96],[17,52],[-31,41],[23,55],[-37,41],[-16,56],[20,71],[-38,50],[43,30],[74,-3],[71,37],[70,92],[68,30],[15,60],[44,31],[51,-29],[73,5],[39,33],[150,-12],[45,18],[38,-81],[101,-21],[1,-103],[65,-9],[76,33],[69,44],[128,-10],[174,20],[16,49],[-75,89],[-58,5],[-49,61],[68,-5],[37,13],[85,-22],[67,0],[65,-20],[63,93],[64,34],[40,69],[0,52],[61,-37],[69,-11],[84,10],[97,-6],[7,33],[51,62],[40,83],[2,33],[64,5],[6,-34],[47,-15],[49,53],[59,-6],[26,38],[-26,94],[19,48],[-28,96],[115,94],[86,46],[-25,87],[22,85],[110,-9],[23,-191],[137,-21],[-3,51],[132,-11],[34,87],[54,20],[22,-98],[62,-88],[92,35],[-3,61],[24,28],[107,-7],[87,41],[29,-118],[52,-91],[74,-43],[1,-32],[59,2],[48,30],[149,-5],[-1,-29],[73,-20]],[[31667,46610],[-40,-17],[-32,-103],[-75,16],[-71,-10],[-32,80],[-40,-19],[-43,36],[-91,6],[-186,-11],[-4,-48],[-66,-1],[-22,-36],[-42,-9],[-90,40],[-77,62],[-94,29],[-142,7],[-74,50],[-37,60],[-59,30],[-122,-5],[-70,30],[-29,64],[13,51],[37,50],[77,69],[6,63],[-24,34],[-78,39],[-90,-2],[-108,24],[-36,22],[-61,113],[-44,54],[-43,29],[-91,23],[-52,-22],[-110,-70],[-66,9],[-38,68],[7,103],[-23,58],[-60,25],[-97,-36],[-85,26],[-31,42],[-2,43],[71,101],[1,65],[-44,24],[-52,0],[-115,-48]],[[44768,39237],[25,-51],[-28,-105],[-50,-27],[5,-112],[33,-72],[38,-43],[-13,-87],[-58,-45],[-20,-42],[11,-60],[-30,-78],[-43,-55],[9,-54],[-63,-49],[-35,-47],[-53,9],[-37,-48],[-19,-91],[-39,-53],[-49,-16],[-58,-63],[-54,-2],[-26,-39],[-7,-86],[-49,-3],[-28,-29],[12,-67],[-17,-34],[7,-55],[31,-21],[40,-102],[96,-39],[54,2],[58,-52],[34,-77],[11,-95],[-13,-110],[52,-41],[-31,-123],[27,-33],[31,-89],[40,-18],[21,-51],[54,-76],[53,-29],[143,-137],[32,4],[18,-45],[-13,-33],[50,-27],[31,-93],[24,-33],[-33,-78],[24,-49],[1,-104],[-10,-52],[50,-79],[4,-86],[-72,-100],[-43,-16],[-62,-93]],[[44834,35758],[-112,129],[-56,-5],[9,-58],[36,-103],[-49,-22],[-37,-126],[-73,-73],[-92,30],[-82,0],[-41,-29],[-110,-5],[-41,92],[-14,87],[-82,27],[-11,45],[-55,7],[-46,-64],[-34,-14],[-48,14],[16,-82],[-33,-29],[-81,-13],[-48,-36],[-35,33],[-44,10],[-133,-21],[-99,-4],[-37,-31],[5,-88]],[[43407,35429],[-32,21],[-134,-42],[-28,-19],[-53,38],[-59,0],[-3,-65],[-54,-7],[-113,-102],[-52,-22],[-26,-102],[-55,12],[-16,91],[-113,55],[-161,62],[-83,-4],[-33,-34],[-31,34],[-61,7],[-39,44],[-41,14],[-72,-10],[-54,18],[-48,-14],[-78,16]],[[36847,38062],[-6,106],[-38,2],[-16,58],[-34,24],[-66,3],[-1,-52],[-115,-30],[-57,9],[-23,-54],[-209,28],[-49,63],[50,33],[-9,70],[55,8],[-15,72],[-115,22],[-26,-23],[-39,20],[-120,11],[-68,-27],[19,158],[-103,23],[23,101],[-126,10],[-88,27],[-4,-55],[-137,-36],[-11,53],[-72,-6],[-108,8],[-2,120],[-10,76],[-31,75],[-108,-34],[-111,-12],[-126,24],[3,96],[-34,22]],[[37305,49448],[-5,23],[55,102],[-30,41],[13,37],[73,56],[57,7],[29,56],[93,80],[199,-62],[61,41],[58,-3],[45,-73],[19,-72],[67,-136],[37,-3],[49,45],[61,146],[27,24],[54,124],[17,84],[34,29],[74,-2],[25,-77],[123,27],[60,90],[-5,32],[55,94],[82,17],[-17,170],[24,21],[2,66],[-42,9],[46,118],[88,-19],[20,65],[45,35],[-20,31],[19,57],[-30,103],[97,31],[21,43],[167,27],[20,21],[74,-38],[55,118],[-36,71],[37,17],[-12,48],[34,61],[42,-14],[73,104],[58,23],[143,106],[36,45]],[[39676,51494],[27,27],[103,-8],[28,37],[69,-67],[175,-21],[64,31],[52,47],[74,117],[-99,25],[-28,-31],[-48,107],[-75,23],[13,82],[-20,64],[40,170],[36,57],[43,-28],[-8,-74],[36,-45],[94,-164],[-12,-25],[135,-32],[157,-84],[-28,-87],[12,-55],[41,-21],[-44,-91],[216,-145],[-4,-79],[-54,-13],[27,-54],[-47,-53],[17,-39],[60,-46],[32,31],[112,44],[84,-1],[192,35],[28,-38],[197,-8],[25,-128],[31,-12],[58,21],[72,5],[58,53],[58,3],[20,56],[63,104],[76,-6],[173,-134],[94,-23],[73,12],[105,89],[86,-101],[-22,-61],[20,-67],[12,-96],[-6,-48],[-58,-175],[-39,-79],[-71,-108],[-128,-149],[-142,-138],[-66,-53],[-146,-155],[-53,-91],[-24,-110],[132,-12],[107,48],[72,15],[80,-48],[52,-12],[70,10],[55,-58],[69,16],[139,4],[70,20],[-19,141],[83,40],[75,20],[38,34],[61,116],[18,86],[162,-19],[8,31],[96,31],[28,-16],[32,66],[92,52],[66,-2]],[[43228,50254],[16,-44],[-44,-129],[41,-56],[32,-214],[67,-3],[50,-28],[23,-47],[4,-61],[-76,-95],[-20,-73],[-48,-40],[-64,-92],[-14,-103],[-33,-33],[-71,-16],[-40,-26],[-14,-116],[-42,-131],[17,-95],[21,-52],[70,-93],[-22,-50],[-14,-163],[-11,-48],[-41,-58],[5,-67],[-25,-142],[-38,-61],[-32,-109],[-64,-93],[-139,-101],[-19,-36],[-86,-92],[-95,-66],[-70,-75],[-42,-20],[-76,-62],[-78,-34],[-54,-7],[-78,-57],[-128,-64],[-41,-75],[-86,-26]],[[31018,57266],[65,27],[142,-16],[163,24],[77,49],[48,-123],[-19,-137],[-42,-76],[33,-107],[-25,-71],[25,-102],[58,-96],[60,-35],[100,-18],[89,12],[-10,32],[-154,-12],[-89,130],[-17,57],[12,43],[-21,100],[3,127],[67,62],[45,-16],[94,20],[3,65],[24,57],[-60,-7],[-41,33],[-75,6],[90,56],[79,87],[59,83],[110,195],[49,59],[83,70]],[[32043,57844],[194,-31],[118,22],[25,-23],[-20,-144],[-1,-70],[61,-45],[91,-104],[-180,-118],[-79,9],[-195,-15],[-38,-126],[-73,-8],[4,-57],[37,-93],[-31,-109],[-57,-49],[-4,-95],[127,-100],[35,-90],[-17,-123],[-46,-11],[-1,-76],[-99,-15],[-19,25],[-49,-13],[-49,-46],[-8,-39],[-48,7],[-108,-9],[-58,-36],[-85,-24],[-41,7],[-81,103],[12,29],[-26,60],[17,52],[-35,63],[-50,23],[35,94],[-81,81],[-21,56],[-75,48],[63,13],[-3,64],[22,56],[-34,23],[-27,68],[58,89],[-88,28],[-97,71]],[[28241,53166],[59,-20],[27,42],[42,-8],[25,-79],[30,-53],[1,-113],[-13,-37],[12,-123],[64,-39],[31,-67],[-16,-79],[21,-42],[-54,-29],[-36,-190],[-61,33],[-27,-38],[-103,-50],[8,-23],[148,-65],[14,-32],[-89,-17],[-21,-54],[-188,-40],[-7,36],[-177,-25],[14,47],[-118,35],[65,177],[-113,137],[19,27],[22,92],[-44,40],[5,76],[-60,92],[-35,-9],[-69,85],[-46,38],[-40,-3],[-38,44]],[[27493,52932],[10,48],[-39,41],[108,3],[23,66],[75,-1],[39,47],[71,-31],[16,-38],[59,87],[68,2],[18,-32],[92,31],[17,62],[124,-13],[4,-40],[63,2]],[[32704,50158],[66,132],[-35,68],[-57,15],[42,51],[-165,-1],[15,59],[-3,115],[-73,3],[-77,62],[124,87],[41,39],[44,8],[-68,87],[22,80],[-34,91],[43,40],[9,53],[-14,88],[39,48],[54,-11],[85,68],[24,94],[74,62],[-136,-1],[-53,12],[-38,91],[-86,57],[-2,76],[-58,85],[20,20],[15,104],[45,175],[-12,28],[17,86]],[[32572,52229],[53,24],[0,35],[118,90],[-15,43],[63,24],[44,-74],[95,3],[-22,-72],[84,-12],[12,-50],[38,-14],[19,47],[42,17],[29,75],[-91,153],[65,60],[-20,129],[21,20],[-7,65],[37,96],[-72,68],[-32,68],[4,27],[186,51],[41,-46],[86,-59],[23,56],[-53,73],[32,36],[-1,110],[63,-4],[-34,-47],[16,-32],[95,57],[75,-105],[-13,-36],[22,-129],[43,-36],[62,11],[36,29],[54,-4],[78,19],[30,-59],[146,-1],[93,-86],[83,-5],[69,97],[64,18],[20,55],[-84,62],[-36,46],[-53,129],[12,83],[67,124],[-15,76],[-44,8],[-3,60],[16,70],[-4,99],[86,3],[9,93],[-9,57],[165,-26],[102,49],[-12,68],[32,32],[-4,93],[7,136],[70,21],[86,2],[81,52],[-11,44],[14,71],[27,61],[-19,129],[60,34],[54,8],[76,100],[-66,76],[33,55],[-94,42],[93,194],[96,-9],[-37,55],[86,29],[-27,99],[-50,62],[-34,21],[-2,71],[33,45],[0,36],[99,142],[-35,69],[-33,16],[31,54]],[[35116,55855],[69,-44],[97,-92],[63,-94],[44,-25],[60,-1],[16,52],[82,-1],[75,25],[23,66],[58,34],[65,-9],[85,53],[17,32],[148,-5]],[[36018,55846],[144,-89],[-41,-49],[-54,-9],[27,-89],[67,41],[71,-7],[134,-104],[43,-103],[41,-7],[86,-64],[4,29],[87,-20],[92,-98],[38,-28],[109,102],[160,-104],[35,-2],[38,-51],[35,-103],[36,-48],[-85,-46],[-31,-94],[43,-9],[-25,-62],[-8,-119],[-56,-45],[-6,-42],[57,-62],[-37,-59],[1,-58],[53,-50],[61,-30],[133,-148],[70,53],[109,35],[56,-62],[100,0],[10,108],[67,64],[86,21],[24,125],[139,-47],[32,35],[54,-69],[60,-41],[15,-31],[-25,-84],[6,-42],[-31,-72],[-53,-59],[-55,2],[-62,34],[-48,-3],[-2,-136],[44,-15],[38,-73],[80,-81],[-76,-78],[35,-20],[22,-57],[127,114],[135,-78],[90,-33],[56,14],[92,-33],[156,-20],[119,-155],[-4,-82],[69,-122],[71,-45],[91,13],[115,31],[243,30],[28,-34],[65,-19],[111,-11],[89,22],[125,-19],[165,-90],[81,-10],[121,4],[-20,-50],[-128,4],[-80,-60],[-141,-33],[-94,-79],[-51,-65],[122,-85],[63,-15],[31,-50],[-15,-57],[59,11],[75,-49],[12,-53],[-47,-43],[-44,8],[-51,-52],[-94,-53],[-61,-55],[28,-64],[-1,-68],[80,-33],[-27,-82],[22,-156],[-41,-7],[-55,-50],[-33,14],[-101,-17],[11,-119],[-47,-36],[-9,-64],[120,-9],[7,-61],[-39,-75],[115,-106]],[[32043,57844],[78,59],[179,95],[170,97]],[[32470,58095],[-11,-75],[-23,-38],[111,-42],[41,-37],[20,-67],[-7,-80],[77,-44],[16,-36],[100,-21],[-19,-40],[37,-51],[80,-12],[19,-32],[-10,-84],[11,-38],[-88,-53],[14,-49],[56,7],[29,-20],[-41,-76],[-2,-53],[79,-33],[-46,-40],[42,-83],[19,-65],[-1,-174],[54,-17],[31,24],[51,-9],[50,28],[70,61],[71,-61],[56,-86],[-28,-13],[21,-105],[94,24],[25,18],[95,-35],[95,15],[78,-33],[20,-26],[89,39],[116,-157],[46,-29],[97,59],[20,-54],[76,-27],[64,-78],[96,-97],[74,-17],[39,-42],[66,-22],[-12,-57],[119,-92],[103,66],[41,55],[56,-25],[55,-66],[46,-14],[73,-65],[26,-43],[70,-23]],[[32572,52229],[-78,21],[-8,64],[-33,34],[-162,11],[-4,61],[-74,41],[-83,23],[-46,39],[27,63],[-62,104],[-21,141],[-78,16],[-69,-18],[-47,-33],[-94,-2],[-51,60],[-56,38],[-58,-43],[-20,19],[-71,-10],[-53,45],[-53,104],[-97,36],[13,36],[-21,58],[-50,1],[-20,71],[-37,62],[36,55],[-38,41],[44,34],[-21,56],[-54,7],[-69,-12],[-3,63],[-58,46],[-45,-21],[-19,31],[69,41],[-64,70],[-88,-14],[-40,-23],[-116,35],[-37,-30],[-52,10],[-70,-33],[5,-34],[-98,37],[-82,61],[-159,62],[34,78],[-17,25],[-86,0],[-94,25],[-43,32]],[[30001,53913],[-28,58],[44,82],[37,9],[13,58],[-12,53],[-48,100],[7,41],[-40,29],[-48,-21],[-121,52],[56,36],[-47,22],[36,104],[-42,48],[91,66],[-21,69],[-60,42],[48,77],[50,2],[57,26],[33,48],[-54,15],[32,70],[-18,99],[37,1],[37,42],[-20,90],[-27,0],[-17,132],[34,87],[-6,54],[35,30],[-114,70],[-85,20],[-29,-34],[-70,8],[-7,-36],[22,-79],[-86,-38],[-132,0],[-43,-30],[4,-34],[-58,-112],[-62,15],[7,35],[-45,122],[56,58],[-104,86],[14,61],[-13,46],[-123,30],[-51,31],[-46,-56],[-136,6],[-24,21],[33,110],[-42,35],[-5,102],[-91,76]],[[28809,56047],[73,59],[55,98],[-26,132],[58,34],[90,13],[13,39],[54,29],[11,107],[-65,107],[-38,8],[-32,-33],[12,-31],[-75,-22],[-42,-50],[-12,-52],[-40,-21],[-51,-71],[-39,-30],[-42,-63],[-33,42],[-18,97],[100,144],[43,32],[171,39],[100,73],[283,307],[48,44],[77,14],[220,-5],[115,9],[49,-27],[134,-37],[183,-19],[74,3],[202,52],[143,61],[147,52],[98,16],[169,69]],[[36894,60068],[45,-60],[-45,-19],[-25,28],[25,51]],[[34752,59234],[-35,-61],[-60,6],[33,56],[62,-1]],[[36735,58419],[4,-43],[-43,-52],[-45,51],[4,35],[80,9]],[[38835,58493],[-65,6],[40,53],[34,-16],[-9,-43]],[[35740,59490],[33,-38],[-30,-51],[-44,20],[41,69]],[[34545,59389],[66,-41],[77,-5],[27,-34],[2,-47],[-48,-4],[-104,31],[-82,-34],[-42,40],[21,30],[61,16],[22,48]],[[36341,59631],[42,-71],[-95,-78],[-105,13],[-153,-40],[23,58],[66,19],[51,-14],[38,18],[47,-14],[58,56],[28,53]],[[36777,60830],[50,-11],[12,-103],[-100,3],[-28,-63],[-71,-15],[39,-52],[-40,-27],[37,-179],[-17,-48],[16,-59],[-68,-75],[-43,-7],[-14,-74],[-38,1],[-27,-142],[-30,-14],[-2,-86],[11,-57],[-31,-174],[-36,-23],[-8,128],[32,169],[64,182],[35,167],[33,73],[29,103],[21,156],[-7,81],[-16,29],[105,103],[92,14]],[[37013,59912],[56,-10],[10,-50],[107,-16],[38,-40],[-1,-69],[-51,-35],[-39,12],[-104,-30],[5,-39],[-31,-38],[-60,6],[-32,-57],[-80,-6],[-74,-50],[-64,10],[12,67],[40,48],[66,166],[72,82],[63,37],[67,12]],[[38261,61490],[43,-57],[-32,-55],[3,-42],[-27,-51],[-62,-37],[-52,-4],[-72,-28],[-43,-61],[-27,-75],[33,-190],[48,-111],[71,-93],[91,-79],[116,-49],[62,-11],[41,35],[107,-15],[60,23],[38,-13],[71,25],[343,61],[225,6],[61,-46],[70,-33],[94,-112],[-19,-71],[29,-87],[-15,-92],[-58,-102],[-126,-58],[-105,-90],[-54,-21],[-35,-58],[-145,-123],[-24,-54],[1,-127],[36,-139],[47,-108],[67,-113],[70,-80],[43,-30],[98,0],[151,19],[50,-65],[115,-108],[34,-104],[49,-74],[104,-97],[125,-65],[-108,-22],[-59,-65],[-17,-97],[-32,-3],[-23,-46],[-20,-124],[20,-117],[24,-75],[-82,-39],[-39,67],[-82,55],[44,22],[36,-48],[50,-3],[-32,126],[-73,-37],[-88,11],[-49,-37],[-33,8],[-48,83],[50,42],[151,55],[7,43],[60,5],[30,72],[-124,20],[-30,28],[-91,-29],[-95,-63],[-140,-19],[12,29],[125,31],[165,90],[64,64],[2,56],[-31,11],[-113,-33],[-15,18],[-68,-32],[10,-38],[-141,-81],[-41,110],[-73,63],[-89,0],[-29,-53],[-76,-47],[-67,27],[-34,-26],[-65,5],[-55,31],[-60,-63],[-62,-15],[-17,-37],[-66,-28],[-4,-49],[-29,-48],[-71,-9],[-136,-97],[-36,-57],[-5,-78],[-79,-116],[-45,2],[-13,41],[-44,14],[-34,-69],[-81,-2],[8,-73],[35,-98],[33,56],[-43,7],[7,42],[39,10],[60,-83],[50,41],[20,53],[57,-7],[62,-70],[40,-133],[-40,-60],[-53,-17],[-77,-72],[-51,62],[-115,38],[-121,27],[-96,35],[54,112],[-19,94],[-42,18],[-8,-94],[-129,18],[-97,-45],[-110,49],[-34,55],[-127,40],[-77,-10],[-19,81],[5,46],[32,42],[-51,56],[-29,-55],[-36,-26],[-74,18],[-120,-71],[-17,54],[10,79],[70,64],[53,-3],[89,-64],[7,45],[-71,65],[-43,3],[-132,60],[0,55],[-49,42],[-48,16],[-11,31],[12,88],[36,78],[3,92],[18,40],[91,32],[69,1],[74,-26],[75,33],[44,3],[30,-40],[111,-9],[65,7],[-12,46],[126,34],[-15,48],[-45,-16],[-58,24],[-35,84],[1,40],[49,18],[-37,77],[-62,1],[-24,41],[-15,86],[-73,-35],[-90,-15],[-44,18],[-62,-29],[-44,2],[-4,64],[40,33],[62,165],[112,15],[8,-49],[35,-10],[24,98],[61,-7],[37,42],[64,-11],[-4,49],[27,32],[53,-12],[24,62],[-6,60],[-56,11],[-47,-38],[-37,22],[-1,85],[16,127],[-43,-1],[-100,-39],[-57,-5],[-107,19],[-42,50],[5,41],[-21,146],[-77,88],[83,-13],[70,2],[57,22],[125,15],[142,35],[85,-20],[106,-69],[67,-17],[8,-74],[-13,-91],[102,-54],[18,77],[-48,36],[22,58],[-19,95],[-30,20],[13,44],[113,97],[112,59],[9,37],[51,24],[65,-18],[-40,-84],[-6,-50],[-31,-56],[-63,-60],[97,-34],[1,-67],[-42,-38],[-42,-69],[28,-47],[46,42],[64,-8],[63,51],[30,59],[-58,73],[-115,17],[-8,30],[52,62],[46,25],[35,-118],[81,-69],[49,-67],[43,-82],[-30,-72],[-6,-71],[26,-73],[153,-63],[23,-90],[26,-8],[83,58],[87,21],[20,-56],[-32,-29],[-66,-144],[13,-37],[94,9],[78,-18],[29,-71],[-33,-32],[-92,-34],[-55,5],[-6,-85],[83,-26],[58,33],[34,-58],[79,11],[27,-30],[48,26],[-12,75],[-96,10],[1,36],[58,11],[42,-13],[88,40],[-7,46],[-42,25],[-84,-16],[-12,51],[43,2],[50,48],[8,132],[-12,22],[-108,38],[-109,-9],[6,49],[-23,34],[48,160],[27,55],[-28,86],[13,36],[-38,84],[-11,68],[-25,44],[8,44],[58,-9],[13,61],[-107,-19],[-31,-33],[8,-52],[-172,4],[-29,-14],[-75,68],[-39,77],[-92,34],[-56,-1],[-57,74],[0,115],[-67,154],[-88,-25],[-2,-49],[-49,-55],[-81,-46],[37,-67],[-13,-26],[-88,-22],[-45,-52],[-94,-23],[-36,-43],[-118,-16],[-69,-30],[67,247],[15,36],[105,162],[36,100],[4,73],[-29,97],[-92,-20],[-120,-89],[-66,-59],[16,-143],[33,-77],[-37,-25],[-7,-69],[-73,-28],[-102,-103],[-53,-23],[-37,-66],[-67,-25],[-14,48],[39,84],[75,27],[66,44],[89,96],[62,143],[-37,203],[10,44],[85,82],[45,59],[101,68],[114,63],[247,14],[196,68],[153,-14],[122,18]],[[32470,58095],[106,60],[94,70],[57,54],[78,111],[65,116],[108,233],[47,71],[54,130],[160,131],[81,112],[71,126],[48,159],[78,200],[59,112],[59,58],[38,5],[10,-113],[59,-75],[73,-53],[161,-35],[158,-18],[219,-57],[105,-11],[128,7],[312,-7],[92,-11],[181,-6],[174,4],[339,38],[-27,-48],[9,-35],[49,-59],[-29,-37],[-54,-31],[-43,7],[-95,-30],[-43,-27],[-47,40],[-138,33],[-84,-13],[-44,-28],[-68,-70],[-41,59],[-69,13],[-58,-15],[-11,-29],[-120,21],[-58,78],[-16,47],[-34,16],[-47,-30],[-73,32],[-130,-88],[-16,-109],[-68,16],[-26,66],[-50,58],[-37,-39],[-68,-23],[-33,-52],[-47,-28],[-65,-2],[-50,-28],[2,-71],[95,-49],[-97,-17],[-128,17],[-203,-118],[-61,47],[-70,6],[-177,-11],[-68,-21],[-100,-67],[-17,-113],[26,-53],[-2,-86],[-24,-40],[-50,16],[-26,49],[-50,5],[-32,-26],[62,-77],[-4,-65],[-57,-71],[-10,-40],[-90,2],[-34,-63],[44,-118],[79,-86],[-19,-42],[-77,-44],[29,-36],[56,-26],[89,-75],[108,-42],[83,-8],[94,12],[32,26],[-54,39],[-163,35],[-45,94],[-5,55],[58,112],[110,62],[91,16],[100,39],[4,67],[-41,82],[8,61],[109,7],[102,42],[75,-6],[47,60],[-4,65],[60,44],[13,37],[-81,23],[-1,36],[93,48],[6,26],[102,-74],[-7,-71],[56,-16],[44,15],[32,63],[-8,37],[98,17],[55,36],[96,39],[94,63],[22,53],[-57,28],[9,46],[55,35],[63,-16],[59,34],[54,12],[35,-66],[-130,-31],[-16,-54],[56,-67],[11,100],[80,11],[-6,-103],[30,-70],[3,-56],[106,12],[53,24],[15,-40],[76,10],[13,82],[26,78],[29,1],[11,-100],[54,-14],[42,-62],[24,-108],[0,-111],[44,59],[30,9],[116,-9],[34,19],[53,67],[73,30],[35,83],[5,88],[54,74],[16,60],[65,37],[56,56],[160,35],[18,48],[138,16],[47,25],[21,66],[82,29],[62,-21],[32,-43],[-4,-65],[-51,-27],[-17,-68],[24,-125],[119,-143],[69,3],[55,22],[45,-27],[52,-90],[8,-38],[-43,-50],[-47,-80],[18,-109],[36,-72],[5,-57],[53,-30],[62,-74],[7,-45],[-42,-100],[7,-60],[83,-80],[59,-35],[84,-9],[33,19],[51,68],[60,-63],[-102,-37],[-80,-74],[10,-35],[142,84],[81,18],[10,-52],[41,-4],[92,-74],[-29,-40],[39,-36],[51,-8],[164,11],[135,-51],[49,-81],[40,-157],[73,-105]],[[37700,57419],[-109,-125],[-52,-152],[26,-79],[-28,-12],[22,-82],[-5,-45],[-105,-15],[-90,-28],[-80,-67],[-82,-2],[-18,-20],[22,-76],[28,-32],[96,-24],[43,-87],[17,-59],[48,-39],[112,-56],[-56,-78],[-148,36],[-67,-57],[-20,-64],[-33,4],[-21,-46],[-39,-27],[4,-40],[-46,-47],[-49,24],[-61,-39],[-144,-39],[15,-52],[-133,7],[-8,25],[-107,46],[12,61],[-55,8],[-14,-34],[-47,18],[-46,-47],[-99,-27],[-24,-23],[-59,0],[-71,-49],[-30,-52],[-132,27],[-49,-108]],[[28360,56017],[97,-15],[21,-58],[-27,-123],[-41,27],[-24,-50],[12,-135],[-43,-21],[-41,-105],[-55,-76],[-48,27],[-8,79],[20,31],[-1,177],[-89,-76],[7,-71],[-8,-140],[-37,12],[-48,52],[-46,0],[-43,53],[-32,-38],[-47,43],[-19,141],[39,58],[112,78],[266,121],[83,9]],[[25480,55456],[151,67],[233,182],[127,60],[120,77],[106,39],[114,13],[90,34],[45,3],[90,-21],[133,-16],[72,24],[125,19],[46,-38],[13,-81],[36,-67],[88,-64],[52,-18],[67,-1],[60,44],[35,-49],[-34,-64],[-38,-7],[-21,-199],[31,-71],[112,-73],[101,1],[49,44],[73,37],[72,136],[44,2],[70,-129],[84,-68],[113,37],[81,-28],[-22,-64],[11,-54],[65,-50],[90,-44],[45,-92],[63,17],[-48,48],[11,58],[54,26],[81,100],[37,154],[-14,148],[-25,48],[99,0],[-12,57],[36,30],[-1,57],[-34,11],[70,123],[16,55],[53,40],[64,20],[7,56],[-61,-1],[-15,42],[54,29],[46,-67],[57,-5],[62,24]],[[30001,53913],[-40,-19],[-58,16],[-70,-39],[-53,63],[-14,84],[-89,-17],[-37,38],[9,67],[-57,26],[-16,-40],[-89,-31],[17,-38],[-20,-32],[-78,63],[-61,-25],[8,-48],[-28,-27],[-9,-73],[-63,-1],[2,58],[-51,30],[-43,-108],[-25,-29],[-208,1],[-40,13],[-20,40],[-107,-40],[-40,52],[-79,-38],[-38,55],[-108,-10],[-55,-25],[-1,-55],[36,-65],[33,-139],[-30,-159],[-49,-95],[-17,-128],[-58,-13],[-32,72],[-62,-53],[49,-53],[-69,-25]],[[27493,52932],[-77,-38],[41,-86],[64,-25],[-19,-45],[-45,-6],[-4,-63],[65,13],[53,-9],[-12,-65],[-46,-20],[-23,-65],[0,-78],[-92,-45],[-46,62],[-66,17],[-56,-18],[-21,-51],[-53,54],[-1,59],[-52,-5],[-42,-34],[-28,20],[-36,-33],[-3,-99],[-22,-35],[-68,-31],[-87,-56],[-47,2],[-44,-30],[-42,6],[-2,90],[37,64],[-73,63],[-76,-38],[-76,122],[-61,35],[-82,-36],[-51,9],[-18,-48],[-148,-10],[-123,49],[21,102],[-72,159],[-146,88],[-28,-9],[-62,24]],[[29443,54099],[-32,-27],[42,-51],[34,14],[-44,64]],[[42493,53396],[-59,-56],[-29,52],[88,4]],[[40798,56019],[-79,-19],[42,61],[37,-42]],[[38115,57307],[104,-77],[-40,-61],[-25,45],[-49,36],[10,57]],[[40119,57258],[73,-37],[44,-167],[44,-107],[55,-98],[120,-151],[99,-91],[167,-115],[109,-58],[129,-29],[265,-144],[55,-73],[116,-130],[204,-191],[136,-119],[127,-125],[53,-70],[96,-96],[67,-85],[105,-85],[103,-72],[-94,-98],[-18,-77],[42,-52],[16,-159],[-18,-118],[-32,1],[-56,42],[-191,-1],[-93,-14],[-206,7],[-61,30],[-120,-44],[-106,42],[-66,-41],[-41,-3],[-50,-78],[-70,-47],[-37,-49],[-38,17],[-98,-34],[-115,-23],[-87,29],[7,43],[67,-37],[63,17],[24,30],[-1,74],[-96,49],[-72,-129],[7,-22],[-41,-56],[-115,-27],[-61,1],[-75,21],[-88,70],[-100,-11],[-10,37],[29,39],[18,101],[84,-5],[42,10],[77,52],[89,-11],[62,76],[70,18],[65,89],[13,68],[25,23],[-5,50],[-27,38],[1,130],[-40,55],[-8,67],[-126,99],[-14,54],[23,110],[33,59],[31,15],[87,-5],[80,33],[100,-40],[-4,-126],[42,-33],[-112,-105],[39,-38],[-32,-76],[5,-78],[62,81],[13,41],[-18,65],[90,37],[68,8],[36,-28],[65,15],[-26,-60],[9,-39],[107,-66],[37,-5],[-25,86],[43,108],[26,137],[-12,106],[-26,127],[-33,58],[-86,19],[-31,-59],[-39,1],[-1,73],[-38,196],[-61,45],[-79,91],[-93,-7],[-19,16],[-121,20],[-28,-19],[-34,-102],[26,-16],[42,-94],[-33,-18],[-39,-58],[-12,-51],[-47,-70],[-144,-29],[-43,-71],[-41,47],[2,69],[62,102],[1,55],[42,-3],[29,67],[-112,67],[-52,-14],[-12,-37],[-113,-43],[-81,-81],[-27,-71],[-107,-6],[-52,10],[-31,57],[47,122],[47,21],[42,44],[-6,73],[43,38],[15,106],[29,45],[8,85],[24,69],[-33,91],[-70,9],[-42,67],[-48,22],[8,43],[-21,60],[-39,34],[-45,-4],[-23,101],[2,76],[36,66],[78,45],[120,14]],[[37700,57419],[50,-87],[66,-6],[-70,-128],[75,-11],[70,26],[121,69],[83,-58],[57,-26],[-8,-38],[-49,-18],[-81,-76],[10,-66],[31,-2],[86,36],[98,-63],[71,-138],[1,-99],[40,-75],[43,-48],[-3,-33],[63,-41],[53,-3],[53,-25],[62,18],[-7,31],[-70,96],[-9,62],[-36,87],[76,50],[185,49],[98,-9],[134,14],[245,66],[46,27],[84,83],[148,83],[88,73],[53,-5],[57,-56],[-39,-38],[-72,-16],[9,-75],[107,-35],[79,-70],[84,14],[-9,-36],[68,-48],[-48,-44],[65,-27],[50,-80],[113,-39],[22,-83],[-36,-48],[-1,-97],[-51,-98],[-49,-67],[51,-54],[-38,-55],[-30,-13],[-63,-63],[-85,-31],[24,-39],[57,-11],[6,-79],[72,-52],[43,-58],[72,-61],[71,0],[50,-55],[72,-42],[11,-38],[77,-104],[-3,-77],[24,-54],[67,15],[55,-20],[20,-47],[49,-15],[17,-50],[53,-50],[30,-71],[-22,-60],[-47,-40],[-66,3],[-120,-87],[-63,-95],[-21,-85],[-68,8],[-57,-46],[12,-73],[-49,-16],[-26,-38],[49,-88],[31,-31],[117,-4],[118,-101],[-5,-41],[20,-55],[36,-13],[93,-127],[36,-5],[34,36],[39,-72],[56,-5],[18,-50],[115,-101],[47,-53],[188,-47],[36,-28],[207,-86],[26,18],[125,-89],[61,-12],[144,-49],[81,15],[30,25],[109,-3],[15,-35],[63,-15],[133,97],[101,115],[94,-21],[59,-41],[60,-120],[-30,-71],[-41,-27],[-33,-66],[-97,-57],[-58,-23],[-29,-56],[38,-41],[122,-38],[107,33],[36,-85],[45,-40],[-6,-63],[-54,-59],[65,-74],[-4,-203],[138,-132],[29,-3],[-26,-321],[12,-118],[-58,-98],[24,-17],[-8,-61],[51,-58],[18,-59],[-19,-39],[57,-177],[120,-65],[18,-61],[-4,-52],[18,-101],[5,-107],[67,-7],[3,-71],[-16,-126],[21,-108],[3,-88],[80,-176],[28,-100],[-8,-142],[-14,-41],[76,-55],[15,-94],[20,-51]],[[36331,29329],[-32,-26],[-10,-45],[-94,-177],[2,-38],[-73,-10],[-82,74],[-2,-85],[-53,-61],[-5,-27],[-82,-54],[-58,53],[-81,-45],[3,-82],[-46,-18],[-83,23],[-86,89],[-13,69],[-53,-13],[-3,38],[67,35],[5,80],[-26,40],[-30,-29],[-53,-16],[3,73],[-142,78],[-26,36],[-122,-114],[-53,-2],[-53,-27],[-87,18],[3,22]],[[34966,29188],[-20,111],[-40,18],[10,52],[-79,48],[-30,37],[-53,18],[40,39],[29,-34],[114,-8],[8,40],[65,37],[-24,32],[114,100],[-6,151]],[[35094,29829],[98,82],[20,71],[38,26],[69,80],[63,2],[40,30],[85,12],[64,-27],[-13,-35],[76,-38],[50,-42],[18,23],[145,32],[58,-3],[16,22],[55,-32],[36,13],[32,-51],[-22,-37],[44,-60],[-15,-65],[-35,-20],[2,-105],[56,-12],[48,15],[18,-26],[61,-26],[47,15],[19,-36],[64,-20],[5,-56],[-32,-102],[-20,-27],[47,-39],[0,-64]],[[36331,29329],[70,-56],[51,-96],[67,-63],[52,41],[2,24],[81,19],[26,-17],[13,-63],[97,-97],[58,64],[96,57],[139,-26],[56,5],[30,-22],[72,-14],[73,-30],[27,23],[109,-87],[40,-21],[-41,-163],[57,-39],[65,45],[62,-14],[122,21],[68,46],[103,19],[30,-86],[32,-38],[-27,-65],[7,-139],[83,-75],[50,-70],[38,-98],[48,37],[48,-82],[35,-24],[-9,-90],[32,-22],[67,10],[74,-62],[101,-52],[9,49],[40,-15],[-29,-61],[-38,-15],[76,-87],[29,-6]],[[38622,27894],[-27,-22],[-11,-53],[-56,-43],[-63,-87],[-26,-54],[-69,30],[-55,43],[-58,-5],[-88,74],[6,20],[-55,109],[-48,56],[-5,38],[-100,21],[26,-179],[-38,-22],[-16,-52],[-125,-48],[-113,-91],[14,-37],[2,-131],[-126,-26],[-35,-27],[-62,150],[-95,-6],[-37,20],[-26,-63],[-41,-23],[-29,-44],[12,-61],[-66,-73],[28,-61],[-3,-58],[-96,-169],[-8,-55],[-64,-52],[11,-89],[-95,-14],[-35,26],[-90,21],[-40,-19],[-65,100],[-26,-6],[-132,-122],[-125,-23],[-105,10],[-26,50],[-40,34],[-57,-14],[3,-78],[-45,-100],[-23,-178],[26,-105],[-37,-85],[-107,-88],[-34,-77],[-30,-38],[-100,-41],[-144,-14],[-49,28],[-63,62],[-57,2],[-33,49],[-231,148],[-58,54],[-88,47],[-10,-67],[-56,-60],[-37,-16],[-24,57],[-102,-51],[-203,-92],[-25,-87],[-46,-36],[-66,-79],[-2,-87],[-58,53],[-72,50],[-42,59],[-55,-39],[-101,-7],[-87,41],[-82,-42],[-31,-39],[-96,5]],[[33979,26016],[1,137],[-235,164],[-189,167],[-33,48],[8,159],[-84,-22],[-57,53],[-49,85],[71,33],[-1,56],[-27,6],[64,85],[62,38],[106,23],[8,32],[61,46],[10,48]],[[33695,27174],[20,39],[78,60],[119,-8],[66,-38],[107,43],[45,55],[-45,70],[-46,21],[-55,-4],[-45,41],[43,112],[67,29],[-42,99],[77,65],[125,6],[5,74],[23,49],[47,46],[82,-4],[29,20],[67,-73],[160,93],[0,70],[-59,10],[-17,31],[10,76],[54,8],[1,52],[28,49],[23,86],[-77,13],[5,83],[-114,7],[-151,76],[-23,44],[-39,14],[42,94],[103,-28],[-4,54],[-57,121],[22,42],[127,19],[1,-68],[27,-51],[49,15],[61,-21],[72,109],[-30,34],[-23,83],[53,79],[62,38],[70,-67],[59,45],[0,52],[69,50]],[[35094,29829],[-39,-1],[-17,44],[-79,-42],[-29,29],[25,35],[-56,31],[-69,93],[-23,-17],[-32,64],[6,70],[-52,37],[-35,-44],[-34,-11],[-80,31],[-54,4],[-54,39],[-75,103],[-69,6]],[[34328,30300],[-56,43],[-52,93],[-47,194],[-2,79],[-22,65]],[[34149,30774],[82,-17],[37,19],[108,17],[41,38],[80,-21],[100,182],[72,-47],[103,-11],[-58,113],[1,45],[-89,31],[5,49],[45,17],[7,46],[39,11],[-28,141],[-44,54],[9,58],[44,69],[5,51],[40,32],[44,64],[-35,58],[22,43],[61,-8],[78,-26],[39,25],[64,-34],[29,38],[55,-22],[-18,-49],[42,-47],[158,16],[19,32],[94,-24],[71,-4],[74,40],[-23,24],[38,76],[-35,104],[25,67],[-31,11],[-35,68],[-70,54],[-47,-4],[-28,23],[3,47],[41,50],[4,57],[99,99],[-6,57],[27,27],[-12,37],[36,88],[38,16],[18,44],[111,-22],[12,67]],[[35710,32743],[66,12],[38,26],[73,20],[156,-26],[62,-62],[2,-49],[66,-19],[4,-52],[65,-4],[75,24],[3,94],[22,19],[66,-25],[73,48],[50,-63],[59,17],[17,76],[117,-2],[106,-11],[3,61],[73,-7],[106,60],[77,-36]],[[37089,32844],[35,-79],[-3,-64],[-63,-12],[47,-71],[33,-6],[30,-164],[-17,-58],[72,0],[14,-50],[87,-53],[44,-6],[-9,-119],[-23,-133],[17,-115],[-23,-35],[-44,-13],[-53,10],[5,-64],[71,11],[37,35],[24,-71],[6,-106],[-4,-110],[27,-70],[-28,-40],[-62,7],[19,-87],[104,-21],[-51,-49],[-7,-69],[-61,-71],[-15,-92],[-56,-41],[38,-44],[147,140],[43,49],[134,36],[129,19],[87,77],[115,40],[108,8],[72,-92],[63,-19],[40,-35]],[[38218,31217],[97,-44],[30,-71],[-68,-102],[-34,-112],[50,-111],[90,1],[62,19],[40,-14],[-5,-39],[-103,-77],[-94,-92],[-33,-110],[71,-2],[35,-66],[-28,-21],[25,-51],[48,-26],[-12,-73],[24,-106],[37,-11],[104,-68],[36,-84],[9,-69],[24,-59],[53,-69],[11,-50],[-26,-28],[-23,-81],[56,-14],[3,-37],[38,-52],[37,28],[63,-6],[35,-97],[39,-38],[-2,-44],[22,-43],[-58,-117],[3,-54],[54,-28],[63,-56],[100,36],[50,-53],[61,-177],[66,-39],[105,-85],[10,-28]],[[39383,28697],[-43,-6],[-35,-35],[-61,-30],[11,-49],[-86,-22],[-38,-26],[-66,23],[-105,-3],[-44,18],[-74,-28],[-45,-47],[-56,-10],[11,-45],[59,-63],[27,-116],[-154,-180],[15,-61],[43,6],[-6,-81],[-32,-23],[-82,-25]],[[30621,26159],[35,36],[-26,31],[-112,23],[-25,74],[2,44],[63,31],[58,9],[53,47],[49,-8],[48,39],[-38,28],[9,78],[18,24],[64,-5],[26,68],[-19,39],[-48,35],[-36,81],[-20,-22],[-46,59],[10,93],[-56,16],[-16,-52],[-154,-2],[-31,59],[-53,132],[73,102],[175,29],[32,83],[34,24],[-24,47],[5,36],[-32,60],[63,14],[41,33]],[[30743,27544],[66,63],[69,20],[91,77],[-34,77],[143,129],[60,-83],[-49,-40],[-35,-72],[78,-111],[76,-39],[-27,-126],[-66,-80],[80,-148],[29,17],[107,-9],[26,30],[56,18],[-9,73],[22,21],[-5,61],[28,16],[89,-6],[74,-91],[42,12],[18,48],[143,-5],[22,63],[-22,37],[-57,1],[-48,-30],[-127,55],[24,69],[157,66],[-4,39],[29,49],[-26,47],[21,63],[68,9],[64,-45],[34,-103],[41,19],[-13,72],[48,57],[14,44],[36,11],[134,-79],[41,47],[118,-16],[-6,105],[79,6],[96,62],[23,88],[57,6],[-1,70],[22,42]],[[32639,28250],[94,-18],[-5,-39],[49,-43],[61,83],[106,-4],[-9,-111],[53,-46],[41,-1],[16,-55],[31,4],[23,-63],[55,-24],[9,-44],[-63,-93],[34,-23],[93,7],[-12,-34],[46,-19],[18,-44],[-54,-91],[1,-58],[-32,-120],[53,-118],[115,29],[45,-77],[55,23],[62,-3],[37,31],[39,-64],[52,-8],[-6,-35],[49,-18]],[[33979,26016],[-46,-33],[-83,-31],[-78,-9],[-46,11],[-25,-22],[-83,-7],[-132,-219],[29,-126],[-14,-39],[-39,-24],[-62,67],[-55,-53],[-84,-62],[-32,-66],[8,-47],[-30,-40],[-28,14],[-113,-3],[-27,-24],[14,-44],[-12,-66],[23,-60],[-44,-92],[-64,-6],[-54,-29],[-58,-98],[10,-23],[-47,-75],[-10,-68],[34,-89],[-46,-40],[-31,23],[-47,-19],[-17,-109],[30,-32],[-41,-28],[1,-64],[-20,-24],[15,-46],[31,-11],[31,-67],[-46,-54],[-16,-111],[-35,-6],[-79,28],[-44,-5],[-28,95],[-60,46],[-13,44],[64,49],[-29,44],[6,46],[55,63],[-97,99],[-39,-11],[-63,43],[-5,27],[-72,57],[59,73],[21,-40],[48,10],[4,48],[-59,107],[-34,-23],[-72,22],[-99,-7],[-59,22],[1,138],[-31,31],[14,118],[-58,36],[-22,49],[10,39],[-195,-5],[-78,-24],[-26,-29],[-59,12],[-36,47],[-29,-37]],[[32639,28250],[16,41],[-37,31],[-32,-21],[-75,23],[-95,6],[-61,76],[-9,86],[-38,83],[87,79],[-30,102],[-150,-35],[-42,107],[6,70],[70,110],[14,-26],[98,-35],[101,108],[23,46],[-4,87],[-115,-17],[-59,11],[1,88],[-54,80],[41,49],[-2,29]],[[32293,29428],[47,-58],[87,53],[6,-69],[40,19],[-2,70],[74,55],[33,-68],[69,24],[137,16],[-4,71],[12,50],[66,34],[14,35],[110,34],[82,-12],[22,65],[55,-13],[-29,-76],[39,-55],[46,38],[42,-15],[18,58],[36,57],[-20,53],[21,39],[71,17],[9,33],[-25,58],[116,69],[28,37],[111,3],[17,21],[-26,63],[68,33],[20,-41],[65,-16],[74,39],[37,5],[67,-41],[194,41],[42,28],[27,-30],[73,-1],[8,47],[64,64],[-6,38]],[[39960,32386],[26,-5],[58,-69],[79,20],[59,-76],[113,-110],[141,100],[38,-26],[58,-7],[42,-114],[-91,-37],[13,-68],[36,-29],[38,-86],[37,0],[7,-82],[78,-83],[-35,-88],[-65,-54],[-25,-47],[127,-26],[57,-42],[1,-27],[103,43],[-32,22],[23,39],[57,-21],[65,-69]],[[40968,31444],[1,-56],[-37,-39],[31,-27],[-15,-53],[7,-66],[-45,-53],[-47,-6],[-88,-93],[-82,-10],[-23,-26],[18,-87],[-76,-37],[0,-37],[-117,-56],[-68,76],[-26,-45],[-39,23],[-31,-22],[-43,-76],[-28,8],[-41,-35],[-92,39],[-37,-24],[-12,84],[-39,20],[-57,-15],[-27,111],[-53,-7],[-66,60],[-65,21],[-40,-24],[-44,11],[-27,-32],[-99,-14],[-31,106],[-57,-8],[-28,50],[-3,73],[-16,40],[-49,-29],[-69,16],[-60,-11],[-50,26],[-57,-22],[-47,85],[-59,17],[-19,55],[26,52],[-23,62]],[[39019,31469],[39,22],[-1,76],[57,74],[-4,49],[-28,27],[78,26],[29,31],[50,10],[105,-50],[65,-43],[79,36],[60,-52],[32,29],[-4,58],[26,45],[-16,57],[79,-2],[-1,59],[33,78],[-9,40],[42,56],[107,-55],[27,37],[57,3],[51,52],[-37,33],[1,60],[-42,12],[-6,97],[-26,73],[98,-21]],[[43407,35429],[22,-94],[-61,-159],[135,-5],[30,-19],[18,-49],[-23,-148],[21,-49],[-25,-27],[103,-118],[-41,-90],[38,-19],[78,-2],[19,-37],[-8,-49],[57,-10],[16,-38],[-61,-107],[12,-38],[-68,-48],[-43,-85],[-42,-58],[-17,-51],[30,-56],[-41,-55],[-72,-131],[-25,-85],[35,2],[34,-34],[2,-88],[35,-87],[85,46],[73,24],[60,-5],[-13,42],[24,113],[49,8],[34,-88],[44,-23],[78,-146],[65,55],[51,-36],[-4,-64],[64,-7],[31,-30],[-35,-101],[7,-59],[49,-30],[10,-36],[50,-3],[-14,-108],[-30,-57],[70,-13],[48,-80],[-2,-50],[-32,-18],[-45,-84],[90,-71],[37,72],[37,-38],[-22,-68],[78,-58],[97,3],[-1,-84],[-35,-21],[31,-96],[43,-5],[38,-50],[-50,-62],[7,-52],[-48,-4],[-11,-51],[23,-94],[-73,16],[-43,55],[-51,-38],[-14,-45],[-34,-17],[-39,-73],[-4,-53],[-96,-7],[-33,-47],[4,-54],[-69,25],[-93,3],[-12,-49],[32,-19],[9,-61],[-67,-35],[27,-50],[-36,-76],[-74,-48],[-35,25],[-130,-10],[-216,-59],[-13,-34],[85,-76],[-24,-66],[30,-79]],[[43627,31294],[15,-60],[-7,-107],[-93,18],[5,33],[-50,48],[-59,5],[-162,-135],[-68,-7],[-93,44],[-34,37],[-3,83],[-47,8],[-58,49],[-108,-58],[-28,10],[-44,82],[-43,43]],[[42750,31387],[-6,56],[18,53],[-94,4],[-49,34],[-67,11],[-24,-48],[-43,-41],[-53,14],[-48,81],[-50,7],[-44,44],[-112,48],[-92,10],[-21,-32],[-12,-69],[-26,-36],[-46,4],[-19,-41],[-96,65],[-35,115],[-40,-5],[-113,-118],[-56,-4],[-38,26],[-52,-15],[-76,-1],[-55,100],[-18,-11],[-54,-151],[-55,23],[-44,-15],[-65,15],[-8,-34],[-109,28],[-24,-57],[-56,-3]],[[39960,32386],[16,87],[39,36],[76,24],[18,37],[-87,53],[8,51],[-73,19],[-25,27],[98,20],[28,86],[49,-33],[34,49],[45,11],[7,36],[-71,32],[12,45],[70,21],[-27,83],[89,58],[-79,33],[-39,31],[47,34],[23,45],[-55,93],[-28,90],[14,42],[75,88],[40,109],[-2,68],[130,-35],[24,35],[-31,77],[0,34],[-31,97],[-50,43],[5,46]],[[44834,35758],[-13,-53],[-35,-36],[-42,-83],[31,-56],[53,-31],[14,-51],[-24,-35],[10,-63],[41,-58],[71,-29],[55,7],[18,-32],[56,-10],[100,1],[47,-31],[42,-69],[32,13],[66,-34],[10,-33],[90,-84],[59,10],[36,-48],[81,27],[52,-48],[46,15],[78,-14],[19,-73],[105,-11],[48,-72],[-4,-33],[36,-52],[21,-60],[35,-30],[-19,-84],[-30,-73],[15,-60],[-41,-44],[47,-73],[-21,-34],[3,-93],[67,-93],[2,-44],[-21,-92],[22,-92],[-4,-53],[46,-107],[36,-11],[7,-49],[70,-44],[-13,-37],[30,-26],[2,-65],[35,3],[69,-60],[-8,-48],[12,-84],[37,-31],[-22,-29],[-3,-109],[-60,-33],[-7,-30],[71,-42],[-46,-28],[-8,-66],[-51,-47],[8,-57],[-27,-107],[-27,-31],[2,-44],[30,-30],[-47,-39],[21,-71],[-37,-86],[19,-28],[-61,-50],[38,-108],[-49,-68],[29,-79],[-9,-65],[-29,-61],[-34,-21],[-9,-43],[18,-66],[-12,-64],[-26,-46],[11,-90],[-42,-58],[-41,-115],[12,-43],[-80,-66],[13,-45],[-22,-78],[-59,-60],[12,-76],[-49,-117],[-57,-24],[16,-55],[-14,-116],[-73,-19],[7,-27],[-57,-152],[18,-78],[-30,-45],[-78,-37],[-18,-66],[-30,-52],[-72,-49],[-34,-71],[-115,-118],[-24,-68],[39,-88],[-20,-80],[-55,-71],[-38,-116],[-14,-116],[-36,-25],[-27,32],[-42,-31],[-53,-1],[-46,38],[-49,-1],[-14,37],[-40,3],[-64,-55],[-48,7],[15,74],[-58,72],[-93,-24],[-48,39],[-105,62],[-65,-11],[-71,51],[-72,22],[-1,57],[28,34],[39,121],[21,117],[85,67],[-4,170],[-10,46],[-59,-12],[-53,-39],[-55,1],[-73,-35],[-48,-39],[-51,-19],[-93,34],[-21,58],[60,104],[42,33],[24,86],[54,88],[15,201],[-90,53],[-13,57],[-97,56],[-126,-28],[18,75],[-66,48],[-135,29],[16,89],[33,76],[-38,36],[-48,-23]],[[39019,31469],[-25,7],[-61,-54],[-17,10],[-147,-9],[-129,2],[-103,61],[-68,-36],[-95,-67],[-10,13],[-94,-5],[-32,-85],[9,-39],[-29,-50]],[[37089,32844],[-4,47],[46,36],[-31,50],[-20,102],[60,10],[0,34],[40,43],[-50,69],[5,94],[34,38],[-44,151],[-17,148],[48,114],[-50,65],[-2,40],[-49,21],[56,35],[0,46],[-31,41],[-74,38],[31,38],[11,102],[55,24],[11,54],[33,6]],[[42750,31387],[-83,2],[-47,-70],[-14,-57],[-74,1],[53,-63],[6,-43],[-41,-63],[10,-44],[-76,-49],[-15,-34],[22,-40],[-41,-59],[0,-38],[89,-39],[31,-43],[84,13],[63,45],[62,6],[31,-26],[-14,-82],[-70,-1],[-53,-58],[72,-38],[-26,-57],[69,-34],[70,2],[42,-16],[130,-81],[76,27],[65,-68],[4,-80],[-42,-47],[-40,-12],[15,-69],[-11,-78],[-62,-22],[-124,25],[-3,-52],[-150,-35],[-83,-40],[-70,19],[-35,53],[-75,23],[-54,-47],[-103,-59],[-6,-68],[-60,-126],[-35,9],[-59,-64],[-67,-23],[-152,-19],[-84,-54],[-60,-58],[-31,3],[-100,-33],[-39,-33],[-44,-1],[-59,-62],[-3,-53],[-75,-20],[-34,16],[-80,-9],[-32,-48],[-36,0],[-24,35],[-61,20],[-101,68],[-23,-28],[-78,-45],[-86,-31],[10,-56],[-84,-88],[-105,-7],[-73,41],[-38,-39],[15,-41],[-36,-85],[-24,-25],[12,-72],[54,-88],[-19,-71],[-96,-42],[-49,36],[-36,-25],[-8,-73],[-22,-30],[-57,-16],[-47,14],[-38,-22],[-60,30],[-40,45],[-114,3],[-34,22],[-35,-27],[-65,23],[-27,-41],[-64,-30],[-62,54],[-73,-72],[-29,-66],[-79,11],[-130,112],[-73,-13]],[[33548,33923],[49,-104],[95,-1],[6,-42],[48,-59],[-55,-34],[79,-62],[-42,-60],[25,-87],[-173,-26],[-23,-115],[1,-59],[-34,5],[-41,-138],[38,-49],[-73,-22],[-35,29],[-119,61],[-6,117],[-77,22],[-89,-15],[-22,-26],[-44,22],[-55,-15],[-44,14],[-50,80],[-38,-14],[-72,46],[9,-105],[-55,-133],[-70,30],[-24,-46],[2,-71],[-27,-1],[-64,-112],[-55,-17],[-41,18],[-78,-16],[-63,-29],[-34,41],[40,64],[-31,63],[-6,86],[-20,77],[27,14],[-16,52],[57,-3],[11,-36],[83,-5],[-35,49],[-47,20],[-6,80],[-54,4],[-39,114],[-33,37],[-4,73],[52,39],[56,14],[-43,48],[-33,84]],[[32256,33824],[-12,99],[9,106],[83,67],[-3,71],[48,60],[-19,49],[-4,71],[36,12],[-12,56],[91,-14],[131,-6],[108,6],[129,-4],[27,35],[56,19],[111,-36],[17,42],[70,34],[46,-20],[96,34],[-6,145],[60,-38],[91,-9],[7,-84],[85,-8],[22,-75],[-24,-39],[-69,-4],[-50,26],[-33,-12],[-8,-72],[56,-74],[7,-58],[-25,-31],[9,-52],[52,-7],[-21,-106],[-28,-18],[63,-60],[96,-6]],[[34149,30774],[-5,37],[-77,62],[-102,-29],[-35,0],[-59,47],[-59,28],[-61,-16],[-53,16],[-9,27],[69,34],[-23,70],[17,85],[-38,9],[-63,-21],[-14,-39],[-45,15],[24,58],[-46,66],[9,83],[-14,56],[33,12],[-35,91],[-26,17],[-136,-16],[-42,70],[-14,99],[-27,-9],[-18,-53],[-145,8],[-53,-43],[-52,37],[-30,53],[-96,-55],[-72,22],[-38,40],[16,80],[-127,79],[-66,-83],[-56,6],[-13,25],[-71,-54],[-37,7]],[[32460,31695],[-25,62],[-80,8],[-7,-20],[-140,40],[-62,59],[23,104],[49,12],[28,50],[-56,53],[-172,47],[11,156],[40,88],[27,9],[8,92],[-100,15],[-94,-33],[-6,73],[69,11],[23,35],[-11,69],[59,78],[-16,27],[-30,168],[5,37],[-19,135],[-80,5],[-1,64],[-37,-1],[24,80]],[[31890,33218],[-10,152],[-58,-13],[1,82],[-15,67],[-35,81],[86,7],[26,57],[60,3],[60,37]],[[32005,33691],[142,79],[96,25],[13,29]],[[33548,33923],[182,109],[53,-24],[128,43],[77,-13],[23,58],[55,29],[57,-18],[-1,77],[46,37],[1,81],[72,16],[68,50],[16,41],[-36,114],[20,59],[31,15],[52,63],[20,-29],[66,48],[56,-45],[102,-8],[31,78],[163,-9],[91,45],[34,45],[60,35],[46,-40],[80,-33],[16,-63],[60,-21],[79,-10],[66,-23],[116,-1],[35,-70],[84,-23],[52,-65],[39,-26],[12,-61],[57,2],[36,-29],[-36,-71],[12,-77],[-59,10],[-45,31],[-66,-3],[0,-79],[25,-121],[56,-1],[42,-23],[5,-44],[45,-6],[-32,-108],[-72,7],[-76,-71],[-15,-35],[2,-71],[-46,-102],[-72,-38],[28,-22],[-62,-62],[18,-55],[129,-93],[-15,-58],[29,-30],[52,-2],[-17,-44],[26,-36],[74,-1],[15,-52],[-38,-25],[7,-92],[-40,-34],[-30,-59],[43,-43],[-66,-10],[32,-72],[64,-22]],[[32005,33691],[-16,177],[29,54],[-51,14],[-18,92],[-40,52],[18,80],[-16,93],[10,50],[31,37],[14,83],[-17,96],[-58,15],[-7,-32],[-63,20],[3,162],[-45,90],[123,42],[17,55],[-4,61],[138,24],[20,59],[-11,47],[-56,88],[-5,190],[31,0]],[[32032,35340],[42,33],[15,55],[107,44],[24,48],[-16,67],[52,48],[52,-52],[77,-4],[83,10],[41,29],[102,30],[30,76],[122,32],[25,42],[98,-29],[11,25],[74,3],[86,-14],[50,-23],[71,1],[-8,50],[17,93],[48,0],[27,80],[97,-48],[50,17],[77,-8],[2,-31],[-42,-24],[30,-34],[29,38],[39,-3],[-5,61],[51,28],[191,-40],[18,42],[59,-2],[7,37],[68,20],[28,89]],[[33961,36126],[31,-31],[66,9],[35,28],[90,10],[-7,-103],[72,12],[45,27],[14,40],[47,43],[40,11],[3,87],[53,63],[4,43],[45,59],[65,-13],[34,16],[57,-10],[67,-37],[48,-9],[62,-50],[61,-25],[41,7],[48,53],[52,97],[76,15],[96,66],[8,46],[44,14],[61,-13],[52,-40],[9,-95],[34,-68],[65,27],[41,60],[35,-44],[-23,-64],[28,-49],[32,-17],[92,31],[50,-7],[58,-90],[40,45],[-3,49],[114,16],[-26,104],[86,44],[88,-13],[52,-26],[44,-86],[-13,-60],[29,-79],[139,86]],[[32449,38981],[-9,-83],[-50,-17],[69,-123],[37,0],[78,72],[33,-24],[40,-77],[-63,-68],[12,-142],[47,-17],[-23,-37],[26,-80],[4,-84],[-52,-21],[-72,-51],[-62,-125],[1,-27],[77,-64],[41,-81],[51,-35],[-2,-48],[20,-71],[-2,-56],[-73,-92],[7,-46],[60,-48],[-2,-23],[109,-31],[-9,-76],[42,-91],[-23,-65],[0,-105],[41,-112],[-77,-14]],[[32725,37019],[-76,2],[-13,56],[-34,13],[-35,85],[8,47],[-31,22],[0,57],[-53,103],[30,61],[-67,32],[22,37],[-40,36],[-35,-68],[39,-33],[-46,-50],[-32,26],[-128,-12],[-2,-34],[-47,-125],[-6,-64],[-77,39],[-277,120],[-101,37],[-93,14],[-9,78],[21,69],[-20,57],[68,29],[37,36],[-5,60],[-26,2],[12,134],[37,88],[8,141],[-63,47],[-90,-1],[2,62],[43,161],[67,-14],[9,58],[142,-13],[58,13],[6,39],[-46,43],[-1,49],[-59,16],[-12,47],[101,30],[13,-29],[54,11],[0,46],[54,16],[56,46],[6,172],[94,-5],[1,61],[101,-24],[74,36],[85,0]],[[31038,35418],[76,-5],[-39,-98],[77,-18],[-11,-83],[36,-45],[-6,-35],[30,-76],[46,-26],[133,-12],[62,43],[31,-53],[-7,-54],[-66,10],[23,-97],[-130,13],[18,-134],[-75,-15],[-2,-65],[-42,-38],[2,-72],[-45,-23],[24,-49],[-43,-72],[-41,-23],[33,-67],[-51,-49],[-19,45],[-75,-24],[-41,2],[-99,32],[-36,-21],[-26,30],[11,175],[-18,24],[-170,62],[0,39],[73,35],[-34,77],[-45,35],[-131,-11],[-11,78],[-72,16],[-39,102],[-7,49],[81,-8],[-110,189],[65,13],[38,30],[-6,94],[18,30],[78,3],[70,-40],[34,-45],[64,46],[49,-9],[29,29],[89,52],[110,0],[77,27],[20,-13]],[[29532,40882],[-39,-34],[-49,-70],[77,-122],[42,-17],[-17,-37],[-15,-115],[23,-45],[43,-3],[33,-34],[-45,-173],[11,-115],[22,-60],[114,6],[23,-63]],[[29755,40000],[-46,-22],[-1,-43],[41,-42],[80,-32]],[[29829,39861],[-5,-28]],[[29824,39833],[-49,-14],[22,-53],[-43,-33],[-35,-115],[-41,-41],[-56,-23],[-46,44],[-25,-24],[-70,68],[-72,-61],[-85,-42],[-15,-47],[-68,-56],[-51,41]],[[29190,39477],[-45,49],[-22,78],[2,51],[-42,-6],[-3,47],[-61,29],[-17,80],[-181,-35],[-49,21],[-55,-49],[-115,43],[-12,86],[34,14],[32,89],[-11,32],[36,130],[-3,41],[32,150],[27,93],[66,-11],[-2,64],[-39,59],[40,5],[4,86],[35,-9],[4,64],[147,65],[35,-17],[115,52],[101,97],[-53,246],[178,-11],[83,-178],[1,-55],[80,5]],[[28522,47031],[26,-58],[120,-74],[83,-28],[37,49],[-68,57],[10,15],[113,-49],[17,-75],[31,-46],[53,-31],[67,-76],[38,-16],[66,8],[77,-34],[-58,-104],[-43,-5],[-14,-34],[49,-25],[39,-135],[-30,-44],[-100,-10],[-69,16],[-79,-33],[-26,-41],[-92,28],[-93,10],[-40,-84],[-75,-15],[-112,-1],[-107,11],[0,-34],[47,-105],[0,-74],[20,-13],[110,-12],[129,16],[53,-136],[-52,-21],[-84,-75],[-26,-45],[-11,-68],[16,-33],[63,14],[63,-5],[38,19],[59,-43],[47,-10],[-40,-80],[-74,-61],[-52,-16],[-38,-39],[5,-66],[-16,-77],[16,-104],[-50,-94],[-111,-85],[-41,-2],[-48,-30],[14,-50],[-10,-75],[42,-25],[39,-143],[-56,-7],[-65,-42],[-50,-57],[-103,-21],[-78,3],[-85,-67],[-36,-51],[5,-26],[86,-10],[28,-64],[87,1],[49,14],[17,-48],[90,-12],[13,31],[77,-19],[102,10],[83,63],[71,14],[141,-29],[116,24],[4,-92],[-22,-71],[23,-99],[-41,-154],[-10,-80],[-39,-81],[15,-106],[-26,-80],[34,-28],[74,-10],[-22,-185],[20,-81],[77,47],[-91,-291]],[[28938,43031],[-126,-402],[-583,-194],[-20,109],[61,6],[-19,60],[-232,144],[-84,-29],[-35,73],[-49,-6],[-85,-39],[-18,22],[-77,-28],[-77,1],[-1,52],[-58,79],[-76,-16],[-96,-71],[-176,63],[-45,-21],[-112,28],[-291,-39],[-110,56],[-37,39],[-92,39],[-75,46],[23,23],[-89,101],[-25,73],[-2,59],[-43,53],[-10,78],[-53,53],[-81,-84],[-48,39],[-85,-52]],[[32928,39601],[-11,-145],[-45,1],[-83,-26],[-46,-46],[-50,-104],[-40,-55],[-60,-31],[-78,7],[-83,-18],[-65,-53],[-49,-8],[36,-58],[89,-8],[6,-76]],[[32725,37019],[-61,-60],[13,-73],[112,17],[31,-67],[47,-38],[-97,-29],[23,-77],[3,-73],[55,-3],[46,47],[8,33],[71,28],[49,-28],[85,2],[90,66],[172,17],[54,-19],[-15,-71],[14,-99],[105,2],[12,-98],[67,-40],[32,-45],[59,30],[102,-1],[4,37],[124,-9],[-25,-236],[-30,-29],[65,-43],[21,-34]],[[32032,35340],[-5,30],[-54,0],[-91,123],[4,86],[-17,18],[-12,156],[-212,-9],[-206,21],[-114,18],[-65,-3],[-32,45],[-42,3],[-1,42],[73,24],[-17,50],[8,64],[-46,30],[-33,48],[-4,59],[74,49],[-12,78],[-73,11],[-234,15],[-66,-29],[-54,-9],[-52,27],[-113,7],[-53,17],[-24,31],[-71,46],[-54,58],[-49,24],[-40,65]],[[30345,36535],[-16,24],[-122,42],[23,40],[21,129],[-1,53],[44,35],[8,144],[-10,64],[60,12],[8,71],[75,1],[39,114],[-66,16],[-54,33],[-11,48],[35,29],[-29,36],[-56,25],[1,108],[40,-31],[26,79],[22,-11],[42,60],[8,72],[-47,23],[-6,37],[-73,91],[74,137],[176,84],[54,75],[21,50],[78,12],[149,-113],[63,16],[12,57],[73,-33],[26,54],[42,-3],[47,-45],[-3,91],[-40,55],[-136,129],[-45,28],[-38,65],[-10,73],[-82,54],[-113,152],[-70,51],[-67,95],[-76,84],[4,119],[28,73]],[[30473,39239],[167,0],[76,22],[69,36],[1,36],[58,65],[12,35],[104,10],[37,61],[50,1],[66,45],[18,92],[23,-9],[38,89],[3,41],[128,-61],[52,61],[49,93],[98,-5],[70,-24],[118,-24],[120,46],[98,12],[33,19],[51,66],[49,17],[11,88],[37,26],[117,3],[39,-13],[111,-8],[49,30]],[[28938,43031],[283,93],[-23,-44],[121,-14],[54,10],[90,-40],[46,-1],[84,-261],[46,17],[36,-44],[-37,-84],[-39,-31],[153,-63],[96,-5],[35,-23],[78,96],[-81,58],[43,24],[38,-49],[63,-37],[77,35],[119,-115],[-29,-92],[-4,-68],[-81,-79],[50,-2],[9,-63],[69,-80],[56,11],[13,-72],[-61,-12],[35,-119]],[[30277,41977],[-54,-14],[-55,7],[-61,29]],[[30107,41999],[19,75],[-15,36],[-100,56],[-54,-32],[9,-76],[76,-34],[-1,-22]],[[30041,42002],[-60,-46],[16,-45],[-51,-13],[-97,-89],[-15,-68],[3,-67],[-57,-150],[-47,-51],[-74,-144],[-141,-88],[-8,-57],[21,-131],[40,-67],[-2,-75],[-37,-29]],[[29190,39477],[-87,-3],[26,-70],[-105,3],[-14,-20],[17,-275],[-8,-139],[-30,-28],[-117,11],[-144,-15],[-126,-24],[-61,1],[-15,48],[-73,32],[10,30],[-57,21],[-3,24],[-114,29],[-59,54],[-2,127],[-54,3],[-106,-20],[-29,-30],[-23,-98],[-48,-71],[-81,20],[-41,-63],[-32,35],[-102,-144],[41,-14],[-6,-84],[68,-16],[-25,-79],[55,1],[1,-48],[-92,-136],[-34,-29],[-29,-102]],[[27691,38408],[-30,42],[-43,-29],[-56,11],[-19,-36],[-78,60],[-107,-15],[-29,-28],[-50,10],[12,-80],[-50,32],[-9,34],[-120,61],[-19,87],[-62,-15],[-9,45],[-89,30],[-20,-34],[-60,-45],[-26,28],[-41,115],[-6,47],[57,49],[43,84],[-34,18],[9,62],[-50,15],[-52,-13],[-14,57],[51,60],[-51,63],[2,106],[-208,0],[-97,47],[-2,50],[-39,-2],[-5,125],[-69,-26],[-15,40],[17,78],[-65,-10],[-162,27],[-54,51],[-142,47],[-89,10],[-24,30]],[[32460,31695],[3,-49],[-130,-165],[19,-136],[-59,-43],[9,-58],[62,0],[43,26],[71,-25],[34,-52],[-11,-105],[-46,-58],[9,-27],[-43,-35],[-51,-101],[-53,-60],[-55,-38],[-23,-37],[-17,-93],[26,-25],[-15,-83],[-73,-71]],[[32160,30460],[-50,1],[-16,54],[21,31],[-17,47],[-71,-18],[-78,158],[-98,-78],[2,-65]],[[31853,30590],[-68,46],[-77,-28],[-33,39],[-67,31],[-49,37],[-91,22],[-56,-14],[-106,-50],[-79,34],[-95,-30]],[[31132,30677],[-51,7],[31,55],[-14,61],[-28,0],[-11,59],[-44,13],[-120,-19],[-29,74],[37,0],[15,37],[-20,50],[27,38],[-39,35],[-36,-2],[-112,117],[-109,-51],[-25,4],[-28,120],[-83,49],[10,28],[-58,51],[-53,4],[-67,-40],[-72,6],[-89,-12],[-63,-31],[-67,-5],[-86,44],[-62,5],[-13,-68],[-63,-17],[1,41],[-39,6],[6,70],[-85,60],[-21,34],[-56,22],[-58,-24],[-46,11],[-3,84],[-16,66]],[[29493,31659],[-3,39],[-36,53],[-71,46],[-65,58],[-77,-32],[-60,2],[-77,-23],[-93,76],[-62,11],[-90,34],[-47,-66],[-74,3],[-11,-77],[-112,20],[-57,26],[-8,-42],[-128,-4],[-3,24]],[[28419,31807],[-107,62],[11,96],[-74,185],[106,12],[37,88],[-43,91],[-3,171],[-73,42],[-26,-17],[-23,122],[-90,36],[-67,-35],[-49,-7],[3,-39],[-74,7],[-2,108],[-36,21],[-96,19],[13,58],[45,48],[14,54],[32,44]],[[27917,32973],[77,-25],[5,-55],[56,40],[66,120],[18,-7],[61,102],[75,84],[-20,23],[11,54],[41,34],[27,-18],[26,67]],[[28360,33392],[131,-132],[99,-35],[44,84],[61,-35],[47,-55],[78,26],[19,74],[-3,56],[103,97],[50,-29],[43,110],[61,8],[27,26],[59,-48],[-28,-68],[43,-23],[50,-78],[53,-31],[97,-113],[55,5],[55,-89],[66,44],[201,78],[39,25],[91,-117],[52,-14],[-13,-77],[12,-94],[42,4],[68,-27],[62,26],[13,-80],[62,82],[48,-92],[159,55],[42,4],[18,-48],[50,-42],[62,2],[61,23],[29,154],[-19,126],[88,10],[132,-15],[6,46],[45,-1],[100,58],[16,-45],[196,79],[64,0],[-24,-52],[23,-69],[31,-25],[-66,-58],[39,-20],[-12,-43],[67,-12],[52,-36],[8,78],[59,21],[108,9],[19,59],[158,16],[14,71],[118,-27]],[[27691,38408],[-64,-117],[31,-20],[37,-76],[-46,-56],[29,-33],[-19,-77],[21,-20],[-21,-54],[-71,14],[-9,-92],[-46,8],[-81,-75],[-73,28],[-61,4],[-29,-35],[-37,-79],[11,-46],[-83,-45],[67,-70],[104,-42],[-12,-80],[39,-121],[96,-75],[139,-32],[44,73],[14,63],[30,-15],[20,54],[158,-36],[109,-42],[21,-149],[27,-9],[-8,-61],[-44,-74],[15,-34]],[[27999,36987],[-56,-134],[28,-120],[-73,-63],[-96,5],[-43,-41],[-45,-17],[-55,-54],[-7,-73],[-123,-78],[-17,14],[-81,-22],[27,-57],[-38,-32],[-44,6],[-44,-27],[-62,-1],[-37,-63],[-59,34],[-27,-12],[15,-58],[-6,-57],[48,15],[28,-66],[-41,-15],[9,-87],[-62,-35],[-10,-68],[-79,-57],[-53,37],[-44,-31],[-24,17],[-87,-28],[-38,27],[-40,-50],[-12,-74],[12,-28],[-82,-55],[-49,-12],[-36,18],[6,42],[-66,42],[49,39],[60,-41],[25,34],[-69,23],[-3,57],[-53,8],[-66,-18],[-14,76],[-68,20],[-38,-18],[-80,0],[-2,-36],[-100,-17],[11,58],[-37,87],[-40,4],[-50,66],[40,42],[-39,20],[-107,15],[-107,-35],[-36,72],[-190,-27],[14,-49],[-65,20],[9,-50],[-37,-34]],[[25543,36045],[-112,-47],[-37,12],[-97,132],[-42,39],[-46,-15],[-85,-4],[-61,-54],[3,78],[-18,47],[-161,22],[-71,22],[-40,39],[-76,-72],[-62,39],[-55,-1],[-87,-35],[-39,12]],[[30473,39239],[-10,84],[-45,86],[-36,34],[-55,-3],[-55,26],[-17,48],[-55,31],[16,39],[40,0],[8,57],[-10,64],[-67,45],[-98,-5],[-58,47],[-150,-7],[-57,48]],[[29829,39861],[-31,97],[-43,42]],[[30041,42002],[66,-3]],[[30277,41977],[60,43],[65,64],[102,61],[50,73],[12,64],[59,38],[72,0],[33,39],[-17,40],[-46,36],[0,42],[64,42],[93,24],[39,47],[41,105],[71,79],[20,64],[-2,119],[42,78],[-1,27],[-61,79],[-21,77],[-2,106],[-43,84],[-68,69],[-14,63],[21,39],[65,74],[42,158],[0,123],[50,14],[4,-118],[14,-71],[-34,-29],[2,-54],[-27,-37],[31,-55],[-10,-53],[68,4],[82,44],[87,-3],[111,56],[12,31],[60,43],[33,-41],[112,-89],[-1,-106],[56,-42],[156,8],[88,-54],[45,43]],[[27999,36987],[154,-69],[-7,-34],[80,-39],[12,44],[38,41],[35,-44],[66,2],[57,-21],[52,10],[19,-35],[41,-11],[38,-66],[7,-123],[74,-4],[67,-24],[79,36],[24,27],[75,14],[11,52],[105,8],[38,-111],[2,-95],[-44,-30],[3,-71],[79,-25],[36,-27],[2,-44],[64,16],[112,-31],[75,0],[79,-17],[64,-37],[100,-120],[102,-11],[31,38]],[[29769,36186],[-15,-101],[47,-20],[-7,-64],[-108,-34],[-32,-131],[-42,-8],[-56,-36],[-54,-107],[-32,-38],[-23,-64],[129,-86],[-24,-61],[56,-3],[29,-115],[-56,-44],[-4,-78],[-44,-11],[-7,-68],[20,-49],[108,-61],[3,-44],[59,-9],[89,-105],[37,-21],[47,-57],[-19,-25],[12,-54],[-33,-29],[-7,-44],[-71,7],[-61,-24],[14,-104],[-231,-60],[-34,6],[-31,70],[-43,12],[-16,109],[-19,35],[-57,-10],[-68,34],[-55,63],[-142,-68],[5,-45],[-28,-32],[-108,-9],[-16,19],[-73,-10],[-54,-27],[-22,-46],[-51,-19],[-16,-45],[-44,-16],[-2,-45],[-55,-58],[-23,36],[-42,-41],[12,-78],[-37,-2],[-25,-58],[-61,-31],[-66,-141],[-133,-60],[-32,12],[-35,-88],[-5,-54],[-42,-68],[69,7],[-7,-39]],[[28137,33751],[-26,20],[-59,3]],[[28052,33774],[-32,-3]],[[28020,33771],[-32,22],[8,38]],[[27996,33831],[-2,98],[-38,-14]],[[27956,33915],[-10,108],[24,3],[5,70],[-18,21],[-76,28],[-65,-34],[-75,37],[-40,1],[-11,39],[-49,-18],[-9,81],[-35,79],[-188,-61],[-54,-12],[-109,-1],[-24,39],[-90,3],[-32,62],[-73,-12],[3,-32],[-89,-41],[-46,25],[-154,-36],[-90,39],[-57,51],[-110,37],[-31,27],[-124,70],[-99,7],[-31,-46],[-104,-21],[-8,-26],[-93,-12],[-48,22],[57,42],[-45,35],[-44,-24],[-57,9]],[[25857,34474],[8,41],[-66,4],[21,80],[-21,29],[28,49],[-13,62],[-43,35],[-2,67],[49,85],[-84,138],[-71,22],[27,45],[-45,44],[-17,83],[12,97],[51,40],[-27,28],[-118,48],[-39,66],[-39,-40],[-31,56],[26,61],[-37,56],[3,49],[-58,29],[29,70],[5,62],[26,18],[47,-40],[138,-17],[36,88],[-119,73],[10,43]],[[28052,33774],[-32,-3]],[[27996,33831],[-21,2],[-19,82]],[[28360,33392],[-30,67],[-112,105],[-40,14],[-47,47],[-29,54],[35,72]],[[29769,36186],[0,36],[-32,60],[54,51],[49,-29],[101,-8],[69,-32],[48,50],[43,15],[33,65],[75,-56],[55,24],[20,64],[61,109]],[[26830,31087],[4,-78],[-24,-53],[44,-116],[-37,-56],[-61,-38],[-100,-33],[-13,-37],[11,-166],[56,-77],[35,-124],[-61,10],[-22,32],[-101,-32],[-28,34],[-29,-28],[21,-113]],[[26525,30212],[-74,0],[-71,-19],[-23,20],[-87,-12],[2,-28],[-102,-9],[-130,-21],[-49,-18],[-13,44],[-111,-30],[-11,-52],[-68,-35],[-85,-23],[-58,33]],[[25645,30062],[-22,121],[87,38],[71,51],[-18,115],[-47,63],[-60,43],[-106,-52],[-86,7],[-16,26],[-17,132],[-44,3],[-92,61],[-17,76],[81,41],[62,64],[-42,88],[-99,-1],[-31,106],[-13,103],[39,6]],[[25275,31153],[34,12],[63,-23],[82,0],[75,-84],[64,0],[20,21],[-12,52],[24,50],[169,85],[106,26],[-10,74],[-33,31],[-11,74],[74,29],[8,-78],[35,10],[85,-6],[53,66],[48,-38],[19,20],[12,123],[23,-21],[100,16],[34,-38],[39,-9],[2,-69],[61,-44],[-26,-73],[42,8],[25,-149],[28,-1],[66,-92],[25,-6],[9,-66],[-17,-44],[87,15],[-3,25],[50,30],[105,8]],[[31853,30590],[30,-122],[0,-71],[-62,-29],[-125,5],[27,-104],[-36,-86],[69,-126],[42,-58],[-19,-49],[33,-39],[-16,-66],[-94,-84],[-40,-80],[28,-81],[30,-7],[-33,-121],[21,-45],[96,-71],[6,-32],[-52,-30],[-91,-27],[-43,33],[-2,56],[-28,49],[-69,49],[-72,32],[-21,-24],[-111,-9],[-70,-23],[-128,58],[2,41],[-43,51],[5,40],[-69,67],[11,61],[74,42],[-31,73],[-53,11],[3,42],[60,77],[11,67],[71,54],[2,45],[-49,57],[60,57],[55,81],[29,12],[-30,71],[-98,65]],[[31133,30502],[-19,107],[18,68]],[[28521,30155],[24,76],[-25,63],[-6,82],[21,25],[81,36],[49,-12],[-14,61],[-54,13],[-90,-24],[-14,59],[14,78],[24,48],[75,27],[36,101],[59,19],[35,36]],[[28736,30843],[54,-133],[43,-60],[108,56],[91,-6],[58,41],[135,-99],[87,-38],[59,-72],[-33,-91],[22,-165],[-19,-74],[-103,-87],[12,-84],[56,4],[21,-88],[-71,5],[-209,-51],[-8,-49],[30,-46],[-73,-31],[-181,-34],[-87,36],[-97,23],[15,53],[100,-10],[56,29],[16,39],[-25,113],[-96,95],[-66,4],[-24,30],[-40,-19],[-46,21]],[[25094,27454],[-53,8],[-47,-48],[-149,115],[-42,64],[10,45],[-35,35],[-1,56],[-88,-7],[-19,20],[-90,-187],[-49,-38],[-37,-100],[-37,-4],[-54,39],[-10,-44],[27,-40],[-80,-17],[-34,-44],[-31,14],[-34,-25],[-35,17],[16,58],[-125,80],[-104,7],[-15,53],[-122,-16]],[[23856,27495],[-76,41],[-44,-11],[10,85],[-45,6],[1,97],[68,32],[26,-17],[54,9],[43,-33],[49,105],[85,24],[57,41],[-3,73],[92,59],[41,-52],[46,-26],[35,-44],[82,-63],[53,91],[2,93],[-11,42],[33,85],[61,36],[75,-29],[91,42],[16,59],[1,77],[18,20]],[[24716,28337],[129,-13],[69,25],[18,-62],[81,-49],[25,-41],[-30,-31],[66,-58],[24,-81],[35,-29],[3,-58],[-53,-99],[26,-58],[44,-39],[23,-84],[-28,-13],[-5,-49],[-38,-18],[-15,-40],[4,-86]],[[27236,31238],[13,-43],[59,-4],[53,-44],[55,51],[41,-9],[28,-75],[41,5],[35,33],[27,-39],[39,28],[24,-45],[96,15],[90,-43],[-64,-24],[-48,-44],[46,-88],[53,-14],[5,-87],[69,62],[55,-19],[19,-54],[-40,-140],[47,3],[22,-28],[-39,-72],[-71,-79],[-32,4],[-32,-47],[-169,13],[-38,-33],[16,-85],[-54,-63],[-69,-8],[-36,16],[-28,-29],[-72,72],[-52,107],[78,36],[-29,46],[-39,120],[-31,177],[17,154],[-108,32],[5,59],[-62,39],[64,78],[16,66]],[[23381,35700],[20,-53],[-27,-43],[-22,-80],[-45,-7],[45,-55],[64,-15],[97,-44],[-23,-53],[10,-59],[86,-55],[-20,-70],[8,-33],[-41,-43],[-16,-60],[34,-20],[-41,-104],[-30,2],[-15,-89],[5,-53],[-33,-37],[44,-43],[11,-48],[46,-63],[-6,-28],[-56,-15],[-38,-31],[-9,-87],[-55,22],[-7,-51],[46,-41],[10,-101],[-13,-70],[49,5],[17,-95],[80,-84]],[[23556,33999],[-4,-38],[-48,-67],[-114,-73],[-35,-41]],[[23355,33780],[-85,-18],[-37,-26],[16,-61],[70,-60],[14,-45],[-26,-24],[-89,-19],[-91,5],[-40,-48],[-157,-101],[-20,-37],[-88,-44],[-29,-49],[-47,10],[-33,-68],[0,-41],[82,-42],[8,-122],[-95,22],[-73,-44],[-39,-61],[-85,-57],[8,-119],[-16,-6],[-10,-107],[-79,-29],[4,33],[-39,40],[-47,8],[28,51],[-68,0],[-25,38],[-100,23],[-7,46],[-61,-9],[-83,37],[-43,-42],[-37,17],[-75,-66],[-14,-54],[52,-29],[6,-34],[43,-45],[-14,-57],[22,-32]],[[25857,34474],[-44,-69],[-114,-92],[-85,-41],[-50,9],[-38,-24],[-143,12],[-15,39],[-87,26],[-58,0],[-81,78],[-53,6],[-35,-16],[-62,10],[-18,-43],[-71,-54],[-49,-7],[-50,-109],[-60,-38],[-35,41],[-47,20],[-63,-26],[-59,53],[-148,-52],[-59,5],[-176,-14],[-83,4],[-5,-82],[-66,-14],[-95,24],[1,54],[-91,12],[-97,48],[-32,-60],[-5,-108],[-47,-13],[-17,-88],[-29,-9],[-35,43]],[[21199,28165],[52,-44],[-1,-31]],[[21972,32128],[65,24],[76,-18],[44,20],[57,1],[132,-101],[9,73],[65,40],[29,-1],[41,-61],[23,-75],[73,9],[36,36],[45,-109],[95,-9],[26,-44],[-5,-113],[19,-46],[46,8],[37,-21],[22,-67],[-53,-51],[-4,-32],[81,-27],[64,-68],[43,-1],[8,-72],[50,-39],[14,-40],[47,31],[-7,28],[44,54],[-31,39],[-24,82],[114,-11],[102,65],[19,-71],[65,3],[70,20],[34,-57],[16,-75],[44,8],[67,-28],[142,-11],[104,-37],[58,14],[-6,-83],[51,-57]],[[24019,31258],[-55,-79],[-55,-48],[-143,-22],[-13,-56],[-163,-75],[-43,-7],[-75,-45],[9,-25],[-140,-18],[-6,-31],[33,-169],[96,-29],[80,0],[-80,-93],[-30,-79],[9,-61],[-46,-77],[12,-50],[-48,-23],[7,-78],[42,-11],[18,-72],[-63,-51],[-31,27],[22,110],[-34,13],[-170,-31],[-45,-95],[7,-42],[-50,-11],[-31,-35],[-64,-160],[-32,-27],[26,-82],[31,-37]],[[22994,29689],[-29,-115],[-8,-172],[-45,13],[-21,-52],[-87,-122],[36,-48],[-12,-55],[-59,-5],[-56,-36],[-69,10],[-79,72],[-69,-47],[-135,-43],[-23,-65],[-65,-3],[-35,-47],[-76,4],[-56,21],[-45,66],[-115,-28],[29,-66],[0,-53],[51,-48],[-41,-78],[46,-57],[-57,-88],[-70,-43],[-65,-10],[9,-44],[-18,-68],[47,-56],[-22,-34],[8,-58],[-63,-140],[-74,-2],[-96,-49],[-4,-29],[-56,-45],[5,-82],[-49,50],[-15,62],[-75,-4],[-87,-73],[-61,21],[-19,60],[21,43],[-19,64],[-77,-30]],[[23355,33780],[73,-55],[1,-68],[45,-29],[-39,-31],[-16,-82],[143,-53],[58,56],[84,21],[37,43],[9,58],[168,-64],[48,10],[100,-108],[-8,-30],[44,-29],[16,-91],[214,-78],[31,-84],[13,-104],[38,-29],[12,-99],[39,-70],[-10,-54],[41,-80],[123,-39],[43,32],[22,46],[63,5],[20,-32],[-16,-114],[53,21],[25,51],[55,7],[-5,33],[67,23],[89,15],[89,1],[122,-42],[58,25],[38,-29],[94,6],[2,-98],[138,-6]],[[25576,32635],[-26,-66],[-10,-95],[23,-26],[-75,-26],[25,-111],[-12,-122],[41,-8],[-8,-69],[-34,4],[18,-74],[-174,-63],[37,-206],[-19,-25]],[[25362,31748],[-216,-31],[-140,29],[-197,-42],[-38,110],[-96,45],[-58,1],[-78,-63],[-52,-16],[-19,-83],[7,-44],[-38,-63],[52,-128],[19,-79],[-58,-37],[-51,-56],[-69,-39],[-103,34],[-148,-87],[-40,67],[-20,-8]],[[27917,32973],[-26,81],[-33,-9],[-57,22],[-16,85],[-35,43],[-40,13],[-40,-18],[-61,63],[73,54],[-87,48],[-75,-65],[34,-50],[-41,-53],[33,-20],[79,15],[-5,-63],[-63,-102],[-59,-60],[-41,3],[-76,74],[-121,93],[-20,-81],[-61,-88],[-35,20],[-65,-100],[-38,10],[9,41],[-140,49],[-182,83],[49,90],[8,58],[-36,50],[-8,45],[-165,15],[-9,66],[-26,42],[-64,1],[-2,99],[-39,29],[-119,53],[1,-47],[-70,-34],[29,-53],[11,-81],[-52,-42],[-92,1],[16,-59],[-27,-32],[-27,-83],[-116,-32],[-47,-62],[-5,-93],[69,-23],[7,-87],[-22,-14],[-14,-91],[-109,-3],[-28,-51],[-12,-131],[-55,47],[-103,-16],[-95,12]],[[22994,29689],[73,-60],[143,24],[59,47],[124,-90],[55,-62],[76,7],[37,-13],[37,-44],[32,0],[22,-86],[-3,-52],[20,-68],[-23,-30],[2,-48],[-20,-49],[36,-20],[69,-2],[32,-44],[11,-56],[-19,-51],[20,-89],[43,-115],[49,-43],[141,14],[93,-73],[41,-5],[52,-97],[29,54],[73,0],[47,-49],[75,-15],[54,9],[41,92],[5,45],[49,37],[41,-71],[54,-32],[53,-56]],[[24717,28598],[3,-92],[-34,-18],[-13,-122],[43,-29]],[[23856,27495],[-23,-58],[-61,-50],[-65,35],[-25,-17],[13,-77],[-107,-93],[42,-39],[101,-50],[42,-6],[21,-39],[51,-11],[14,-81],[-34,-43],[7,-68],[-71,-117],[-61,-20],[48,-139],[58,-60],[-20,-49],[27,-101],[41,-35],[-14,-29],[18,-55],[-54,-29],[-31,23],[-69,-31],[-98,-6],[-159,114],[-69,-5],[-22,-79],[-34,-40],[32,-34],[-18,-116],[-37,-20],[-4,-44],[-45,-11],[-16,-51],[-46,9]],[[25645,30062],[-108,0],[-55,43],[-38,-73],[-50,-9],[-3,-49],[-42,-22],[-30,-45],[-38,-142],[-81,0],[-38,-44],[-15,-61],[-87,-43],[98,-12],[36,-17],[57,3],[-34,-126],[-93,-14],[-72,8],[11,-71],[51,-3],[35,-24],[-9,-66],[-49,-39],[-17,-42],[25,-49],[-17,-53],[-115,-116],[-128,27],[-44,-31],[-61,-183],[16,-55],[-33,-14],[0,-142]],[[25362,31748],[5,-82],[29,-30],[20,-109],[-13,-38],[-117,-49],[24,-67],[11,-119],[-11,-75],[-35,-26]],[[28419,31807],[-23,-45],[-118,-25],[-55,-38],[-59,-23],[-34,17],[8,96],[-64,6],[-11,37],[-43,-7],[-5,-66],[-27,-22],[-43,14],[-46,-12],[-50,31],[-88,-17],[-212,-9],[-12,19],[-175,13],[-93,-3],[-27,43],[-122,-28],[-156,11],[-19,-83],[-2,-123],[17,-106],[28,-11],[-21,-73],[5,-39],[51,-105],[-20,-72],[-42,-51],[-83,-6],[-48,-43]],[[25094,27454],[-16,-50],[29,-45],[56,-1],[-4,45],[80,0],[27,-90],[37,63],[62,138],[-14,67],[76,111],[71,-81],[8,-59],[55,-27],[1,-54],[51,-34],[-25,-27],[31,-77],[-4,-53],[33,-32],[31,-63],[69,31],[61,8]],[[25809,27224],[-4,-109],[32,-38],[51,12],[19,-60],[23,-5]],[[25930,27024],[11,-69],[30,-43],[-38,-44],[-81,-58],[-2,-51],[41,0],[16,-139],[39,-23],[61,4],[38,20],[46,-41],[60,-14],[16,-39],[-58,-86],[-54,-39],[-66,-68],[-82,-102],[-52,-23],[-82,-75],[-10,-40],[-41,8],[-62,-24],[39,-70],[42,-10],[21,-37],[-14,-80],[-55,-36]],[[26525,30212],[27,-95],[25,-21],[41,35],[31,-46],[-51,-82],[33,-102],[169,-29],[-26,-66],[35,-51],[48,7],[9,-50],[-110,-66],[28,-72],[-26,-58],[51,1],[-1,-36],[75,-52],[79,-13],[-8,-32],[28,-51],[108,-26]],[[27090,29307],[-67,-67],[-54,-10],[-66,-78],[-7,-69],[-45,-42],[18,-65],[23,-3],[24,-62],[12,-112],[-9,-70],[-88,-46],[-103,18],[-65,-45],[-109,56],[-29,5],[-59,-27],[0,-120],[-31,-12],[-2,-85],[15,-45],[-116,-27],[-6,73],[20,112],[-21,22],[-51,-41],[11,-45],[-50,-10],[-6,-45],[32,-61],[-5,-70],[-29,-4],[-89,38],[-27,-47],[-30,30],[-39,-49],[39,-37],[34,-62],[69,70],[54,-32],[11,-83],[50,-3],[4,-64],[-29,-33],[-2,-111],[15,-31],[-7,-92],[83,-95],[43,-27],[11,-53],[-52,-57],[13,-36],[-41,-41],[18,-56],[-38,-97],[5,-37],[-97,-63],[-11,-58],[-62,20],[-62,-17],[-57,57],[-139,-91],[-85,49]],[[29493,31659],[-60,-26],[21,-61],[-5,-125],[-52,-12],[40,-80],[-36,-10],[-46,-49],[28,-55],[-119,-110],[-28,17],[-101,-2],[-16,-42],[-43,-38],[-62,-21],[14,-65],[-113,-18],[-58,-60],[-101,-25],[-20,-34]],[[28521,30155],[-72,-38],[14,-116],[-31,-58],[-72,-3],[-60,-19],[-5,-86],[-107,-25],[11,-62],[32,-11],[28,-74],[-2,-58],[41,-13],[-31,-88],[-55,33],[-64,-18],[19,-59],[-45,-46],[-10,-68]],[[28112,29346],[-27,1],[-95,-53],[-39,36],[-18,97],[-135,-23],[10,-67],[-21,-76],[-104,-40],[-53,15],[-36,-11],[-14,73],[-78,12],[-16,61],[-62,-15],[7,52],[-133,143],[-60,6],[4,-81],[26,-76],[-23,-29],[-80,-8],[-75,-56]],[[25930,27024],[40,21],[32,-53],[29,24],[49,0],[82,-36],[14,21],[60,-41],[31,32],[45,0],[-11,-84],[90,-37],[51,46],[-17,29],[9,97],[42,9],[48,41],[70,-46],[40,1],[2,71],[52,9],[81,37],[51,171],[48,-7],[29,-32],[44,5],[21,-36],[75,-64],[-67,-33],[1,-42],[34,-14],[-12,-59],[47,-47],[25,26],[41,-16],[0,-105],[81,-85],[157,-37],[-5,-78],[61,34],[-2,-52],[-26,-38],[-37,-2],[-23,-37]],[[28112,29346],[-17,-43],[33,-48],[41,-14],[52,43],[28,-15],[66,-128],[104,-33],[9,-81],[46,-47],[84,-14],[41,48],[84,-50],[40,-98]],[[28723,28866],[22,-64],[-76,-15],[-22,-75],[-34,-27],[-61,34],[-111,-53],[-75,-85],[-5,-65],[-54,-110],[96,16],[18,-73],[38,7],[76,-173],[-55,-48],[21,-94],[85,-60],[-26,-111],[31,-94],[77,21],[14,-36],[-34,-22],[14,-70],[168,20],[37,-50],[56,22],[35,-54],[30,-11],[20,53],[67,5],[76,65],[21,-16],[-25,-65],[24,-36],[0,-51],[-49,-71],[-45,2],[-28,-28],[-20,-84],[-47,-46],[-116,-79],[3,-48],[-63,-9],[-24,71],[-51,8],[-90,-19],[-28,-24],[25,-62],[-64,-35],[-69,19],[-79,-16],[33,-57],[-19,-52],[-37,-41],[2,-90],[27,-75],[35,-61],[24,-88],[-82,-71],[47,-53],[0,-75],[-55,-25],[-10,-67],[27,-50],[2,-86],[-16,-20]],[[31133,30502],[-78,1],[-64,26],[-60,9],[-119,-64],[8,-112],[18,-49],[-68,-9],[15,-65],[-150,-17],[4,-54],[-46,-26],[16,-92],[-136,15],[-90,-127],[97,-16],[-11,-31],[82,-104],[49,4],[-10,-87],[-94,8],[-22,-88],[1,-59],[40,-12],[53,-60],[-5,-49],[-50,-121],[-44,-36],[-104,30],[-57,-22],[43,-119]],[[30351,29176],[-67,-31],[-117,8],[-1,58],[-23,18],[-79,-50],[-62,-2],[-127,-32],[-32,-22],[-73,7],[-47,74],[-10,56],[-84,-9],[-57,-52],[6,-42],[46,-36],[-22,-96],[-27,-2],[-24,-50],[-107,-18],[-131,6],[-51,-31],[-22,-40],[-46,37],[-57,-14],[-43,15],[-42,-33],[-33,-62],[-43,38],[-48,-4],[-19,32],[-74,-3],[-112,-30]],[[30351,29176],[36,-25],[83,-3],[74,-32],[38,-34],[4,-40],[49,-11],[45,26],[51,-56],[-4,-62],[-104,-28],[1,-71],[-81,-14],[-43,-37],[13,-84],[-105,-49],[1,-45],[-42,-29],[-11,-67],[7,-56],[26,-55],[-31,-58],[23,-79],[-31,-104],[9,-33],[98,15],[16,-122],[-43,-40],[30,-83],[-33,-6],[17,-55],[91,-161],[71,-51],[44,43],[50,-22],[43,-104]],[[32160,30460],[-3,-24],[54,-79],[59,-21],[4,-63],[-27,-35],[-81,-45],[14,-20],[-18,-62],[12,-75],[-97,-93],[46,-37],[-7,-43],[30,-49],[-16,-50],[56,-3],[24,32],[54,-22],[61,-50],[-50,-77],[25,-70],[-18,-32],[20,-51],[-9,-63]]],"transform":{"scale":[0.00019769666673848872,0.00012057279975230285],"translate":[5.8663,47.2703]},"objects":{"germany_districts_2024":{"type":"GeometryCollection","geometries":[{"arcs":[[0,1]],"type":"Polygon","properties":{"district_id":"01001","district_name":"Flensburg"}},{"arcs":[[2,3,4]],"type":"Polygon","properties":{"district_id":"01002","district_name":"Kiel"}},{"arcs":[[5,6,7,8,9]],"type":"Polygon","properties":{"district_id":"01003","district_name":"Lübeck"}},{"arcs":[[10,11,12]],"type":"Polygon","properties":{"district_id":"01004","district_name":"Neumünster"}},{"arcs":[[[13]],[[14,15,16,17,18]]],"type":"MultiPolygon","properties":{"district_id":"01051","district_name":"Dithmarschen"}},{"arcs":[[-7,19,20,21,22,23,24]],"type":"Polygon","properties":{"district_id":"01053","district_name":"Herzogtum Lauenburg"}},{"arcs":[[[25]],[[26]],[[27]],[[28]],[[29]],[[30]],[[31]],[[32]],[[33]],[[-19,34,35]]],"type":"MultiPolygon","properties":{"district_id":"01054","district_name":"Nordfriesland"}},{"arcs":[[[36]],[[-9,37,38,39,40]]],"type":"MultiPolygon","properties":{"district_id":"01055","district_name":"Ostholstein"}},{"arcs":[[[43,44,45]],[[46]],[[47]],[[48]],[[49,50,51,52]],[[53,54,55,56]]],"type":"MultiPolygon","properties":{"district_id":"01056","district_name":"Pinneberg"}},{"arcs":[[-4,57,-40,58,-11,59]],"type":"Polygon","properties":{"district_id":"01057","district_name":"Plön"}},{"arcs":[[-5,-60,-13,60,61,-16,62,63,64,65]],"type":"Polygon","properties":{"district_id":"01058","district_name":"Rendsburg-Eckernförde"}},{"arcs":[[[-65,66]],[[-2,67,-63,-15,-36,68]]],"type":"MultiPolygon","properties":{"district_id":"01059","district_name":"Schleswig-Flensburg"}},{"arcs":[[-12,-59,-39,69,70,71,72,-54,73,-61]],"type":"Polygon","properties":{"district_id":"01060","district_name":"Segeberg"}},{"arcs":[[[75]],[[-17,-62,-74,-57,76]]],"type":"MultiPolygon","properties":{"district_id":"01061","district_name":"Steinburg"}},{"arcs":[[[-72,77]],[[-8,-25,78,-70,-38]]],"type":"MultiPolygon","properties":{"district_id":"01062","district_name":"Stormarn"}},{"arcs":[[[-44,79,80]],[[81,82,83,84]],[[85]],[[86]],[[-24,87,88,89,-55,-73,-78,-71,-79]]],"type":"MultiPolygon","properties":{"district_id":"02000","district_name":"Hamburg"}},{"arcs":[[90,91,92,93,94]],"type":"Polygon","properties":{"district_id":"03101","district_name":"Braunschweig"}},{"arcs":[[-93,95,96,97,98,99]],"type":"Polygon","properties":{"district_id":"03102","district_name":"Salzgitter"}},{"arcs":[[100,101]],"type":"Polygon","properties":{"district_id":"03103","district_name":"Wolfsburg"}},{"arcs":[[-95,102,103,104,105,106,107,108,-102,109]],"type":"Polygon","properties":{"district_id":"03151","district_name":"Gifhorn"}},{"arcs":[[-97,110,111,112,113,114,115,116]],"type":"Polygon","properties":{"district_id":"03153","district_name":"Goslar"}},{"arcs":[[-91,-110,-101,-109,117,118,119]],"type":"Polygon","properties":{"district_id":"03154","district_name":"Helmstedt"}},{"arcs":[[[120,121]],[[-115,122,123,124,125,126]]],"type":"MultiPolygon","properties":{"district_id":"03155","district_name":"Northeim"}},{"arcs":[[-94,-100,127,128,-103]],"type":"Polygon","properties":{"district_id":"03157","district_name":"Peine"}},{"arcs":[[[-98,-117,129]],[[-92,-120,130,-111,-96]]],"type":"MultiPolygon","properties":{"district_id":"03158","district_name":"Wolfenbüttel"}},{"arcs":[[-114,131,132,133,134,135,136,137,138,-122,139,-123]],"type":"Polygon","properties":{"district_id":"03159","district_name":"Göttingen"}},{"arcs":[[-104,-129,140,141,142,143,144,145]],"type":"Polygon","properties":{"district_id":"03241","district_name":"Region Hannover"}},{"arcs":[[146,147,148,149,150,151,152,153]],"type":"Polygon","properties":{"district_id":"03251","district_name":"Diepholz"}},{"arcs":[[-142,154,155,156,157]],"type":"Polygon","properties":{"district_id":"03252","district_name":"Hameln-Pyrmont"}},{"arcs":[[-99,-130,-116,-127,158,-155,-141,-128]],"type":"Polygon","properties":{"district_id":"03254","district_name":"Hildesheim"}},{"arcs":[[-126,159,160,-156,-159]],"type":"Polygon","properties":{"district_id":"03255","district_name":"Holzminden"}},{"arcs":[[-144,161,162,-148,163,164]],"type":"Polygon","properties":{"district_id":"03256","district_name":"Nienburg (Weser)"}},{"arcs":[[-143,-158,165,166,-162]],"type":"Polygon","properties":{"district_id":"03257","district_name":"Schaumburg"}},{"arcs":[[-105,-146,167,168]],"type":"Polygon","properties":{"district_id":"03351","district_name":"Celle"}},{"arcs":[[169,170,171,172,173,174,175,176],[177]],"type":"Polygon","properties":{"district_id":"03352","district_name":"Cuxhaven"}},{"arcs":[[-23,178,179,180,181,-88]],"type":"Polygon","properties":{"district_id":"03353","district_name":"Harburg"}},{"arcs":[[182,183,184,185,186,187]],"type":"Polygon","properties":{"district_id":"03354","district_name":"Lüchow-Dannenberg"}},{"arcs":[[-22,188,-188,189,190,191,192,193,194,-179]],"type":"Polygon","properties":{"district_id":"03355","district_name":"Lüneburg"}},{"arcs":[[-174,195,196,197,198]],"type":"Polygon","properties":{"district_id":"03356","district_name":"Osterholz"}},{"arcs":[[-173,199,-181,200,201,-196]],"type":"Polygon","properties":{"district_id":"03357","district_name":"Rotenburg (Wümme)"}},{"arcs":[[-145,-165,202,-201,-180,-195,203,-193,204,-191,205,-168]],"type":"Polygon","properties":{"district_id":"03358","district_name":"Heidekreis"}},{"arcs":[[[209]],[[-42,210,-45,-81,211,-84,212]],[[213]],[[-89,-182,-200,-172,214]]],"type":"MultiPolygon","properties":{"district_id":"03359","district_name":"Stade"}},{"arcs":[[[-194,-204]],[[-106,-169,-206,-190,-187,215]]],"type":"MultiPolygon","properties":{"district_id":"03360","district_name":"Uelzen"}},{"arcs":[[-147,216,-197,-202,-203,-164]],"type":"Polygon","properties":{"district_id":"03361","district_name":"Verden"}},{"arcs":[[-153,217,218,219]],"type":"Polygon","properties":{"district_id":"03401","district_name":"Delmenhorst"}},{"arcs":[[220,221,222]],"type":"Polygon","properties":{"district_id":"03402","district_name":"Emden"}},{"arcs":[[223,224,225]],"type":"Polygon","properties":{"district_id":"03403","district_name":"Oldenburg (Oldb)"}},{"arcs":[[226,227]],"type":"Polygon","properties":{"district_id":"03404","district_name":"Osnabrück"}},{"arcs":[[228,229]],"type":"Polygon","properties":{"district_id":"03405","district_name":"Wilhelmshaven"}},{"arcs":[[-226,230,231,232,233,234]],"type":"Polygon","properties":{"district_id":"03451","district_name":"Ammerland"}},{"arcs":[[[235]],[[236]],[[237]],[[238]],[[-223,239,240,241]]],"type":"MultiPolygon","properties":{"district_id":"03452","district_name":"Aurich"}},{"arcs":[[-232,242,243,244,245,246]],"type":"Polygon","properties":{"district_id":"03453","district_name":"Cloppenburg"}},{"arcs":[[-246,247,248,249,250,251]],"type":"Polygon","properties":{"district_id":"03454","district_name":"Emsland"}},{"arcs":[[[252]],[[-229,253,254,-234,255,256,257]]],"type":"MultiPolygon","properties":{"district_id":"03455","district_name":"Friesland"}},{"arcs":[[-250,258,259,260]],"type":"Polygon","properties":{"district_id":"03456","district_name":"Grafschaft Bentheim"}},{"arcs":[[[261]],[[-221,-242,262,-256,-233,-247,-252,263]]],"type":"MultiPolygon","properties":{"district_id":"03457","district_name":"Leer"}},{"arcs":[[-152,264,-243,-231,-225,265,-218]],"type":"Polygon","properties":{"district_id":"03458","district_name":"Oldenburg"}},{"arcs":[[-150,266,267,268,269,270,-228,271,-248,-245,272]],"type":"Polygon","properties":{"district_id":"03459","district_name":"Osnabrück"}},{"arcs":[[-151,-273,-244,-265]],"type":"Polygon","properties":{"district_id":"03460","district_name":"Vechta"}},{"arcs":[[-175,-199,273,-219,-266,-224,-235,-255,274,275]],"type":"Polygon","properties":{"district_id":"03461","district_name":"Wesermarsch"}},{"arcs":[[[276]],[[277]],[[-241,278,-257,-263]]],"type":"MultiPolygon","properties":{"district_id":"03462","district_name":"Wittmund"}},{"arcs":[[[279,280]],[[-154,-220,-274,-198,-217]]],"type":"MultiPolygon","properties":{"district_id":"04011","district_name":"Bremen"}},{"arcs":[[[-178]],[[-176,-276,281,-281,282]]],"type":"MultiPolygon","properties":{"district_id":"04012","district_name":"Bremerhaven"}},{"arcs":[[283,284,285]],"type":"Polygon","properties":{"district_id":"05111","district_name":"Düsseldorf"}},{"arcs":[[-286,286,287,288,289,290,291]],"type":"Polygon","properties":{"district_id":"05112","district_name":"Duisburg"}},{"arcs":[[292,293,294,295,296,297,298,299]],"type":"Polygon","properties":{"district_id":"05113","district_name":"Essen"}},{"arcs":[[-288,300,301,302]],"type":"Polygon","properties":{"district_id":"05114","district_name":"Krefeld"}},{"arcs":[[303,304,305]],"type":"Polygon","properties":{"district_id":"05116","district_name":"Mönchengladbach"}},{"arcs":[[-291,306,-297,307]],"type":"Polygon","properties":{"district_id":"05117","district_name":"Mülheim an der Ruhr"}},{"arcs":[[-290,308,309,-298,-307]],"type":"Polygon","properties":{"district_id":"05119","district_name":"Oberhausen"}},{"arcs":[[310,311,312,313]],"type":"Polygon","properties":{"district_id":"05120","district_name":"Remscheid"}},{"arcs":[[-313,314,315,316]],"type":"Polygon","properties":{"district_id":"05122","district_name":"Solingen"}},{"arcs":[[-314,-317,317,318,319]],"type":"Polygon","properties":{"district_id":"05124","district_name":"Wuppertal"}},{"arcs":[[320,321,322,323]],"type":"Polygon","properties":{"district_id":"05154","district_name":"Kleve"}},{"arcs":[[-284,-292,-308,-296,324,-318,-316,325,326,327,328]],"type":"Polygon","properties":{"district_id":"05158","district_name":"Mettmann"}},{"arcs":[[-285,-329,329,330,331,332,-304,333,-301,-287]],"type":"Polygon","properties":{"district_id":"05162","district_name":"Rhein-Kreis Neuss"}},{"arcs":[[-302,-334,-306,334,335,-323,336]],"type":"Polygon","properties":{"district_id":"05166","district_name":"Viersen"}},{"arcs":[[-289,-303,-337,-322,337,338,339,-309]],"type":"Polygon","properties":{"district_id":"05170","district_name":"Wesel"}},{"arcs":[[340,341]],"type":"Polygon","properties":{"district_id":"05314","district_name":"Bonn"}},{"arcs":[[-328,342,343,344,345,-330]],"type":"Polygon","properties":{"district_id":"05315","district_name":"Köln"}},{"arcs":[[-327,346,-343]],"type":"Polygon","properties":{"district_id":"05316","district_name":"Leverkusen"}},{"arcs":[[[347]],[[348]],[[349]],[[350]],[[351,352,353,354]]],"type":"MultiPolygon","properties":{"district_id":"05334","district_name":"Städteregion Aachen"}},{"arcs":[[-332,355,356,-355,357]],"type":"Polygon","properties":{"district_id":"05358","district_name":"Düren"}},{"arcs":[[-331,-346,358,359,-356]],"type":"Polygon","properties":{"district_id":"05362","district_name":"Rhein-Erft-Kreis"}},{"arcs":[[-352,-357,-360,360,361,362,363,364]],"type":"Polygon","properties":{"district_id":"05366","district_name":"Euskirchen"}},{"arcs":[[-305,-333,-358,-354,365,-335]],"type":"Polygon","properties":{"district_id":"05370","district_name":"Heinsberg"}},{"arcs":[[-311,-320,366,367,368,369,370,371]],"type":"Polygon","properties":{"district_id":"05374","district_name":"Oberbergischer Kreis"}},{"arcs":[[-312,-372,372,-344,-347,-326,-315]],"type":"Polygon","properties":{"district_id":"05378","district_name":"Rheinisch-Bergischer Kreis"}},{"arcs":[[-342,373,-361,-359,-345,-373,-371,374,375,376]],"type":"Polygon","properties":{"district_id":"05382","district_name":"Rhein-Sieg-Kreis"}},{"arcs":[[-299,-310,-340,377]],"type":"Polygon","properties":{"district_id":"05512","district_name":"Bottrop"}},{"arcs":[[-293,378,379,380]],"type":"Polygon","properties":{"district_id":"05513","district_name":"Gelsenkirchen"}},{"arcs":[[381,382,383]],"type":"Polygon","properties":{"district_id":"05515","district_name":"Münster"}},{"arcs":[[-260,384,385,386,-338,-321,387]],"type":"Polygon","properties":{"district_id":"05554","district_name":"Borken"}},{"arcs":[[-383,388,389,390,391,-386,392]],"type":"Polygon","properties":{"district_id":"05558","district_name":"Coesfeld"}},{"arcs":[[-300,-378,-339,-387,-392,393,394,395,396,-379]],"type":"Polygon","properties":{"district_id":"05562","district_name":"Recklinghausen"}},{"arcs":[[-227,-271,397,-384,-393,-385,-259,-249,-272]],"type":"Polygon","properties":{"district_id":"05566","district_name":"Steinfurt"}},{"arcs":[[-270,398,399,400,-389,-382,-398]],"type":"Polygon","properties":{"district_id":"05570","district_name":"Warendorf"}},{"arcs":[[401,402,403]],"type":"Polygon","properties":{"district_id":"05711","district_name":"Bielefeld"}},{"arcs":[[-269,404,-403,405,406,407,-399]],"type":"Polygon","properties":{"district_id":"05754","district_name":"Gütersloh"}},{"arcs":[[-268,408,409,-404,-405]],"type":"Polygon","properties":{"district_id":"05758","district_name":"Herford"}},{"arcs":[[-125,410,411,412,413,414,-160]],"type":"Polygon","properties":{"district_id":"05762","district_name":"Höxter"}},{"arcs":[[-157,-161,-415,415,-406,-402,-410,416,-166]],"type":"Polygon","properties":{"district_id":"05766","district_name":"Lippe"}},{"arcs":[[-149,-163,-167,-417,-409,-267]],"type":"Polygon","properties":{"district_id":"05770","district_name":"Minden-Lübbecke"}},{"arcs":[[-407,-416,-414,417,418]],"type":"Polygon","properties":{"district_id":"05774","district_name":"Paderborn"}},{"arcs":[[-294,-381,419,-396,420,421]],"type":"Polygon","properties":{"district_id":"05911","district_name":"Bochum"}},{"arcs":[[-395,422,423,424,-421]],"type":"Polygon","properties":{"district_id":"05913","district_name":"Dortmund"}},{"arcs":[[-424,425,426,427]],"type":"Polygon","properties":{"district_id":"05914","district_name":"Hagen"}},{"arcs":[[-390,-401,428,429]],"type":"Polygon","properties":{"district_id":"05915","district_name":"Hamm"}},{"arcs":[[-380,-397,-420]],"type":"Polygon","properties":{"district_id":"05916","district_name":"Herne"}},{"arcs":[[-295,-422,-425,-428,430,-367,-319,-325]],"type":"Polygon","properties":{"district_id":"05954","district_name":"Ennepe-Ruhr-Kreis"}},{"arcs":[[-413,431,432,433,434,435,-418]],"type":"Polygon","properties":{"district_id":"05958","district_name":"Hochsauerlandkreis"}},{"arcs":[[-368,-431,-427,436,437,-435,438]],"type":"Polygon","properties":{"district_id":"05962","district_name":"Märkischer Kreis"}},{"arcs":[[-369,-439,-434,439,440]],"type":"Polygon","properties":{"district_id":"05966","district_name":"Olpe"}},{"arcs":[[-433,441,442,443,444,445,-440]],"type":"Polygon","properties":{"district_id":"05970","district_name":"Siegen-Wittgenstein"}},{"arcs":[[-400,-408,-419,-436,-438,446,-429]],"type":"Polygon","properties":{"district_id":"05974","district_name":"Soest"}},{"arcs":[[-391,-430,-447,-437,-426,-423,-394]],"type":"Polygon","properties":{"district_id":"05978","district_name":"Unna"}},{"arcs":[[447,448]],"type":"Polygon","properties":{"district_id":"06411","district_name":"Darmstadt"}},{"arcs":[[449,450,451,452,453,454,455]],"type":"Polygon","properties":{"district_id":"06412","district_name":"Frankfurt am Main"}},{"arcs":[[-451,456,457]],"type":"Polygon","properties":{"district_id":"06413","district_name":"Offenbach am Main"}},{"arcs":[[458,459,460,461,462]],"type":"Polygon","properties":{"district_id":"06414","district_name":"Wiesbaden"}},{"arcs":[[[463,464]],[[465,466,467,468,469,470,471,472]]],"type":"MultiPolygon","properties":{"district_id":"06431","district_name":"Bergstraße"}},{"arcs":[[-449,473,474,475,476,-473,477,478]],"type":"Polygon","properties":{"district_id":"06432","district_name":"Darmstadt-Dieburg"}},{"arcs":[[-453,479,-478,-472,480,481,482,-460,483]],"type":"Polygon","properties":{"district_id":"06433","district_name":"Groß-Gerau"}},{"arcs":[[-455,484,485,486,487,488]],"type":"Polygon","properties":{"district_id":"06434","district_name":"Hochtaunuskreis"}},{"arcs":[[-450,489,490,491,492,493,494,495,-457]],"type":"Polygon","properties":{"district_id":"06435","district_name":"Main-Kinzig-Kreis"}},{"arcs":[[-454,-484,-459,496,-485]],"type":"Polygon","properties":{"district_id":"06436","district_name":"Main-Taunus-Kreis"}},{"arcs":[[-464,497,-466,-477,498,499,500,501,502]],"type":"Polygon","properties":{"district_id":"06437","district_name":"Odenwaldkreis"}},{"arcs":[[-448,-479,-480,-452,-458,-496,503,-474]],"type":"Polygon","properties":{"district_id":"06438","district_name":"Offenbach"}},{"arcs":[[-463,504,505,506,-486,-497]],"type":"Polygon","properties":{"district_id":"06439","district_name":"Rheingau-Taunus-Kreis"}},{"arcs":[[-456,-489,507,508,509,-490]],"type":"Polygon","properties":{"district_id":"06440","district_name":"Wetteraukreis"}},{"arcs":[[-509,510,511,512]],"type":"Polygon","properties":{"district_id":"06531","district_name":"Gießen"}},{"arcs":[[-444,513,-511,-508,-488,514,515]],"type":"Polygon","properties":{"district_id":"06532","district_name":"Lahn-Dill-Kreis"}},{"arcs":[[-487,-507,516,517,-515]],"type":"Polygon","properties":{"district_id":"06533","district_name":"Limburg-Weilburg"}},{"arcs":[[-443,518,519,520,-512,-514]],"type":"Polygon","properties":{"district_id":"06534","district_name":"Marburg-Biedenkopf"}},{"arcs":[[-491,-510,-513,-521,521,522,523]],"type":"Polygon","properties":{"district_id":"06535","district_name":"Vogelsbergkreis"}},{"arcs":[[[-138,524]],[[-136,525]]],"type":"MultiPolygon","properties":{"district_id":"06611","district_name":"Kassel"}},{"arcs":[[-492,-524,526,527,528,529,530,531,532]],"type":"Polygon","properties":{"district_id":"06631","district_name":"Fulda"}},{"arcs":[[-523,533,534,535,-527]],"type":"Polygon","properties":{"district_id":"06632","district_name":"Hersfeld-Rotenburg"}},{"arcs":[[-121,-139,-525,-137,-526,-135,536,537,538,-411,-124,-140]],"type":"Polygon","properties":{"district_id":"06633","district_name":"Kassel"}},{"arcs":[[-520,539,-538,540,-534,-522]],"type":"Polygon","properties":{"district_id":"06634","district_name":"Schwalm-Eder-Kreis"}},{"arcs":[[-412,-539,-540,-519,-442,-432]],"type":"Polygon","properties":{"district_id":"06635","district_name":"Waldeck-Frankenberg"}},{"arcs":[[-134,541,542,543,-535,-541,-537]],"type":"Polygon","properties":{"district_id":"06636","district_name":"Werra-Meißner-Kreis"}},{"arcs":[[544,545,546]],"type":"Polygon","properties":{"district_id":"07111","district_name":"Koblenz"}},{"arcs":[[-341,-377,547,548,549,-362,-374]],"type":"Polygon","properties":{"district_id":"07131","district_name":"Ahrweiler"}},{"arcs":[[-370,-441,-446,550,551,-375]],"type":"Polygon","properties":{"district_id":"07132","district_name":"Altenkirchen (Westerwald)"}},{"arcs":[[552,553,554,555,556,557]],"type":"Polygon","properties":{"district_id":"07133","district_name":"Bad Kreuznach"}},{"arcs":[[-557,558,559,560,561,562]],"type":"Polygon","properties":{"district_id":"07134","district_name":"Birkenfeld"}},{"arcs":[[563,564,565,566]],"type":"Polygon","properties":{"district_id":"07135","district_name":"Cochem-Zell"}},{"arcs":[[-547,567,568,-567,569,-549,570,571]],"type":"Polygon","properties":{"district_id":"07137","district_name":"Mayen-Koblenz"}},{"arcs":[[[572]],[[-376,-552,573,-571,-548],[574]]],"type":"MultiPolygon","properties":{"district_id":"07138","district_name":"Neuwied"}},{"arcs":[[-558,-563,575,-564,-569,576,577]],"type":"Polygon","properties":{"district_id":"07140","district_name":"Rhein-Hunsrück-Kreis"}},{"arcs":[[-506,578,-577,-568,-546,579,-517]],"type":"Polygon","properties":{"district_id":"07141","district_name":"Rhein-Lahn-Kreis"}},{"arcs":[[[-575]],[[-445,-516,-518,-580,-545,-572,-574,-551],[-573]]],"type":"MultiPolygon","properties":{"district_id":"07143","district_name":"Westerwaldkreis"}},{"arcs":[[580]],"type":"Polygon","properties":{"district_id":"07211","district_name":"Trier"}},{"arcs":[[-562,581,582,583,-565,-576]],"type":"Polygon","properties":{"district_id":"07231","district_name":"Bernkastel-Wittlich"}},{"arcs":[[-364,584,-583,585,586]],"type":"Polygon","properties":{"district_id":"07232","district_name":"Eifelkreis Bitburg-Prüm"}},{"arcs":[[-363,-550,-570,-566,-584,-585]],"type":"Polygon","properties":{"district_id":"07233","district_name":"Vulkaneifel"}},{"arcs":[[-561,587,588,589,-586,-582],[-581]],"type":"Polygon","properties":{"district_id":"07235","district_name":"Trier-Saarburg"}},{"arcs":[[590,591,592]],"type":"Polygon","properties":{"district_id":"07311","district_name":"Frankenthal (Pfalz)"}},{"arcs":[[593,594]],"type":"Polygon","properties":{"district_id":"07312","district_name":"Kaiserslautern"}},{"arcs":[[[595]],[[596,597,598]],[[599]]],"type":"MultiPolygon","properties":{"district_id":"07313","district_name":"Landau in der Pfalz"}},{"arcs":[[-592,600,601]],"type":"Polygon","properties":{"district_id":"07314","district_name":"Ludwigshafen am Rhein"}},{"arcs":[[-461,-483,602]],"type":"Polygon","properties":{"district_id":"07315","district_name":"Mainz"}},{"arcs":[[603,604,605]],"type":"Polygon","properties":{"district_id":"07316","district_name":"Neustadt an der Weinstraße"}},{"arcs":[[606]],"type":"Polygon","properties":{"district_id":"07317","district_name":"Pirmasens"}},{"arcs":[[607,608,609]],"type":"Polygon","properties":{"district_id":"07318","district_name":"Speyer"}},{"arcs":[[-470,610,611,612]],"type":"Polygon","properties":{"district_id":"07319","district_name":"Worms"}},{"arcs":[[613,614]],"type":"Polygon","properties":{"district_id":"07320","district_name":"Zweibrücken"}},{"arcs":[[-471,-613,615,616,-554,617,-481]],"type":"Polygon","properties":{"district_id":"07331","district_name":"Alzey-Worms"}},{"arcs":[[-594,618,619,-616,-612,620,-606,621,-599,622,623]],"type":"Polygon","properties":{"district_id":"07332","district_name":"Bad Dürkheim"}},{"arcs":[[-555,-617,-620,624,625]],"type":"Polygon","properties":{"district_id":"07333","district_name":"Donnersbergkreis"}},{"arcs":[[626,627,628,629,630,631,632]],"type":"Polygon","properties":{"district_id":"07334","district_name":"Germersheim"}},{"arcs":[[-595,-624,633,634,635,-625,-619]],"type":"Polygon","properties":{"district_id":"07335","district_name":"Kaiserslautern"}},{"arcs":[[-556,-626,-636,636,637,638,-559]],"type":"Polygon","properties":{"district_id":"07336","district_name":"Kusel"}},{"arcs":[[-597,-622,-605,639,-632,640,641],[-596],[-600]],"type":"Polygon","properties":{"district_id":"07337","district_name":"Südliche Weinstraße"}},{"arcs":[[-469,642,-593,-602,643,644,-610,645,-633,-640,-604,-621,-611]],"type":"Polygon","properties":{"district_id":"07338","district_name":"Rhein-Pfalz-Kreis"}},{"arcs":[[-462,-603,-482,-618,-553,-578,-579,-505]],"type":"Polygon","properties":{"district_id":"07339","district_name":"Mainz-Bingen"}},{"arcs":[[-598,-642,646,647,-615,648,-634,-623],[-607]],"type":"Polygon","properties":{"district_id":"07340","district_name":"Südwestpfalz"}},{"arcs":[[649,650,651,652]],"type":"Polygon","properties":{"district_id":"08111","district_name":"Stuttgart"}},{"arcs":[[-652,653,654,655,656,657,658]],"type":"Polygon","properties":{"district_id":"08115","district_name":"Böblingen"}},{"arcs":[[-651,659,660,661,-654]],"type":"Polygon","properties":{"district_id":"08116","district_name":"Esslingen"}},{"arcs":[[-661,662,663,664,665,666],[667]],"type":"Polygon","properties":{"district_id":"08117","district_name":"Göppingen"}},{"arcs":[[[668,669]],[[-653,-659,670,671,672]]],"type":"MultiPolygon","properties":{"district_id":"08118","district_name":"Ludwigsburg"}},{"arcs":[[-650,-673,673,-669,674,675,676,-663,-660]],"type":"Polygon","properties":{"district_id":"08119","district_name":"Rems-Murr-Kreis"}},{"arcs":[[677]],"type":"Polygon","properties":{"district_id":"08121","district_name":"Heilbronn"}},{"arcs":[[-670,-674,-672,678,679,680,681,682,683,-675],[-678]],"type":"Polygon","properties":{"district_id":"08125","district_name":"Heilbronn"}},{"arcs":[[-683,684,685,686]],"type":"Polygon","properties":{"district_id":"08126","district_name":"Hohenlohekreis"}},{"arcs":[[-676,-684,-687,687,688,689]],"type":"Polygon","properties":{"district_id":"08127","district_name":"Schwäbisch Hall"}},{"arcs":[[-686,690,691,692,693,694,695,-688]],"type":"Polygon","properties":{"district_id":"08128","district_name":"Main-Tauber-Kreis"}},{"arcs":[[-665,698,699,700,701,702]],"type":"Polygon","properties":{"district_id":"08135","district_name":"Heidenheim"}},{"arcs":[[[-668]],[[-664,-677,-690,703,704,-699]]],"type":"MultiPolygon","properties":{"district_id":"08136","district_name":"Ostalbkreis"}},{"arcs":[[705],[706]],"type":"Polygon","properties":{"district_id":"08211","district_name":"Baden-Baden"}},{"arcs":[[-628,707]],"type":"Polygon","properties":{"district_id":"08212","district_name":"Karlsruhe"}},{"arcs":[[[708,709]],[[-609,710,-680,711,712,713,-629,-708,-627,-646]]],"type":"MultiPolygon","properties":{"district_id":"08215","district_name":"Karlsruhe"}},{"arcs":[[[-707]],[[-630,-714,714,-710,715,716,717,718],[-706],[719]]],"type":"MultiPolygon","properties":{"district_id":"08216","district_name":"Rastatt"}},{"arcs":[[720,721]],"type":"Polygon","properties":{"district_id":"08221","district_name":"Heidelberg"}},{"arcs":[[-468,722,-721,723,-644,-601,-591,-643]],"type":"Polygon","properties":{"district_id":"08222","district_name":"Mannheim"}},{"arcs":[[-500,724,-691,-685,-682,725,-502,726]],"type":"Polygon","properties":{"district_id":"08225","district_name":"Neckar-Odenwald-Kreis"}},{"arcs":[[[-501,-727]],[[-465,-503,-726,-681,-711,-608,-645,-724,-722,-723,-467,-498]]],"type":"MultiPolygon","properties":{"district_id":"08226","district_name":"Rhein-Neckar-Kreis"}},{"arcs":[[727,728]],"type":"Polygon","properties":{"district_id":"08231","district_name":"Pforzheim"}},{"arcs":[[-657,729,730,-716,-709,-715,-713,731,-728,732]],"type":"Polygon","properties":{"district_id":"08235","district_name":"Calw"}},{"arcs":[[-658,-733,-729,-732,-712,-679,-671]],"type":"Polygon","properties":{"district_id":"08236","district_name":"Enzkreis"}},{"arcs":[[-717,-731,733,734,735,736]],"type":"Polygon","properties":{"district_id":"08237","district_name":"Freudenstadt"}},{"arcs":[[737,738]],"type":"Polygon","properties":{"district_id":"08311","district_name":"Freiburg im Breisgau"}},{"arcs":[[-739,739,740,741,742,743,744]],"type":"Polygon","properties":{"district_id":"08315","district_name":"Breisgau-Hochschwarzwald"}},{"arcs":[[-738,-745,745,746,747,-740]],"type":"Polygon","properties":{"district_id":"08316","district_name":"Emmendingen"}},{"arcs":[[[-720]],[[-718,-737,748,749,-747,750]]],"type":"MultiPolygon","properties":{"district_id":"08317","district_name":"Ortenaukreis"}},{"arcs":[[-736,751,752,753,-749]],"type":"Polygon","properties":{"district_id":"08325","district_name":"Rottweil"}},{"arcs":[[-741,-748,-750,-754,754,755,756,757]],"type":"Polygon","properties":{"district_id":"08326","district_name":"Schwarzwald-Baar-Kreis"}},{"arcs":[[-753,758,759,760,-755]],"type":"Polygon","properties":{"district_id":"08327","district_name":"Tuttlingen"}},{"arcs":[[[761]],[[-756,-761,762,763,764]]],"type":"MultiPolygon","properties":{"district_id":"08335","district_name":"Konstanz"}},{"arcs":[[-743,765,766]],"type":"Polygon","properties":{"district_id":"08336","district_name":"Lörrach"}},{"arcs":[[-742,-758,767,-766]],"type":"Polygon","properties":{"district_id":"08337","district_name":"Waldshut"}},{"arcs":[[-655,-662,-667,768,769,770,771,772]],"type":"Polygon","properties":{"district_id":"08415","district_name":"Reutlingen"}},{"arcs":[[-656,-773,773,-734,-730]],"type":"Polygon","properties":{"district_id":"08416","district_name":"Tübingen"}},{"arcs":[[-735,-774,-772,774,-759,-752]],"type":"Polygon","properties":{"district_id":"08417","district_name":"Zollernalbkreis"}},{"arcs":[[775,776]],"type":"Polygon","properties":{"district_id":"08421","district_name":"Ulm"}},{"arcs":[[-666,-703,777,-697,778,779,-777,780,781,-769]],"type":"Polygon","properties":{"district_id":"08425","district_name":"Alb-Donau-Kreis"}},{"arcs":[[-770,-782,782,783,784,785,786,787,788]],"type":"Polygon","properties":{"district_id":"08426","district_name":"Biberach"}},{"arcs":[[-764,789,790,791,792]],"type":"Polygon","properties":{"district_id":"08435","district_name":"Bodenseekreis"}},{"arcs":[[-788,793,794,795,796,-791,797]],"type":"Polygon","properties":{"district_id":"08436","district_name":"Ravensburg"}},{"arcs":[[-760,-775,-771,-789,-798,-790,-763]],"type":"Polygon","properties":{"district_id":"08437","district_name":"Sigmaringen"}},{"arcs":[[798,799,800]],"type":"Polygon","properties":{"district_id":"09161","district_name":"Ingolstadt"}},{"arcs":[[801,802,803]],"type":"Polygon","properties":{"district_id":"09162","district_name":"München"}},{"arcs":[[804]],"type":"Polygon","properties":{"district_id":"09163","district_name":"Rosenheim"}},{"arcs":[[805,806,807,808]],"type":"Polygon","properties":{"district_id":"09171","district_name":"Altötting"}},{"arcs":[[809,810]],"type":"Polygon","properties":{"district_id":"09172","district_name":"Berchtesgadener Land"}},{"arcs":[[811,812,813,814,815,816]],"type":"Polygon","properties":{"district_id":"09173","district_name":"Bad Tölz-Wolfratshausen"}},{"arcs":[[-803,817,818,819,820,821]],"type":"Polygon","properties":{"district_id":"09174","district_name":"Dachau"}},{"arcs":[[822,823,824,825]],"type":"Polygon","properties":{"district_id":"09175","district_name":"Ebersberg"}},{"arcs":[[-801,826,827,828,829,830,831,832]],"type":"Polygon","properties":{"district_id":"09176","district_name":"Eichstätt"}},{"arcs":[[-826,833,834,835,836]],"type":"Polygon","properties":{"district_id":"09177","district_name":"Erding"}},{"arcs":[[-821,837,838,839,-835,840]],"type":"Polygon","properties":{"district_id":"09178","district_name":"Freising"}},{"arcs":[[-802,841,842,843,844,-818]],"type":"Polygon","properties":{"district_id":"09179","district_name":"Fürstenfeldbruck"}},{"arcs":[[-814,845,846,847]],"type":"Polygon","properties":{"district_id":"09180","district_name":"Garmisch-Partenkirchen"}},{"arcs":[[-844,848,849,850,851,852]],"type":"Polygon","properties":{"district_id":"09181","district_name":"Landsberg am Lech"}},{"arcs":[[-812,853,854,855]],"type":"Polygon","properties":{"district_id":"09182","district_name":"Miesbach"}},{"arcs":[[-808,856,857,-823,-837,858,859]],"type":"Polygon","properties":{"district_id":"09183","district_name":"Mühldorf a.Inn"}},{"arcs":[[-804,-822,-841,-834,-825,860,-854,-817,861,-842]],"type":"Polygon","properties":{"district_id":"09184","district_name":"München"}},{"arcs":[[-800,862,863,864,-827]],"type":"Polygon","properties":{"district_id":"09185","district_name":"Neuburg-Schrobenhausen"}},{"arcs":[[-799,-833,865,-838,-820,866,-863]],"type":"Polygon","properties":{"district_id":"09186","district_name":"Pfaffenhofen a.d.Ilm"}},{"arcs":[[[867]],[[-824,-858,868,869,-855,-861],[-805]]],"type":"MultiPolygon","properties":{"district_id":"09187","district_name":"Rosenheim"}},{"arcs":[[-816,870,-849,-843,-862]],"type":"Polygon","properties":{"district_id":"09188","district_name":"Starnberg"}},{"arcs":[[-807,871,-810,872,-869,-857],[-868]],"type":"Polygon","properties":{"district_id":"09189","district_name":"Traunstein"}},{"arcs":[[-815,-848,873,-850,-871]],"type":"Polygon","properties":{"district_id":"09190","district_name":"Weilheim-Schongau"}},{"arcs":[[874]],"type":"Polygon","properties":{"district_id":"09261","district_name":"Landshut"}},{"arcs":[[875,876]],"type":"Polygon","properties":{"district_id":"09262","district_name":"Passau"}},{"arcs":[[877]],"type":"Polygon","properties":{"district_id":"09263","district_name":"Straubing"}},{"arcs":[[878,879,880,881,882,883]],"type":"Polygon","properties":{"district_id":"09271","district_name":"Deggendorf"}},{"arcs":[[-879,884,885,886]],"type":"Polygon","properties":{"district_id":"09272","district_name":"Freyung-Grafenau"}},{"arcs":[[-832,887,888,889,-839,-866]],"type":"Polygon","properties":{"district_id":"09273","district_name":"Kelheim"}},{"arcs":[[-836,-840,-890,890,891,892,893,-859],[-875]],"type":"Polygon","properties":{"district_id":"09274","district_name":"Landshut"}},{"arcs":[[-877,894,895,-880,-887,896]],"type":"Polygon","properties":{"district_id":"09275","district_name":"Passau"}},{"arcs":[[-884,897,898,899,-885]],"type":"Polygon","properties":{"district_id":"09276","district_name":"Regen"}},{"arcs":[[-809,-860,-894,900,-881,-896,901]],"type":"Polygon","properties":{"district_id":"09277","district_name":"Rottal-Inn"}},{"arcs":[[-883,902,-892,903,904,-898],[-878]],"type":"Polygon","properties":{"district_id":"09278","district_name":"Straubing-Bogen"}},{"arcs":[[-882,-901,-893,-903]],"type":"Polygon","properties":{"district_id":"09279","district_name":"Dingolfing-Landau"}},{"arcs":[[905]],"type":"Polygon","properties":{"district_id":"09361","district_name":"Amberg"}},{"arcs":[[906]],"type":"Polygon","properties":{"district_id":"09362","district_name":"Regensburg"}},{"arcs":[[907]],"type":"Polygon","properties":{"district_id":"09363","district_name":"Weiden i.d.OPf."}},{"arcs":[[908,909,910,911,912],[-906]],"type":"Polygon","properties":{"district_id":"09371","district_name":"Amberg-Sulzbach"}},{"arcs":[[-899,-905,913,914,915]],"type":"Polygon","properties":{"district_id":"09372","district_name":"Cham"}},{"arcs":[[-831,916,917,-911,918,919,-888]],"type":"Polygon","properties":{"district_id":"09373","district_name":"Neumarkt i.d.OPf."}},{"arcs":[[-909,920,921,922,923],[-908]],"type":"Polygon","properties":{"district_id":"09374","district_name":"Neustadt a.d.Waldnaab"}},{"arcs":[[-889,-920,924,-914,-904,-891],[-907]],"type":"Polygon","properties":{"district_id":"09375","district_name":"Regensburg"}},{"arcs":[[-910,-924,925,-915,-925,-919]],"type":"Polygon","properties":{"district_id":"09376","district_name":"Schwandorf"}},{"arcs":[[-922,926,927,928]],"type":"Polygon","properties":{"district_id":"09377","district_name":"Tirschenreuth"}},{"arcs":[[929]],"type":"Polygon","properties":{"district_id":"09461","district_name":"Bamberg"}},{"arcs":[[930]],"type":"Polygon","properties":{"district_id":"09462","district_name":"Bayreuth"}},{"arcs":[[931]],"type":"Polygon","properties":{"district_id":"09463","district_name":"Coburg"}},{"arcs":[[932]],"type":"Polygon","properties":{"district_id":"09464","district_name":"Hof"}},{"arcs":[[933,934,935,936,937,938,939,940,941],[-930]],"type":"Polygon","properties":{"district_id":"09471","district_name":"Bamberg"}},{"arcs":[[-913,942,943,-935,944,945,946,947,-927,-921],[-931]],"type":"Polygon","properties":{"district_id":"09472","district_name":"Bayreuth"}},{"arcs":[[-942,948,949,950,951,952],[-932]],"type":"Polygon","properties":{"district_id":"09473","district_name":"Coburg"}},{"arcs":[[-936,-944,953,954]],"type":"Polygon","properties":{"district_id":"09474","district_name":"Forchheim"}},{"arcs":[[-947,955,956,957,958,959,960],[-933]],"type":"Polygon","properties":{"district_id":"09475","district_name":"Hof"}},{"arcs":[[-952,961,962,963,-957,964,965]],"type":"Polygon","properties":{"district_id":"09476","district_name":"Kronach"}},{"arcs":[[-946,966,-965,-956]],"type":"Polygon","properties":{"district_id":"09477","district_name":"Kulmbach"}},{"arcs":[[-934,-953,-966,-967,-945]],"type":"Polygon","properties":{"district_id":"09478","district_name":"Lichtenfels"}},{"arcs":[[-928,-948,-961,967]],"type":"Polygon","properties":{"district_id":"09479","district_name":"Wunsiedel i.Fichtelgebirge"}},{"arcs":[[968]],"type":"Polygon","properties":{"district_id":"09561","district_name":"Ansbach"}},{"arcs":[[969,970,971,972]],"type":"Polygon","properties":{"district_id":"09562","district_name":"Erlangen"}},{"arcs":[[-971,973,974]],"type":"Polygon","properties":{"district_id":"09563","district_name":"Fürth"}},{"arcs":[[[975]],[[-970,976,977,978,979,980,981,-974]]],"type":"MultiPolygon","properties":{"district_id":"09564","district_name":"Nürnberg"}},{"arcs":[[-980,982]],"type":"Polygon","properties":{"district_id":"09565","district_name":"Schwabach"}},{"arcs":[[-689,-696,983,984,985,986,987,-704],[-969]],"type":"Polygon","properties":{"district_id":"09571","district_name":"Ansbach"}},{"arcs":[[-937,-955,988,-977,-973,989,990]],"type":"Polygon","properties":{"district_id":"09572","district_name":"Erlangen-Höchstadt"}},{"arcs":[[-972,-975,-982,991,-985,992,-990]],"type":"Polygon","properties":{"district_id":"09573","district_name":"Fürth"}},{"arcs":[[-912,-918,993,-978,-989,-954,-943],[-976]],"type":"Polygon","properties":{"district_id":"09574","district_name":"Nürnberger Land"}},{"arcs":[[-695,994,995,-938,-991,-993,-984]],"type":"Polygon","properties":{"district_id":"09575","district_name":"Neustadt a.d.Aisch-Bad Windsheim"}},{"arcs":[[-830,996,-986,-992,-981,-983,-979,-994,-917]],"type":"Polygon","properties":{"district_id":"09576","district_name":"Roth"}},{"arcs":[[-829,997,-987,-997]],"type":"Polygon","properties":{"district_id":"09577","district_name":"Weißenburg-Gunzenhausen"}},{"arcs":[[998,999]],"type":"Polygon","properties":{"district_id":"09661","district_name":"Aschaffenburg"}},{"arcs":[[1000]],"type":"Polygon","properties":{"district_id":"09662","district_name":"Schweinfurt"}},{"arcs":[[1001]],"type":"Polygon","properties":{"district_id":"09663","district_name":"Würzburg"}},{"arcs":[[-475,-504,-495,1002,1003,-1000,1004]],"type":"Polygon","properties":{"district_id":"09671","district_name":"Aschaffenburg"}},{"arcs":[[-493,-533,1005,1006,1007]],"type":"Polygon","properties":{"district_id":"09672","district_name":"Bad Kissingen"}},{"arcs":[[-532,1008,1009,1010,1011,-1006]],"type":"Polygon","properties":{"district_id":"09673","district_name":"Rhön-Grabfeld"}},{"arcs":[[-941,1012,-1011,1013,-949]],"type":"Polygon","properties":{"district_id":"09674","district_name":"Haßberge"}},{"arcs":[[-939,-996,1014,1015]],"type":"Polygon","properties":{"district_id":"09675","district_name":"Kitzingen"}},{"arcs":[[-476,-1005,-999,-1004,1016,-692,-725,-499]],"type":"Polygon","properties":{"district_id":"09676","district_name":"Miltenberg"}},{"arcs":[[-494,-1008,1017,1018,-693,-1017,-1003]],"type":"Polygon","properties":{"district_id":"09677","district_name":"Main-Spessart"}},{"arcs":[[-940,-1016,1019,-1018,-1007,-1012,-1013],[-1001]],"type":"Polygon","properties":{"district_id":"09678","district_name":"Schweinfurt"}},{"arcs":[[-694,-1019,-1020,-1015,-995],[-1002]],"type":"Polygon","properties":{"district_id":"09679","district_name":"Würzburg"}},{"arcs":[[1020,1021]],"type":"Polygon","properties":{"district_id":"09761","district_name":"Augsburg"}},{"arcs":[[1022]],"type":"Polygon","properties":{"district_id":"09762","district_name":"Kaufbeuren"}},{"arcs":[[1023]],"type":"Polygon","properties":{"district_id":"09763","district_name":"Kempten (Allgäu)"}},{"arcs":[[-785,1024,-794,-787,1025]],"type":"Polygon","properties":{"district_id":"09764","district_name":"Memmingen"}},{"arcs":[[-819,-845,-853,1026,-1022,1027,1028,-864,-867]],"type":"Polygon","properties":{"district_id":"09771","district_name":"Aichach-Friedberg"}},{"arcs":[[-852,1029,1030,1031,1032,1033,-1028,-1021,-1027]],"type":"Polygon","properties":{"district_id":"09772","district_name":"Augsburg"}},{"arcs":[[-701,1034,-1033,1035]],"type":"Polygon","properties":{"district_id":"09773","district_name":"Dillingen a.d.Donau"}},{"arcs":[[-698,-778,-702,-1036,-1032,1036,1037,-779]],"type":"Polygon","properties":{"district_id":"09774","district_name":"Günzburg"}},{"arcs":[[-776,-780,-1038,1038,-783,-781]],"type":"Polygon","properties":{"district_id":"09775","district_name":"Neu-Ulm"}},{"arcs":[[-792,-797,1039,1040]],"type":"Polygon","properties":{"district_id":"09776","district_name":"Lindau (Bodensee)"}},{"arcs":[[-847,1041,1042,1043,1044,-1030,-851,-874],[-1023]],"type":"Polygon","properties":{"district_id":"09777","district_name":"Ostallgäu"}},{"arcs":[[[-786,-1026]],[[-784,-1039,-1037,-1031,-1045,1045,-795,-1025]]],"type":"MultiPolygon","properties":{"district_id":"09778","district_name":"Unterallgäu"}},{"arcs":[[-700,-705,-988,-998,-828,-865,-1029,-1034,-1035]],"type":"Polygon","properties":{"district_id":"09779","district_name":"Donau-Ries"}},{"arcs":[[-796,-1046,-1044,1046,1047,-1040],[-1024]],"type":"Polygon","properties":{"district_id":"09780","district_name":"Oberallgäu"}},{"arcs":[[1048,1049,1050,1051]],"type":"Polygon","properties":{"district_id":"10041","district_name":"Regionalverband Saarbrücken"}},{"arcs":[[-589,1052,1053,1054]],"type":"Polygon","properties":{"district_id":"10042","district_name":"Merzig-Wadern"}},{"arcs":[[-638,1055,-1052,1056,1057]],"type":"Polygon","properties":{"district_id":"10043","district_name":"Neunkirchen"}},{"arcs":[[-1051,1058,-1054,1059,-1057]],"type":"Polygon","properties":{"district_id":"10044","district_name":"Saarlouis"}},{"arcs":[[-614,-648,1060,-1049,-1056,-637,-635,-649]],"type":"Polygon","properties":{"district_id":"10045","district_name":"Saarpfalz-Kreis"}},{"arcs":[[-560,-639,-1058,-1060,-1053,-588]],"type":"Polygon","properties":{"district_id":"10046","district_name":"St. Wendel"}},{"arcs":[[1061,1062,1063,1064,1065,1066,1067,1068,1069]],"type":"Polygon","properties":{"district_id":"11000","district_name":"Berlin"}},{"arcs":[[[1070,1071]],[[1072,1073]]],"type":"MultiPolygon","properties":{"district_id":"12051","district_name":"Brandenburg an der Havel"}},{"arcs":[[1074]],"type":"Polygon","properties":{"district_id":"12052","district_name":"Cottbus"}},{"arcs":[[1075,1076,1077]],"type":"Polygon","properties":{"district_id":"12053","district_name":"Frankfurt (Oder)"}},{"arcs":[[-1067,1078,1079]],"type":"Polygon","properties":{"district_id":"12054","district_name":"Potsdam"}},{"arcs":[[-1070,1080,1081,1082,1083]],"type":"Polygon","properties":{"district_id":"12060","district_name":"Barnim"}},{"arcs":[[-1064,1084,1085,1086,1087,1088]],"type":"Polygon","properties":{"district_id":"12061","district_name":"Dahme-Spreewald"}},{"arcs":[[-1088,1089,1090,1091,1092,1093]],"type":"Polygon","properties":{"district_id":"12062","district_name":"Elbe-Elster"}},{"arcs":[[-1068,-1080,1094,-1071,1095,-1073,1096,1097,1098,1099,1100]],"type":"Polygon","properties":{"district_id":"12063","district_name":"Havelland"}},{"arcs":[[-1062,-1084,1101,-1078,1102]],"type":"Polygon","properties":{"district_id":"12064","district_name":"Märkisch-Oderland"}},{"arcs":[[-1069,-1101,1103,1104,1105,-1081]],"type":"Polygon","properties":{"district_id":"12065","district_name":"Oberhavel"}},{"arcs":[[-1087,1106,1107,1108,-1090]],"type":"Polygon","properties":{"district_id":"12066","district_name":"Oberspreewald-Lausitz"}},{"arcs":[[-1063,-1103,-1077,1109,1110,-1085]],"type":"Polygon","properties":{"district_id":"12067","district_name":"Oder-Spree"}},{"arcs":[[-1100,1111,1112,1113,1114,-1104]],"type":"Polygon","properties":{"district_id":"12068","district_name":"Ostprignitz-Ruppin"}},{"arcs":[[-1066,1115,1116,1117,1118,-1097,-1074,-1096,-1072,-1095,-1079]],"type":"Polygon","properties":{"district_id":"12069","district_name":"Potsdam-Mittelmark"}},{"arcs":[[-184,1119,-1113,1120]],"type":"Polygon","properties":{"district_id":"12070","district_name":"Prignitz"}},{"arcs":[[-1086,-1111,1121,1122,1123,-1107],[-1075]],"type":"Polygon","properties":{"district_id":"12071","district_name":"Spree-Neiße"}},{"arcs":[[-1065,-1089,-1094,1124,-1116]],"type":"Polygon","properties":{"district_id":"12072","district_name":"Teltow-Fläming"}},{"arcs":[[-1082,-1106,1125,1126,1127]],"type":"Polygon","properties":{"district_id":"12073","district_name":"Uckermark"}},{"arcs":[[1128,1129]],"type":"Polygon","properties":{"district_id":"13003","district_name":"Rostock"}},{"arcs":[[1130,1131]],"type":"Polygon","properties":{"district_id":"13004","district_name":"Schwerin"}},{"arcs":[[-1105,-1115,1132,1133,1134,1135,-1126]],"type":"Polygon","properties":{"district_id":"13071","district_name":"Mecklenburgische Seenplatte"}},{"arcs":[[-1130,1136,1137,-1134,1138,1139,1140]],"type":"Polygon","properties":{"district_id":"13072","district_name":"Rostock"}},{"arcs":[[[1141]],[[1142]],[[1143]],[[1144]],[[1145]],[[1146]],[[1147]],[[1148]],[[1149]],[[1150]],[[-1135,-1138,1151,1152]]],"type":"MultiPolygon","properties":{"district_id":"13073","district_name":"Vorpommern-Rügen"}},{"arcs":[[[1153]],[[-6,1154,-1140,1155,-1132,1156,-20],[1157]]],"type":"MultiPolygon","properties":{"district_id":"13074","district_name":"Nordwestmecklenburg"}},{"arcs":[[[1158]],[[1159]],[[1160]],[[1161]],[[-1127,-1136,-1153,1162]]],"type":"MultiPolygon","properties":{"district_id":"13075","district_name":"Vorpommern-Greifswald"}},{"arcs":[[[-1158]],[[-21,-1157,-1131,-1156,-1139,-1133,-1114,-1120,-183,-189]]],"type":"MultiPolygon","properties":{"district_id":"13076","district_name":"Ludwigslust-Parchim"}},{"arcs":[[1163,1164,1165]],"type":"Polygon","properties":{"district_id":"14511","district_name":"Chemnitz"}},{"arcs":[[-1164,1166,1167,1168,1169]],"type":"Polygon","properties":{"district_id":"14521","district_name":"Erzgebirgskreis"}},{"arcs":[[-1166,1170,1171,1172,1173,1174,1175,1176,-1167]],"type":"Polygon","properties":{"district_id":"14522","district_name":"Mittelsachsen"}},{"arcs":[[-959,1177,1178,1179,-1169,1180]],"type":"Polygon","properties":{"district_id":"14523","district_name":"Vogtlandkreis"}},{"arcs":[[-1165,-1170,-1180,1181,1182,-1171]],"type":"Polygon","properties":{"district_id":"14524","district_name":"Zwickau"}},{"arcs":[[1183,1184,1185]],"type":"Polygon","properties":{"district_id":"14612","district_name":"Dresden"}},{"arcs":[[-1108,-1124,1186,1187,1188,-1184,1189]],"type":"Polygon","properties":{"district_id":"14625","district_name":"Bautzen"}},{"arcs":[[-1123,1190,-1187]],"type":"Polygon","properties":{"district_id":"14626","district_name":"Görlitz"}},{"arcs":[[-1091,-1109,-1190,-1186,1191,-1175,1192]],"type":"Polygon","properties":{"district_id":"14627","district_name":"Meißen"}},{"arcs":[[-1176,-1192,-1185,-1189,1193]],"type":"Polygon","properties":{"district_id":"14628","district_name":"Sächsische Schweiz-Osterzgebirge"}},{"arcs":[[1194,1195]],"type":"Polygon","properties":{"district_id":"14713","district_name":"Leipzig"}},{"arcs":[[-1173,1196,1197,1198,1199,-1195,1200]],"type":"Polygon","properties":{"district_id":"14729","district_name":"Leipzig"}},{"arcs":[[-1092,-1193,-1174,-1201,-1196,-1200,1201,1202,1203]],"type":"Polygon","properties":{"district_id":"14730","district_name":"Nordsachsen"}},{"arcs":[[1204,1205]],"type":"Polygon","properties":{"district_id":"15001","district_name":"Dessau-Roßlau"}},{"arcs":[[1206]],"type":"Polygon","properties":{"district_id":"15002","district_name":"Halle (Saale)"}},{"arcs":[[1207,1208,1209,1210,1211]],"type":"Polygon","properties":{"district_id":"15003","district_name":"Magdeburg"}},{"arcs":[[-107,-216,-186,1212,1213]],"type":"Polygon","properties":{"district_id":"15081","district_name":"Altmarkkreis Salzwedel"}},{"arcs":[[-1118,1214,-1206,1215,-1203,1216,1217,1218]],"type":"Polygon","properties":{"district_id":"15082","district_name":"Anhalt-Bitterfeld"}},{"arcs":[[-108,-1214,1219,1220,1221,1222,-1212,1223,1224,-118]],"type":"Polygon","properties":{"district_id":"15083","district_name":"Börde"}},{"arcs":[[-1198,1225,1226,1227,1228,1229,1230,1231,1232]],"type":"Polygon","properties":{"district_id":"15084","district_name":"Burgenlandkreis"}},{"arcs":[[-112,-131,-119,-1225,1233,1234,1235]],"type":"Polygon","properties":{"district_id":"15085","district_name":"Harz"}},{"arcs":[[-1098,-1119,-1219,1236,-1210,1237,-1208,-1223,1238,-1221,1239]],"type":"Polygon","properties":{"district_id":"15086","district_name":"Jerichower Land"}},{"arcs":[[-1235,1240,1241,1242,1243,1244,1245,1246,1247]],"type":"Polygon","properties":{"district_id":"15087","district_name":"Mansfeld-Südharz"}},{"arcs":[[[-1246,1249]],[[-1199,-1233,1250,-1242,1251,-1217,-1202],[-1207]]],"type":"MultiPolygon","properties":{"district_id":"15088","district_name":"Saalekreis"}},{"arcs":[[[-1209,-1238]],[[-1211,-1237,-1218,-1252,-1241,-1234,-1224]]],"type":"MultiPolygon","properties":{"district_id":"15089","district_name":"Salzlandkreis"}},{"arcs":[[[-1222,-1239]],[[-185,-1121,-1112,-1099,-1240,-1220,-1213]]],"type":"MultiPolygon","properties":{"district_id":"15090","district_name":"Stendal"}},{"arcs":[[-1093,-1204,-1216,-1205,-1215,-1117,-1125]],"type":"Polygon","properties":{"district_id":"15091","district_name":"Wittenberg"}},{"arcs":[[1252,1253,1254,1255]],"type":"Polygon","properties":{"district_id":"16051","district_name":"Erfurt"}},{"arcs":[[-1228,1256,1257]],"type":"Polygon","properties":{"district_id":"16052","district_name":"Gera"}},{"arcs":[[1258,1259]],"type":"Polygon","properties":{"district_id":"16053","district_name":"Jena"}},{"arcs":[[1260,1261,1262]],"type":"Polygon","properties":{"district_id":"16054","district_name":"Suhl"}},{"arcs":[[1263]],"type":"Polygon","properties":{"district_id":"16055","district_name":"Weimar"}},{"arcs":[[-133,1264,1265,1266,-542]],"type":"Polygon","properties":{"district_id":"16061","district_name":"Eichsfeld"}},{"arcs":[[-113,-1236,-1248,1267,-1265,-132]],"type":"Polygon","properties":{"district_id":"16062","district_name":"Nordhausen"}},{"arcs":[[[-530,1268]],[[-528,-536,-544,1269,1270,1271]]],"type":"MultiPolygon","properties":{"district_id":"16063","district_name":"Wartburgkreis"}},{"arcs":[[-543,-1267,1272,1273,1274,-1270]],"type":"Polygon","properties":{"district_id":"16064","district_name":"Unstrut-Hainich-Kreis"}},{"arcs":[[-1232,1275,-1273,-1266,-1268,-1247,-1250,-1245,-1249,-1243,-1251]],"type":"Polygon","properties":{"district_id":"16065","district_name":"Kyffhäuserkreis"}},{"arcs":[[-529,-1272,1276,1277,-1262,1278,-1009,-531,-1269]],"type":"Polygon","properties":{"district_id":"16066","district_name":"Schmalkalden-Meiningen"}},{"arcs":[[-1255,1279,-1277,-1271,-1275,1280]],"type":"Polygon","properties":{"district_id":"16067","district_name":"Gotha"}},{"arcs":[[-1231,1281,-1256,-1281,-1274,-1276]],"type":"Polygon","properties":{"district_id":"16068","district_name":"Sömmerda"}},{"arcs":[[-950,-1014,-1010,-1279,-1261,1282,1283,1284]],"type":"Polygon","properties":{"district_id":"16069","district_name":"Hildburghausen"}},{"arcs":[[-1254,1285,1286,-1283,-1263,-1278,-1280]],"type":"Polygon","properties":{"district_id":"16070","district_name":"Ilm-Kreis"}},{"arcs":[[-1230,1287,-1259,1288,1289,-1286,-1253,-1282],[-1264]],"type":"Polygon","properties":{"district_id":"16071","district_name":"Weimarer Land"}},{"arcs":[[-951,-1285,1290,-962]],"type":"Polygon","properties":{"district_id":"16072","district_name":"Sonneberg"}},{"arcs":[[-963,-1291,-1284,-1287,-1290,1291,1292]],"type":"Polygon","properties":{"district_id":"16073","district_name":"Saalfeld-Rudolstadt"}},{"arcs":[[-1229,-1258,1293,1294,-1292,-1289,-1260,-1288]],"type":"Polygon","properties":{"district_id":"16074","district_name":"Saale-Holzland-Kreis"}},{"arcs":[[-958,-964,-1293,-1295,1295,-1178]],"type":"Polygon","properties":{"district_id":"16075","district_name":"Saale-Orla-Kreis"}},{"arcs":[[-1179,-1296,-1294,-1257,-1227,1296,-1182]],"type":"Polygon","properties":{"district_id":"16076","district_name":"Greiz"}},{"arcs":[[-1172,-1183,-1297,-1226,-1197]],"type":"Polygon","properties":{"district_id":"16077","district_name":"Altenburger Land"}}]}}}